Candidate_ID,Pred_pChEMBL_Mean,Epistemic_Uncertainty_Std,Confidence_Group
WT_Cand_1,7.421,0.071,High-Confidence (Std <= 0.20)
WT_Cand_2,6.691,0.028,High-Confidence (Std <= 0.20)
WT_Cand_3,7.595,0.116,High-Confidence (Std <= 0.20)
WT_Cand_4,8.601,0.085,High-Confidence (Std <= 0.20)
WT_Cand_5,6.581,0.146,High-Confidence (Std <= 0.20)
WT_Cand_6,6.581,0.45,Low-Confidence (Filtered Out)
WT_Cand_7,8.666,0.307,Low-Confidence (Filtered Out)
WT_Cand_8,7.733,0.261,Low-Confidence (Filtered Out)
WT_Cand_9,6.31,0.015,High-Confidence (Std <= 0.20)
WT_Cand_10,7.474,0.26,Low-Confidence (Filtered Out)
WT_Cand_11,6.317,0.246,Low-Confidence (Filtered Out)
WT_Cand_12,6.314,0.182,High-Confidence (Std <= 0.20)
WT_Cand_13,7.128,0.116,High-Confidence (Std <= 0.20)
WT_Cand_14,4.65,0.057,High-Confidence (Std <= 0.20)
WT_Cand_15,4.866,0.148,High-Confidence (Std <= 0.20)
WT_Cand_16,6.203,0.208,Low-Confidence (Filtered Out)
WT_Cand_17,5.685,0.266,Low-Confidence (Filtered Out)
WT_Cand_18,7.211,0.069,High-Confidence (Std <= 0.20)
WT_Cand_19,5.806,0.098,High-Confidence (Std <= 0.20)
WT_Cand_20,5.226,0.102,High-Confidence (Std <= 0.20)
WT_Cand_21,8.535,0.025,High-Confidence (Std <= 0.20)
WT_Cand_22,6.59,0.367,Low-Confidence (Filtered Out)
WT_Cand_23,6.928,0.394,Low-Confidence (Filtered Out)
WT_Cand_24,5.212,0.062,High-Confidence (Std <= 0.20)
WT_Cand_25,6.224,0.522,Low-Confidence (Filtered Out)
WT_Cand_26,6.978,0.12,High-Confidence (Std <= 0.20)
WT_Cand_27,5.526,0.263,Low-Confidence (Filtered Out)
WT_Cand_28,7.282,0.25,Low-Confidence (Filtered Out)
WT_Cand_29,6.159,0.004,High-Confidence (Std <= 0.20)
WT_Cand_30,6.515,0.154,High-Confidence (Std <= 0.20)
WT_Cand_31,6.158,0.057,High-Confidence (Std <= 0.20)
WT_Cand_32,8.98,0.011,High-Confidence (Std <= 0.20)
WT_Cand_33,6.834,0.174,High-Confidence (Std <= 0.20)
WT_Cand_34,5.634,0.234,Low-Confidence (Filtered Out)
WT_Cand_35,7.796,0.081,High-Confidence (Std <= 0.20)
WT_Cand_36,5.446,0.164,High-Confidence (Std <= 0.20)
WT_Cand_37,7.09,0.381,Low-Confidence (Filtered Out)
WT_Cand_38,4.596,0.119,High-Confidence (Std <= 0.20)
WT_Cand_39,5.323,0.034,High-Confidence (Std <= 0.20)
WT_Cand_40,7.076,0.285,Low-Confidence (Filtered Out)
WT_Cand_41,7.699,0.102,High-Confidence (Std <= 0.20)
WT_Cand_42,7.047,0.075,High-Confidence (Std <= 0.20)
WT_Cand_43,6.717,0.111,High-Confidence (Std <= 0.20)
WT_Cand_44,6.504,0.107,High-Confidence (Std <= 0.20)
WT_Cand_45,5.15,0.018,High-Confidence (Std <= 0.20)
WT_Cand_46,6.022,0.187,High-Confidence (Std <= 0.20)
WT_Cand_47,6.32,0.184,High-Confidence (Std <= 0.20)
WT_Cand_48,8.066,0.114,High-Confidence (Std <= 0.20)
WT_Cand_49,7.245,0.172,High-Confidence (Std <= 0.20)
WT_Cand_50,4.823,0.247,Low-Confidence (Filtered Out)
WT_Cand_51,7.223,0.182,High-Confidence (Std <= 0.20)
WT_Cand_52,6.407,0.072,High-Confidence (Std <= 0.20)
WT_Cand_53,6.072,0.056,High-Confidence (Std <= 0.20)
WT_Cand_54,7.553,0.579,Low-Confidence (Filtered Out)
WT_Cand_55,8.036,0.186,High-Confidence (Std <= 0.20)
WT_Cand_56,7.921,0.126,High-Confidence (Std <= 0.20)
WT_Cand_57,5.885,0.224,Low-Confidence (Filtered Out)
WT_Cand_58,6.494,0.082,High-Confidence (Std <= 0.20)
WT_Cand_59,7.231,0.287,Low-Confidence (Filtered Out)
WT_Cand_60,7.972,0.104,High-Confidence (Std <= 0.20)
WT_Cand_61,6.299,0.012,High-Confidence (Std <= 0.20)
WT_Cand_62,6.636,0.134,High-Confidence (Std <= 0.20)
WT_Cand_63,5.578,0.048,High-Confidence (Std <= 0.20)
WT_Cand_64,5.474,0.12,High-Confidence (Std <= 0.20)
WT_Cand_65,7.784,0.106,High-Confidence (Std <= 0.20)
WT_Cand_66,8.41,0.202,Low-Confidence (Filtered Out)
WT_Cand_67,6.767,0.446,Low-Confidence (Filtered Out)
WT_Cand_68,8.004,0.265,Low-Confidence (Filtered Out)
WT_Cand_69,7.266,0.185,High-Confidence (Std <= 0.20)
WT_Cand_70,6.108,0.161,High-Confidence (Std <= 0.20)
WT_Cand_71,7.266,0.191,High-Confidence (Std <= 0.20)
WT_Cand_72,8.619,0.405,Low-Confidence (Filtered Out)
WT_Cand_73,6.809,0.221,Low-Confidence (Filtered Out)
WT_Cand_74,8.649,0.013,High-Confidence (Std <= 0.20)
WT_Cand_75,3.837,0.051,High-Confidence (Std <= 0.20)
WT_Cand_76,7.795,0.327,Low-Confidence (Filtered Out)
WT_Cand_77,6.95,0.182,High-Confidence (Std <= 0.20)
WT_Cand_78,6.506,0.399,Low-Confidence (Filtered Out)
WT_Cand_79,6.956,0.252,Low-Confidence (Filtered Out)
WT_Cand_80,4.564,0.157,High-Confidence (Std <= 0.20)
WT_Cand_81,6.597,0.154,High-Confidence (Std <= 0.20)
WT_Cand_82,7.261,0.081,High-Confidence (Std <= 0.20)
WT_Cand_83,8.55,0.117,High-Confidence (Std <= 0.20)
WT_Cand_84,6.254,0.037,High-Confidence (Std <= 0.20)
WT_Cand_85,5.92,0.063,High-Confidence (Std <= 0.20)
WT_Cand_86,6.273,0.048,High-Confidence (Std <= 0.20)
WT_Cand_87,7.903,0.139,High-Confidence (Std <= 0.20)
WT_Cand_88,7.228,0.09,High-Confidence (Std <= 0.20)
WT_Cand_89,6.241,0.021,High-Confidence (Std <= 0.20)
WT_Cand_90,7.44,0.224,Low-Confidence (Filtered Out)
WT_Cand_91,6.962,0.099,High-Confidence (Std <= 0.20)
WT_Cand_92,7.964,0.279,Low-Confidence (Filtered Out)
WT_Cand_93,6.043,0.213,Low-Confidence (Filtered Out)
WT_Cand_94,6.473,0.14,High-Confidence (Std <= 0.20)
WT_Cand_95,6.399,0.082,High-Confidence (Std <= 0.20)
WT_Cand_96,5.167,0.062,High-Confidence (Std <= 0.20)
WT_Cand_97,7.191,0.243,Low-Confidence (Filtered Out)
WT_Cand_98,7.15,0.262,Low-Confidence (Filtered Out)
WT_Cand_99,6.856,0.143,High-Confidence (Std <= 0.20)
WT_Cand_100,6.58,0.178,High-Confidence (Std <= 0.20)
WT_Cand_101,5.222,0.334,Low-Confidence (Filtered Out)
WT_Cand_102,6.366,0.252,Low-Confidence (Filtered Out)
WT_Cand_103,6.456,0.186,High-Confidence (Std <= 0.20)
WT_Cand_104,5.927,0.039,High-Confidence (Std <= 0.20)
WT_Cand_105,6.665,0.065,High-Confidence (Std <= 0.20)
WT_Cand_106,7.315,0.102,High-Confidence (Std <= 0.20)
WT_Cand_107,9.019,0.108,High-Confidence (Std <= 0.20)
WT_Cand_108,7.051,0.071,High-Confidence (Std <= 0.20)
WT_Cand_109,7.146,0.063,High-Confidence (Std <= 0.20)
WT_Cand_110,6.764,0.112,High-Confidence (Std <= 0.20)
WT_Cand_111,4.643,0.163,High-Confidence (Std <= 0.20)
WT_Cand_112,6.82,0.217,Low-Confidence (Filtered Out)
WT_Cand_113,6.919,0.018,High-Confidence (Std <= 0.20)
WT_Cand_114,9.683,0.091,High-Confidence (Std <= 0.20)
WT_Cand_115,6.629,0.022,High-Confidence (Std <= 0.20)
WT_Cand_116,7.197,0.141,High-Confidence (Std <= 0.20)
WT_Cand_117,6.81,0.139,High-Confidence (Std <= 0.20)
WT_Cand_118,5.506,0.129,High-Confidence (Std <= 0.20)
WT_Cand_119,8.164,0.112,High-Confidence (Std <= 0.20)
WT_Cand_120,7.715,0.093,High-Confidence (Std <= 0.20)
WT_Cand_121,7.76,0.129,High-Confidence (Std <= 0.20)
WT_Cand_122,5.804,0.221,Low-Confidence (Filtered Out)
WT_Cand_123,8.463,0.099,High-Confidence (Std <= 0.20)
WT_Cand_124,5.238,0.042,High-Confidence (Std <= 0.20)
WT_Cand_125,7.525,0.178,High-Confidence (Std <= 0.20)
WT_Cand_126,9.369,0.263,Low-Confidence (Filtered Out)
WT_Cand_127,5.711,0.04,High-Confidence (Std <= 0.20)
WT_Cand_128,6.199,0.033,High-Confidence (Std <= 0.20)
WT_Cand_129,6.965,0.038,High-Confidence (Std <= 0.20)
WT_Cand_130,6.271,0.128,High-Confidence (Std <= 0.20)
WT_Cand_131,5.067,0.47,Low-Confidence (Filtered Out)
WT_Cand_132,6.929,0.416,Low-Confidence (Filtered Out)
WT_Cand_133,5.628,0.178,High-Confidence (Std <= 0.20)
WT_Cand_134,7.395,0.037,High-Confidence (Std <= 0.20)
WT_Cand_135,5.793,0.413,Low-Confidence (Filtered Out)
WT_Cand_136,8.632,0.429,Low-Confidence (Filtered Out)
WT_Cand_137,5.949,0.06,High-Confidence (Std <= 0.20)
WT_Cand_138,6.48,0.143,High-Confidence (Std <= 0.20)
WT_Cand_139,7.786,0.262,Low-Confidence (Filtered Out)
WT_Cand_140,5.435,0.373,Low-Confidence (Filtered Out)
WT_Cand_141,7.112,0.125,High-Confidence (Std <= 0.20)
WT_Cand_142,8.353,0.283,Low-Confidence (Filtered Out)
WT_Cand_143,5.001,0.193,High-Confidence (Std <= 0.20)
WT_Cand_144,7.062,0.184,High-Confidence (Std <= 0.20)
WT_Cand_145,7.149,0.17,High-Confidence (Std <= 0.20)
WT_Cand_146,7.749,0.487,Low-Confidence (Filtered Out)
WT_Cand_147,5.428,0.15,High-Confidence (Std <= 0.20)
WT_Cand_148,5.331,0.213,Low-Confidence (Filtered Out)
WT_Cand_149,7.45,0.489,Low-Confidence (Filtered Out)
WT_Cand_150,7.192,0.226,Low-Confidence (Filtered Out)
WT_Cand_151,7.138,0.086,High-Confidence (Std <= 0.20)
WT_Cand_152,7.248,0.136,High-Confidence (Std <= 0.20)
WT_Cand_153,6.068,0.066,High-Confidence (Std <= 0.20)
WT_Cand_154,7.117,0.134,High-Confidence (Std <= 0.20)
WT_Cand_155,7.187,0.125,High-Confidence (Std <= 0.20)
WT_Cand_156,6.028,0.101,High-Confidence (Std <= 0.20)
WT_Cand_157,8.996,0.17,High-Confidence (Std <= 0.20)
WT_Cand_158,7.395,0.024,High-Confidence (Std <= 0.20)
WT_Cand_159,5.48,0.568,Low-Confidence (Filtered Out)
WT_Cand_160,7.605,0.127,High-Confidence (Std <= 0.20)
WT_Cand_161,5.729,0.143,High-Confidence (Std <= 0.20)
WT_Cand_162,7.755,0.408,Low-Confidence (Filtered Out)
WT_Cand_163,8.182,0.223,Low-Confidence (Filtered Out)
WT_Cand_164,5.906,0.098,High-Confidence (Std <= 0.20)
WT_Cand_165,7.958,0.112,High-Confidence (Std <= 0.20)
WT_Cand_166,7.325,0.325,Low-Confidence (Filtered Out)
WT_Cand_167,7.795,0.36,Low-Confidence (Filtered Out)
WT_Cand_168,9.031,0.089,High-Confidence (Std <= 0.20)
WT_Cand_169,6.568,0.4,Low-Confidence (Filtered Out)
WT_Cand_170,5.983,0.027,High-Confidence (Std <= 0.20)
WT_Cand_171,5.827,0.441,Low-Confidence (Filtered Out)
WT_Cand_172,5.912,0.196,High-Confidence (Std <= 0.20)
WT_Cand_173,6.761,0.397,Low-Confidence (Filtered Out)
WT_Cand_174,7.242,0.243,Low-Confidence (Filtered Out)
WT_Cand_175,7.168,0.094,High-Confidence (Std <= 0.20)
WT_Cand_176,7.801,0.133,High-Confidence (Std <= 0.20)
WT_Cand_177,6.865,0.098,High-Confidence (Std <= 0.20)
WT_Cand_178,8.522,0.073,High-Confidence (Std <= 0.20)
WT_Cand_179,6.546,0.216,Low-Confidence (Filtered Out)
WT_Cand_180,9.978,0.017,High-Confidence (Std <= 0.20)
WT_Cand_181,7.57,0.126,High-Confidence (Std <= 0.20)
WT_Cand_182,5.864,0.158,High-Confidence (Std <= 0.20)
WT_Cand_183,5.618,0.019,High-Confidence (Std <= 0.20)
WT_Cand_184,7.405,0.191,High-Confidence (Std <= 0.20)
WT_Cand_185,6.593,0.242,Low-Confidence (Filtered Out)
WT_Cand_186,7.671,0.214,Low-Confidence (Filtered Out)
WT_Cand_187,7.394,0.212,Low-Confidence (Filtered Out)
WT_Cand_188,6.766,0.161,High-Confidence (Std <= 0.20)
WT_Cand_189,5.876,0.053,High-Confidence (Std <= 0.20)
WT_Cand_190,5.108,0.123,High-Confidence (Std <= 0.20)
WT_Cand_191,6.337,0.094,High-Confidence (Std <= 0.20)
WT_Cand_192,7.835,0.157,High-Confidence (Std <= 0.20)
WT_Cand_193,7.096,0.069,High-Confidence (Std <= 0.20)
WT_Cand_194,5.417,0.338,Low-Confidence (Filtered Out)
WT_Cand_195,7.049,0.026,High-Confidence (Std <= 0.20)
WT_Cand_196,7.293,0.082,High-Confidence (Std <= 0.20)
WT_Cand_197,5.834,0.117,High-Confidence (Std <= 0.20)
WT_Cand_198,7.027,0.216,Low-Confidence (Filtered Out)
WT_Cand_199,6.917,0.217,Low-Confidence (Filtered Out)
WT_Cand_200,5.536,0.3,Low-Confidence (Filtered Out)
WT_Cand_201,7.261,0.268,Low-Confidence (Filtered Out)
WT_Cand_202,7.495,0.124,High-Confidence (Std <= 0.20)
WT_Cand_203,8.096,0.285,Low-Confidence (Filtered Out)
WT_Cand_204,8.062,0.126,High-Confidence (Std <= 0.20)
WT_Cand_205,5.266,0.024,High-Confidence (Std <= 0.20)
WT_Cand_206,5.772,0.027,High-Confidence (Std <= 0.20)
WT_Cand_207,7.442,0.114,High-Confidence (Std <= 0.20)
WT_Cand_208,7.441,0.049,High-Confidence (Std <= 0.20)
WT_Cand_209,7.442,0.133,High-Confidence (Std <= 0.20)
WT_Cand_210,11.281,0.274,Low-Confidence (Filtered Out)
WT_Cand_211,7.507,0.104,High-Confidence (Std <= 0.20)
WT_Cand_212,8.156,0.013,High-Confidence (Std <= 0.20)
WT_Cand_213,7.947,0.228,Low-Confidence (Filtered Out)
WT_Cand_214,7.599,0.094,High-Confidence (Std <= 0.20)
WT_Cand_215,6.487,0.117,High-Confidence (Std <= 0.20)
WT_Cand_216,7.723,0.69,Low-Confidence (Filtered Out)
WT_Cand_217,5.961,0.301,Low-Confidence (Filtered Out)
WT_Cand_218,6.578,0.359,Low-Confidence (Filtered Out)
WT_Cand_219,6.292,0.107,High-Confidence (Std <= 0.20)
WT_Cand_220,6.944,0.583,Low-Confidence (Filtered Out)
WT_Cand_221,9.512,0.06,High-Confidence (Std <= 0.20)
WT_Cand_222,4.703,0.024,High-Confidence (Std <= 0.20)
WT_Cand_223,7.639,0.66,Low-Confidence (Filtered Out)
WT_Cand_224,4.995,0.014,High-Confidence (Std <= 0.20)
WT_Cand_225,6.307,0.094,High-Confidence (Std <= 0.20)
WT_Cand_226,8.102,0.231,Low-Confidence (Filtered Out)
WT_Cand_227,6.924,0.108,High-Confidence (Std <= 0.20)
WT_Cand_228,5.611,0.077,High-Confidence (Std <= 0.20)
WT_Cand_229,6.027,0.15,High-Confidence (Std <= 0.20)
WT_Cand_230,7.632,0.142,High-Confidence (Std <= 0.20)
WT_Cand_231,6.01,0.166,High-Confidence (Std <= 0.20)
WT_Cand_232,7.099,0.385,Low-Confidence (Filtered Out)
WT_Cand_233,6.902,0.242,Low-Confidence (Filtered Out)
WT_Cand_234,6.101,0.121,High-Confidence (Std <= 0.20)
WT_Cand_235,9.316,0.186,High-Confidence (Std <= 0.20)
WT_Cand_236,7.579,0.129,High-Confidence (Std <= 0.20)
WT_Cand_237,4.521,0.198,High-Confidence (Std <= 0.20)
WT_Cand_238,7.064,0.069,High-Confidence (Std <= 0.20)
WT_Cand_239,6.089,0.097,High-Confidence (Std <= 0.20)
WT_Cand_240,7.83,0.302,Low-Confidence (Filtered Out)
WT_Cand_241,5.939,0.048,High-Confidence (Std <= 0.20)
WT_Cand_242,6.718,0.308,Low-Confidence (Filtered Out)
WT_Cand_243,7.431,0.491,Low-Confidence (Filtered Out)
WT_Cand_244,7.846,0.1,High-Confidence (Std <= 0.20)
WT_Cand_245,5.47,0.049,High-Confidence (Std <= 0.20)
WT_Cand_246,6.465,0.073,High-Confidence (Std <= 0.20)
WT_Cand_247,6.304,0.465,Low-Confidence (Filtered Out)
WT_Cand_248,6.099,0.045,High-Confidence (Std <= 0.20)
WT_Cand_249,8.88,0.049,High-Confidence (Std <= 0.20)
WT_Cand_250,7.316,0.013,High-Confidence (Std <= 0.20)
WT_Cand_251,5.4,0.095,High-Confidence (Std <= 0.20)
WT_Cand_252,7.906,0.171,High-Confidence (Std <= 0.20)
WT_Cand_253,9.29,0.419,Low-Confidence (Filtered Out)
WT_Cand_254,8.037,0.104,High-Confidence (Std <= 0.20)
WT_Cand_255,5.103,0.225,Low-Confidence (Filtered Out)
WT_Cand_256,6.293,0.075,High-Confidence (Std <= 0.20)
WT_Cand_257,8.307,0.039,High-Confidence (Std <= 0.20)
WT_Cand_258,6.036,0.376,Low-Confidence (Filtered Out)
WT_Cand_259,7.36,0.167,High-Confidence (Std <= 0.20)
WT_Cand_260,7.741,0.241,Low-Confidence (Filtered Out)
WT_Cand_261,5.784,0.162,High-Confidence (Std <= 0.20)
WT_Cand_262,6.782,0.023,High-Confidence (Std <= 0.20)
WT_Cand_263,3.123,0.3,Low-Confidence (Filtered Out)
WT_Cand_264,5.672,0.07,High-Confidence (Std <= 0.20)
WT_Cand_265,6.56,0.215,Low-Confidence (Filtered Out)
WT_Cand_266,5.415,0.042,High-Confidence (Std <= 0.20)
WT_Cand_267,8.727,0.045,High-Confidence (Std <= 0.20)
WT_Cand_268,5.205,0.076,High-Confidence (Std <= 0.20)
WT_Cand_269,6.344,0.057,High-Confidence (Std <= 0.20)
WT_Cand_270,7.0,0.037,High-Confidence (Std <= 0.20)
WT_Cand_271,8.507,0.647,Low-Confidence (Filtered Out)
WT_Cand_272,5.199,0.145,High-Confidence (Std <= 0.20)
WT_Cand_273,8.188,0.019,High-Confidence (Std <= 0.20)
WT_Cand_274,6.862,0.039,High-Confidence (Std <= 0.20)
WT_Cand_275,5.721,0.061,High-Confidence (Std <= 0.20)
WT_Cand_276,7.381,0.088,High-Confidence (Std <= 0.20)
WT_Cand_277,7.079,0.255,Low-Confidence (Filtered Out)
WT_Cand_278,6.16,0.171,High-Confidence (Std <= 0.20)
WT_Cand_279,6.93,0.141,High-Confidence (Std <= 0.20)
WT_Cand_280,6.407,0.026,High-Confidence (Std <= 0.20)
WT_Cand_281,6.981,0.221,Low-Confidence (Filtered Out)
WT_Cand_282,7.611,0.023,High-Confidence (Std <= 0.20)
WT_Cand_283,8.674,0.117,High-Confidence (Std <= 0.20)
WT_Cand_284,5.427,0.181,High-Confidence (Std <= 0.20)
WT_Cand_285,9.303,0.187,High-Confidence (Std <= 0.20)
WT_Cand_286,4.605,0.161,High-Confidence (Std <= 0.20)
WT_Cand_287,6.675,0.167,High-Confidence (Std <= 0.20)
WT_Cand_288,7.527,0.155,High-Confidence (Std <= 0.20)
WT_Cand_289,7.173,0.031,High-Confidence (Std <= 0.20)
WT_Cand_290,6.134,0.029,High-Confidence (Std <= 0.20)
WT_Cand_291,6.611,0.277,Low-Confidence (Filtered Out)
WT_Cand_292,6.283,0.28,Low-Confidence (Filtered Out)
WT_Cand_293,6.172,0.045,High-Confidence (Std <= 0.20)
WT_Cand_294,7.827,0.163,High-Confidence (Std <= 0.20)
WT_Cand_295,7.261,0.193,High-Confidence (Std <= 0.20)
WT_Cand_296,6.053,0.142,High-Confidence (Std <= 0.20)
WT_Cand_297,7.885,0.31,Low-Confidence (Filtered Out)
WT_Cand_298,7.203,0.091,High-Confidence (Std <= 0.20)
WT_Cand_299,7.785,0.1,High-Confidence (Std <= 0.20)
WT_Cand_300,7.574,0.312,Low-Confidence (Filtered Out)
WT_Cand_301,5.897,0.033,High-Confidence (Std <= 0.20)
WT_Cand_302,6.206,0.268,Low-Confidence (Filtered Out)
WT_Cand_303,7.709,0.433,Low-Confidence (Filtered Out)
WT_Cand_304,7.552,0.217,Low-Confidence (Filtered Out)
WT_Cand_305,6.826,0.132,High-Confidence (Std <= 0.20)
WT_Cand_306,6.985,0.034,High-Confidence (Std <= 0.20)
WT_Cand_307,8.319,0.163,High-Confidence (Std <= 0.20)
WT_Cand_308,6.17,0.067,High-Confidence (Std <= 0.20)
WT_Cand_309,7.479,0.107,High-Confidence (Std <= 0.20)
WT_Cand_310,6.617,0.191,High-Confidence (Std <= 0.20)
WT_Cand_311,6.6,0.057,High-Confidence (Std <= 0.20)
WT_Cand_312,8.114,0.041,High-Confidence (Std <= 0.20)
WT_Cand_313,7.799,0.083,High-Confidence (Std <= 0.20)
WT_Cand_314,7.786,0.397,Low-Confidence (Filtered Out)
WT_Cand_315,8.351,0.194,High-Confidence (Std <= 0.20)
WT_Cand_316,6.874,0.066,High-Confidence (Std <= 0.20)
WT_Cand_317,7.634,0.074,High-Confidence (Std <= 0.20)
WT_Cand_318,6.493,0.344,Low-Confidence (Filtered Out)
WT_Cand_319,7.223,0.029,High-Confidence (Std <= 0.20)
WT_Cand_320,6.7,0.391,Low-Confidence (Filtered Out)
WT_Cand_321,6.962,0.055,High-Confidence (Std <= 0.20)
WT_Cand_322,7.534,0.379,Low-Confidence (Filtered Out)
WT_Cand_323,5.909,0.276,Low-Confidence (Filtered Out)
WT_Cand_324,9.256,0.048,High-Confidence (Std <= 0.20)
WT_Cand_325,5.693,0.243,Low-Confidence (Filtered Out)
WT_Cand_326,5.454,0.021,High-Confidence (Std <= 0.20)
WT_Cand_327,8.182,0.319,Low-Confidence (Filtered Out)
WT_Cand_328,7.76,0.047,High-Confidence (Std <= 0.20)
WT_Cand_329,7.568,0.32,Low-Confidence (Filtered Out)
WT_Cand_330,7.573,0.031,High-Confidence (Std <= 0.20)
WT_Cand_331,6.836,0.05,High-Confidence (Std <= 0.20)
WT_Cand_332,5.818,0.466,Low-Confidence (Filtered Out)
WT_Cand_333,6.937,0.212,Low-Confidence (Filtered Out)
WT_Cand_334,6.071,0.056,High-Confidence (Std <= 0.20)
WT_Cand_335,7.971,0.177,High-Confidence (Std <= 0.20)
WT_Cand_336,6.681,0.174,High-Confidence (Std <= 0.20)
WT_Cand_337,5.901,0.112,High-Confidence (Std <= 0.20)
WT_Cand_338,6.48,0.172,High-Confidence (Std <= 0.20)
WT_Cand_339,7.325,0.347,Low-Confidence (Filtered Out)
WT_Cand_340,6.202,0.27,Low-Confidence (Filtered Out)
WT_Cand_341,5.904,0.22,Low-Confidence (Filtered Out)
WT_Cand_342,7.13,0.054,High-Confidence (Std <= 0.20)
WT_Cand_343,7.132,0.031,High-Confidence (Std <= 0.20)
WT_Cand_344,6.267,0.131,High-Confidence (Std <= 0.20)
WT_Cand_345,6.308,0.274,Low-Confidence (Filtered Out)
WT_Cand_346,7.117,0.01,High-Confidence (Std <= 0.20)
WT_Cand_347,5.185,0.088,High-Confidence (Std <= 0.20)
WT_Cand_348,5.231,0.208,Low-Confidence (Filtered Out)
WT_Cand_349,6.024,0.385,Low-Confidence (Filtered Out)
WT_Cand_350,6.605,0.13,High-Confidence (Std <= 0.20)
WT_Cand_351,7.208,0.082,High-Confidence (Std <= 0.20)
WT_Cand_352,8.547,0.142,High-Confidence (Std <= 0.20)
WT_Cand_353,7.836,0.22,Low-Confidence (Filtered Out)
WT_Cand_354,6.666,0.018,High-Confidence (Std <= 0.20)
WT_Cand_355,6.828,0.051,High-Confidence (Std <= 0.20)
WT_Cand_356,5.697,0.059,High-Confidence (Std <= 0.20)
WT_Cand_357,6.829,0.099,High-Confidence (Std <= 0.20)
WT_Cand_358,6.518,0.331,Low-Confidence (Filtered Out)
WT_Cand_359,7.221,0.046,High-Confidence (Std <= 0.20)
WT_Cand_360,5.899,0.071,High-Confidence (Std <= 0.20)
WT_Cand_361,7.447,0.03,High-Confidence (Std <= 0.20)
WT_Cand_362,8.613,0.1,High-Confidence (Std <= 0.20)
WT_Cand_363,6.725,0.11,High-Confidence (Std <= 0.20)
WT_Cand_364,7.312,0.118,High-Confidence (Std <= 0.20)
WT_Cand_365,7.644,0.717,Low-Confidence (Filtered Out)
WT_Cand_366,6.389,0.272,Low-Confidence (Filtered Out)
WT_Cand_367,7.108,0.135,High-Confidence (Std <= 0.20)
WT_Cand_368,6.864,0.217,Low-Confidence (Filtered Out)
WT_Cand_369,6.962,0.078,High-Confidence (Std <= 0.20)
WT_Cand_370,5.961,0.616,Low-Confidence (Filtered Out)
WT_Cand_371,6.878,0.283,Low-Confidence (Filtered Out)
WT_Cand_372,7.423,0.252,Low-Confidence (Filtered Out)
WT_Cand_373,8.519,0.395,Low-Confidence (Filtered Out)
WT_Cand_374,7.953,0.508,Low-Confidence (Filtered Out)
WT_Cand_375,9.326,0.048,High-Confidence (Std <= 0.20)
WT_Cand_376,5.968,0.359,Low-Confidence (Filtered Out)
WT_Cand_377,7.853,0.204,Low-Confidence (Filtered Out)
WT_Cand_378,7.061,0.18,High-Confidence (Std <= 0.20)
WT_Cand_379,9.368,0.461,Low-Confidence (Filtered Out)
WT_Cand_380,5.92,0.053,High-Confidence (Std <= 0.20)
WT_Cand_381,5.884,0.137,High-Confidence (Std <= 0.20)
WT_Cand_382,6.161,0.121,High-Confidence (Std <= 0.20)
WT_Cand_383,4.408,0.201,Low-Confidence (Filtered Out)
WT_Cand_384,6.245,0.209,Low-Confidence (Filtered Out)
WT_Cand_385,5.977,0.348,Low-Confidence (Filtered Out)
WT_Cand_386,7.023,0.149,High-Confidence (Std <= 0.20)
WT_Cand_387,7.243,0.49,Low-Confidence (Filtered Out)
WT_Cand_388,9.008,0.221,Low-Confidence (Filtered Out)
WT_Cand_389,7.943,0.047,High-Confidence (Std <= 0.20)
WT_Cand_390,6.187,0.08,High-Confidence (Std <= 0.20)
WT_Cand_391,5.817,0.251,Low-Confidence (Filtered Out)
WT_Cand_392,7.416,0.209,Low-Confidence (Filtered Out)
WT_Cand_393,5.332,0.199,High-Confidence (Std <= 0.20)
WT_Cand_394,8.956,0.544,Low-Confidence (Filtered Out)
WT_Cand_395,8.206,0.32,Low-Confidence (Filtered Out)
WT_Cand_396,6.31,0.097,High-Confidence (Std <= 0.20)
WT_Cand_397,4.88,0.124,High-Confidence (Std <= 0.20)
WT_Cand_398,8.407,0.092,High-Confidence (Std <= 0.20)
WT_Cand_399,6.718,0.06,High-Confidence (Std <= 0.20)
WT_Cand_400,8.273,0.573,Low-Confidence (Filtered Out)
WT_Cand_401,5.016,0.207,Low-Confidence (Filtered Out)
WT_Cand_402,6.161,0.038,High-Confidence (Std <= 0.20)
WT_Cand_403,6.856,0.455,Low-Confidence (Filtered Out)
WT_Cand_404,6.904,0.069,High-Confidence (Std <= 0.20)
WT_Cand_405,6.332,0.177,High-Confidence (Std <= 0.20)
WT_Cand_406,7.566,0.155,High-Confidence (Std <= 0.20)
WT_Cand_407,5.622,0.025,High-Confidence (Std <= 0.20)
WT_Cand_408,6.686,0.011,High-Confidence (Std <= 0.20)
WT_Cand_409,6.988,0.275,Low-Confidence (Filtered Out)
WT_Cand_410,7.442,0.378,Low-Confidence (Filtered Out)
WT_Cand_411,7.668,0.187,High-Confidence (Std <= 0.20)
WT_Cand_412,5.557,0.854,Low-Confidence (Filtered Out)
WT_Cand_413,5.086,0.075,High-Confidence (Std <= 0.20)
WT_Cand_414,8.319,0.016,High-Confidence (Std <= 0.20)
WT_Cand_415,7.232,0.212,Low-Confidence (Filtered Out)
WT_Cand_416,5.989,0.051,High-Confidence (Std <= 0.20)
WT_Cand_417,8.634,0.137,High-Confidence (Std <= 0.20)
WT_Cand_418,6.983,0.326,Low-Confidence (Filtered Out)
WT_Cand_419,8.206,0.085,High-Confidence (Std <= 0.20)
WT_Cand_420,6.928,0.137,High-Confidence (Std <= 0.20)
WT_Cand_421,9.22,0.364,Low-Confidence (Filtered Out)
WT_Cand_422,8.869,0.121,High-Confidence (Std <= 0.20)
WT_Cand_423,6.564,0.212,Low-Confidence (Filtered Out)
WT_Cand_424,7.967,0.235,Low-Confidence (Filtered Out)
WT_Cand_425,7.592,0.122,High-Confidence (Std <= 0.20)
WT_Cand_426,8.424,0.126,High-Confidence (Std <= 0.20)
WT_Cand_427,5.74,0.142,High-Confidence (Std <= 0.20)
WT_Cand_428,7.639,0.076,High-Confidence (Std <= 0.20)
WT_Cand_429,8.067,0.204,Low-Confidence (Filtered Out)
WT_Cand_430,4.827,0.078,High-Confidence (Std <= 0.20)
WT_Cand_431,5.489,0.089,High-Confidence (Std <= 0.20)
WT_Cand_432,4.505,0.052,High-Confidence (Std <= 0.20)
WT_Cand_433,6.54,0.387,Low-Confidence (Filtered Out)
WT_Cand_434,7.675,0.032,High-Confidence (Std <= 0.20)
WT_Cand_435,8.578,0.554,Low-Confidence (Filtered Out)
WT_Cand_436,6.935,0.13,High-Confidence (Std <= 0.20)
WT_Cand_437,8.723,0.098,High-Confidence (Std <= 0.20)
WT_Cand_438,5.263,0.052,High-Confidence (Std <= 0.20)
WT_Cand_439,4.891,0.059,High-Confidence (Std <= 0.20)
WT_Cand_440,6.786,0.077,High-Confidence (Std <= 0.20)
WT_Cand_441,7.292,1.02,Low-Confidence (Filtered Out)
WT_Cand_442,6.812,0.077,High-Confidence (Std <= 0.20)
WT_Cand_443,4.472,0.217,Low-Confidence (Filtered Out)
WT_Cand_444,6.748,0.116,High-Confidence (Std <= 0.20)
WT_Cand_445,5.35,0.588,Low-Confidence (Filtered Out)
WT_Cand_446,7.62,0.174,High-Confidence (Std <= 0.20)
WT_Cand_447,7.272,0.039,High-Confidence (Std <= 0.20)
WT_Cand_448,5.769,0.091,High-Confidence (Std <= 0.20)
WT_Cand_449,6.259,0.755,Low-Confidence (Filtered Out)
WT_Cand_450,5.632,0.283,Low-Confidence (Filtered Out)
WT_Cand_451,6.778,0.138,High-Confidence (Std <= 0.20)
WT_Cand_452,7.948,0.055,High-Confidence (Std <= 0.20)
WT_Cand_453,5.716,0.062,High-Confidence (Std <= 0.20)
WT_Cand_454,7.43,0.046,High-Confidence (Std <= 0.20)
WT_Cand_455,6.24,0.022,High-Confidence (Std <= 0.20)
WT_Cand_456,5.938,0.269,Low-Confidence (Filtered Out)
WT_Cand_457,6.727,0.231,Low-Confidence (Filtered Out)
WT_Cand_458,5.659,0.163,High-Confidence (Std <= 0.20)
WT_Cand_459,6.213,0.427,Low-Confidence (Filtered Out)
WT_Cand_460,5.472,0.261,Low-Confidence (Filtered Out)
WT_Cand_461,9.109,0.029,High-Confidence (Std <= 0.20)
WT_Cand_462,6.891,0.144,High-Confidence (Std <= 0.20)
WT_Cand_463,6.045,0.295,Low-Confidence (Filtered Out)
WT_Cand_464,7.096,0.145,High-Confidence (Std <= 0.20)
WT_Cand_465,6.721,0.158,High-Confidence (Std <= 0.20)
WT_Cand_466,6.596,0.022,High-Confidence (Std <= 0.20)
WT_Cand_467,7.556,0.08,High-Confidence (Std <= 0.20)
WT_Cand_468,7.721,0.218,Low-Confidence (Filtered Out)
WT_Cand_469,6.24,0.125,High-Confidence (Std <= 0.20)
WT_Cand_470,6.188,0.026,High-Confidence (Std <= 0.20)
WT_Cand_471,6.534,0.292,Low-Confidence (Filtered Out)
WT_Cand_472,4.203,0.12,High-Confidence (Std <= 0.20)
WT_Cand_473,5.108,0.155,High-Confidence (Std <= 0.20)
WT_Cand_474,8.422,0.03,High-Confidence (Std <= 0.20)
WT_Cand_475,8.742,0.018,High-Confidence (Std <= 0.20)
WT_Cand_476,6.564,0.163,High-Confidence (Std <= 0.20)
WT_Cand_477,7.513,0.388,Low-Confidence (Filtered Out)
WT_Cand_478,7.208,0.285,Low-Confidence (Filtered Out)
WT_Cand_479,10.391,0.253,Low-Confidence (Filtered Out)
WT_Cand_480,8.138,0.176,High-Confidence (Std <= 0.20)
WT_Cand_481,6.703,0.037,High-Confidence (Std <= 0.20)
WT_Cand_482,5.751,0.008,High-Confidence (Std <= 0.20)
WT_Cand_483,5.003,0.83,Low-Confidence (Filtered Out)
WT_Cand_484,7.084,0.119,High-Confidence (Std <= 0.20)
WT_Cand_485,5.98,0.082,High-Confidence (Std <= 0.20)
WT_Cand_486,5.214,0.153,High-Confidence (Std <= 0.20)
WT_Cand_487,6.106,0.052,High-Confidence (Std <= 0.20)
WT_Cand_488,5.606,0.092,High-Confidence (Std <= 0.20)
WT_Cand_489,8.79,0.544,Low-Confidence (Filtered Out)
WT_Cand_490,7.864,0.195,High-Confidence (Std <= 0.20)
WT_Cand_491,6.841,0.235,Low-Confidence (Filtered Out)
WT_Cand_492,8.552,0.13,High-Confidence (Std <= 0.20)
WT_Cand_493,6.939,0.35,Low-Confidence (Filtered Out)
WT_Cand_494,5.86,0.343,Low-Confidence (Filtered Out)
WT_Cand_495,8.602,0.116,High-Confidence (Std <= 0.20)
WT_Cand_496,7.47,0.144,High-Confidence (Std <= 0.20)
WT_Cand_497,5.657,0.396,Low-Confidence (Filtered Out)
WT_Cand_498,6.631,0.152,High-Confidence (Std <= 0.20)
WT_Cand_499,5.843,0.104,High-Confidence (Std <= 0.20)
WT_Cand_500,5.26,0.111,High-Confidence (Std <= 0.20)
WT_Cand_501,7.915,0.091,High-Confidence (Std <= 0.20)
WT_Cand_502,9.046,0.151,High-Confidence (Std <= 0.20)
WT_Cand_503,5.242,0.094,High-Confidence (Std <= 0.20)
WT_Cand_504,7.497,0.15,High-Confidence (Std <= 0.20)
WT_Cand_505,6.102,0.071,High-Confidence (Std <= 0.20)
WT_Cand_506,6.29,0.198,High-Confidence (Std <= 0.20)
WT_Cand_507,6.169,0.224,Low-Confidence (Filtered Out)
WT_Cand_508,5.856,0.257,Low-Confidence (Filtered Out)
WT_Cand_509,6.906,0.227,Low-Confidence (Filtered Out)
WT_Cand_510,5.894,0.329,Low-Confidence (Filtered Out)
WT_Cand_511,7.161,0.161,High-Confidence (Std <= 0.20)
WT_Cand_512,6.792,0.149,High-Confidence (Std <= 0.20)
WT_Cand_513,6.575,0.081,High-Confidence (Std <= 0.20)
WT_Cand_514,5.806,0.277,Low-Confidence (Filtered Out)
WT_Cand_515,6.187,0.086,High-Confidence (Std <= 0.20)
WT_Cand_516,7.719,0.017,High-Confidence (Std <= 0.20)
WT_Cand_517,7.426,0.077,High-Confidence (Std <= 0.20)
WT_Cand_518,5.726,0.294,Low-Confidence (Filtered Out)
WT_Cand_519,6.964,0.248,Low-Confidence (Filtered Out)
WT_Cand_520,7.714,0.181,High-Confidence (Std <= 0.20)
WT_Cand_521,4.93,0.712,Low-Confidence (Filtered Out)
WT_Cand_522,7.475,0.199,High-Confidence (Std <= 0.20)
WT_Cand_523,6.088,0.064,High-Confidence (Std <= 0.20)
WT_Cand_524,7.506,0.058,High-Confidence (Std <= 0.20)
WT_Cand_525,5.972,0.227,Low-Confidence (Filtered Out)
WT_Cand_526,4.774,0.442,Low-Confidence (Filtered Out)
WT_Cand_527,4.978,0.147,High-Confidence (Std <= 0.20)
WT_Cand_528,6.905,0.204,Low-Confidence (Filtered Out)
WT_Cand_529,7.149,0.213,Low-Confidence (Filtered Out)
WT_Cand_530,5.81,0.732,Low-Confidence (Filtered Out)
WT_Cand_531,7.584,0.314,Low-Confidence (Filtered Out)
WT_Cand_532,4.939,0.376,Low-Confidence (Filtered Out)
WT_Cand_533,6.774,0.061,High-Confidence (Std <= 0.20)
WT_Cand_534,5.457,0.086,High-Confidence (Std <= 0.20)
WT_Cand_535,6.1,0.079,High-Confidence (Std <= 0.20)
WT_Cand_536,6.905,0.118,High-Confidence (Std <= 0.20)
WT_Cand_537,5.861,0.158,High-Confidence (Std <= 0.20)
WT_Cand_538,6.408,0.192,High-Confidence (Std <= 0.20)
WT_Cand_539,8.007,0.138,High-Confidence (Std <= 0.20)
WT_Cand_540,6.187,0.077,High-Confidence (Std <= 0.20)
WT_Cand_541,7.811,0.048,High-Confidence (Std <= 0.20)
WT_Cand_542,5.551,0.21,Low-Confidence (Filtered Out)
WT_Cand_543,7.459,0.263,Low-Confidence (Filtered Out)
WT_Cand_544,8.508,0.123,High-Confidence (Std <= 0.20)
WT_Cand_545,4.008,0.021,High-Confidence (Std <= 0.20)
WT_Cand_546,5.934,0.312,Low-Confidence (Filtered Out)
WT_Cand_547,7.514,0.119,High-Confidence (Std <= 0.20)
WT_Cand_548,6.616,0.033,High-Confidence (Std <= 0.20)
WT_Cand_549,7.277,0.146,High-Confidence (Std <= 0.20)
WT_Cand_550,6.155,0.329,Low-Confidence (Filtered Out)
WT_Cand_551,6.95,0.1,High-Confidence (Std <= 0.20)
WT_Cand_552,6.671,0.004,High-Confidence (Std <= 0.20)
WT_Cand_553,8.193,0.113,High-Confidence (Std <= 0.20)
WT_Cand_554,7.143,0.073,High-Confidence (Std <= 0.20)
WT_Cand_555,7.238,0.17,High-Confidence (Std <= 0.20)
WT_Cand_556,6.376,0.149,High-Confidence (Std <= 0.20)
WT_Cand_557,6.289,0.091,High-Confidence (Std <= 0.20)
WT_Cand_558,6.353,0.086,High-Confidence (Std <= 0.20)
WT_Cand_559,7.304,0.406,Low-Confidence (Filtered Out)
WT_Cand_560,6.366,0.226,Low-Confidence (Filtered Out)
WT_Cand_561,7.183,0.22,Low-Confidence (Filtered Out)
WT_Cand_562,9.237,0.298,Low-Confidence (Filtered Out)
WT_Cand_563,7.852,0.118,High-Confidence (Std <= 0.20)
WT_Cand_564,6.475,0.489,Low-Confidence (Filtered Out)
WT_Cand_565,8.231,0.194,High-Confidence (Std <= 0.20)
WT_Cand_566,6.381,0.163,High-Confidence (Std <= 0.20)
WT_Cand_567,4.506,0.192,High-Confidence (Std <= 0.20)
WT_Cand_568,5.691,0.112,High-Confidence (Std <= 0.20)
WT_Cand_569,4.699,0.077,High-Confidence (Std <= 0.20)
WT_Cand_570,6.446,0.354,Low-Confidence (Filtered Out)
WT_Cand_571,6.871,0.043,High-Confidence (Std <= 0.20)
WT_Cand_572,8.778,0.048,High-Confidence (Std <= 0.20)
WT_Cand_573,7.226,0.133,High-Confidence (Std <= 0.20)
WT_Cand_574,6.598,0.062,High-Confidence (Std <= 0.20)
WT_Cand_575,7.804,0.022,High-Confidence (Std <= 0.20)
WT_Cand_576,4.307,0.046,High-Confidence (Std <= 0.20)
WT_Cand_577,7.121,0.064,High-Confidence (Std <= 0.20)
WT_Cand_578,7.736,0.202,Low-Confidence (Filtered Out)
WT_Cand_579,5.15,0.124,High-Confidence (Std <= 0.20)
WT_Cand_580,8.165,0.309,Low-Confidence (Filtered Out)
WT_Cand_581,7.239,0.043,High-Confidence (Std <= 0.20)
WT_Cand_582,6.372,0.052,High-Confidence (Std <= 0.20)
WT_Cand_583,7.578,0.176,High-Confidence (Std <= 0.20)
WT_Cand_584,9.461,0.074,High-Confidence (Std <= 0.20)
WT_Cand_585,7.059,0.107,High-Confidence (Std <= 0.20)
WT_Cand_586,7.135,0.046,High-Confidence (Std <= 0.20)
WT_Cand_587,6.322,0.043,High-Confidence (Std <= 0.20)
WT_Cand_588,5.873,0.071,High-Confidence (Std <= 0.20)
WT_Cand_589,7.805,0.323,Low-Confidence (Filtered Out)
WT_Cand_590,5.866,0.032,High-Confidence (Std <= 0.20)
WT_Cand_591,6.932,0.352,Low-Confidence (Filtered Out)
WT_Cand_592,6.301,0.299,Low-Confidence (Filtered Out)
WT_Cand_593,7.401,0.091,High-Confidence (Std <= 0.20)
WT_Cand_594,7.234,0.148,High-Confidence (Std <= 0.20)
WT_Cand_595,8.043,0.189,High-Confidence (Std <= 0.20)
WT_Cand_596,6.263,0.252,Low-Confidence (Filtered Out)
WT_Cand_597,6.54,0.052,High-Confidence (Std <= 0.20)
WT_Cand_598,5.724,0.276,Low-Confidence (Filtered Out)
WT_Cand_599,6.339,0.159,High-Confidence (Std <= 0.20)
WT_Cand_600,7.284,0.056,High-Confidence (Std <= 0.20)
WT_Cand_601,7.721,0.161,High-Confidence (Std <= 0.20)
WT_Cand_602,5.79,0.056,High-Confidence (Std <= 0.20)
WT_Cand_603,7.85,0.144,High-Confidence (Std <= 0.20)
WT_Cand_604,8.409,0.095,High-Confidence (Std <= 0.20)
WT_Cand_605,7.325,0.168,High-Confidence (Std <= 0.20)
WT_Cand_606,9.008,0.177,High-Confidence (Std <= 0.20)
WT_Cand_607,5.96,0.39,Low-Confidence (Filtered Out)
WT_Cand_608,5.419,0.24,Low-Confidence (Filtered Out)
WT_Cand_609,4.804,0.207,Low-Confidence (Filtered Out)
WT_Cand_610,8.57,0.02,High-Confidence (Std <= 0.20)
WT_Cand_611,7.603,0.315,Low-Confidence (Filtered Out)
WT_Cand_612,6.786,0.099,High-Confidence (Std <= 0.20)
WT_Cand_613,7.172,0.047,High-Confidence (Std <= 0.20)
WT_Cand_614,5.556,0.63,Low-Confidence (Filtered Out)
WT_Cand_615,9.663,0.074,High-Confidence (Std <= 0.20)
WT_Cand_616,6.999,0.422,Low-Confidence (Filtered Out)
WT_Cand_617,6.976,0.191,High-Confidence (Std <= 0.20)
WT_Cand_618,7.685,0.227,Low-Confidence (Filtered Out)
WT_Cand_619,7.403,0.145,High-Confidence (Std <= 0.20)
WT_Cand_620,7.107,0.058,High-Confidence (Std <= 0.20)
WT_Cand_621,5.941,0.263,Low-Confidence (Filtered Out)
WT_Cand_622,7.392,0.179,High-Confidence (Std <= 0.20)
WT_Cand_623,9.014,0.177,High-Confidence (Std <= 0.20)
WT_Cand_624,8.397,0.156,High-Confidence (Std <= 0.20)
WT_Cand_625,8.682,0.115,High-Confidence (Std <= 0.20)
WT_Cand_626,6.262,0.265,Low-Confidence (Filtered Out)
WT_Cand_627,5.712,0.222,Low-Confidence (Filtered Out)
WT_Cand_628,6.705,0.289,Low-Confidence (Filtered Out)
WT_Cand_629,6.914,0.12,High-Confidence (Std <= 0.20)
WT_Cand_630,8.108,0.111,High-Confidence (Std <= 0.20)
WT_Cand_631,4.904,0.087,High-Confidence (Std <= 0.20)
WT_Cand_632,8.609,0.16,High-Confidence (Std <= 0.20)
WT_Cand_633,6.668,0.021,High-Confidence (Std <= 0.20)
WT_Cand_634,6.359,0.858,Low-Confidence (Filtered Out)
WT_Cand_635,5.686,0.078,High-Confidence (Std <= 0.20)
WT_Cand_636,4.947,0.38,Low-Confidence (Filtered Out)
WT_Cand_637,7.797,0.097,High-Confidence (Std <= 0.20)
WT_Cand_638,6.934,0.238,Low-Confidence (Filtered Out)
WT_Cand_639,5.367,0.521,Low-Confidence (Filtered Out)
WT_Cand_640,5.361,0.227,Low-Confidence (Filtered Out)
WT_Cand_641,6.464,0.499,Low-Confidence (Filtered Out)
WT_Cand_642,8.769,0.363,Low-Confidence (Filtered Out)
WT_Cand_643,6.551,0.054,High-Confidence (Std <= 0.20)
WT_Cand_644,5.121,0.267,Low-Confidence (Filtered Out)
WT_Cand_645,6.567,0.199,High-Confidence (Std <= 0.20)
WT_Cand_646,6.536,0.072,High-Confidence (Std <= 0.20)
WT_Cand_647,3.749,0.339,Low-Confidence (Filtered Out)
WT_Cand_648,6.788,0.041,High-Confidence (Std <= 0.20)
WT_Cand_649,6.584,0.322,Low-Confidence (Filtered Out)
WT_Cand_650,7.651,0.269,Low-Confidence (Filtered Out)
WT_Cand_651,8.976,0.163,High-Confidence (Std <= 0.20)
WT_Cand_652,8.146,0.082,High-Confidence (Std <= 0.20)
WT_Cand_653,6.541,0.264,Low-Confidence (Filtered Out)
WT_Cand_654,5.577,0.013,High-Confidence (Std <= 0.20)
WT_Cand_655,9.809,0.067,High-Confidence (Std <= 0.20)
WT_Cand_656,6.918,0.147,High-Confidence (Std <= 0.20)
WT_Cand_657,6.866,0.163,High-Confidence (Std <= 0.20)
WT_Cand_658,6.822,0.069,High-Confidence (Std <= 0.20)
WT_Cand_659,7.078,0.071,High-Confidence (Std <= 0.20)
WT_Cand_660,6.684,0.233,Low-Confidence (Filtered Out)
WT_Cand_661,6.19,0.055,High-Confidence (Std <= 0.20)
WT_Cand_662,6.221,0.105,High-Confidence (Std <= 0.20)
WT_Cand_663,6.812,0.041,High-Confidence (Std <= 0.20)
WT_Cand_664,6.225,0.154,High-Confidence (Std <= 0.20)
WT_Cand_665,6.03,0.122,High-Confidence (Std <= 0.20)
WT_Cand_666,6.972,0.011,High-Confidence (Std <= 0.20)
WT_Cand_667,6.557,0.032,High-Confidence (Std <= 0.20)
WT_Cand_668,8.58,0.398,Low-Confidence (Filtered Out)
WT_Cand_669,3.801,0.075,High-Confidence (Std <= 0.20)
WT_Cand_670,8.105,0.203,Low-Confidence (Filtered Out)
WT_Cand_671,8.283,0.051,High-Confidence (Std <= 0.20)
WT_Cand_672,4.466,0.443,Low-Confidence (Filtered Out)
WT_Cand_673,6.456,0.019,High-Confidence (Std <= 0.20)
WT_Cand_674,6.423,0.368,Low-Confidence (Filtered Out)
WT_Cand_675,5.231,0.163,High-Confidence (Std <= 0.20)
WT_Cand_676,5.956,0.258,Low-Confidence (Filtered Out)
WT_Cand_677,5.573,0.402,Low-Confidence (Filtered Out)
WT_Cand_678,8.865,0.185,High-Confidence (Std <= 0.20)
WT_Cand_679,7.926,0.532,Low-Confidence (Filtered Out)
WT_Cand_680,8.312,0.397,Low-Confidence (Filtered Out)
WT_Cand_681,7.68,0.252,Low-Confidence (Filtered Out)
WT_Cand_682,5.552,0.35,Low-Confidence (Filtered Out)
WT_Cand_683,6.247,0.149,High-Confidence (Std <= 0.20)
WT_Cand_684,7.413,0.059,High-Confidence (Std <= 0.20)
WT_Cand_685,5.445,0.772,Low-Confidence (Filtered Out)
WT_Cand_686,7.67,0.158,High-Confidence (Std <= 0.20)
WT_Cand_687,6.574,0.192,High-Confidence (Std <= 0.20)
WT_Cand_688,6.419,0.034,High-Confidence (Std <= 0.20)
WT_Cand_689,7.668,0.421,Low-Confidence (Filtered Out)
WT_Cand_690,7.361,0.188,High-Confidence (Std <= 0.20)
WT_Cand_691,6.435,0.233,Low-Confidence (Filtered Out)
WT_Cand_692,8.183,0.259,Low-Confidence (Filtered Out)
WT_Cand_693,5.607,0.073,High-Confidence (Std <= 0.20)
WT_Cand_694,7.558,0.413,Low-Confidence (Filtered Out)
WT_Cand_695,7.532,0.206,Low-Confidence (Filtered Out)
WT_Cand_696,6.494,0.013,High-Confidence (Std <= 0.20)
WT_Cand_697,7.225,0.351,Low-Confidence (Filtered Out)
WT_Cand_698,5.411,0.137,High-Confidence (Std <= 0.20)
WT_Cand_699,7.913,0.081,High-Confidence (Std <= 0.20)
WT_Cand_700,6.637,0.022,High-Confidence (Std <= 0.20)
WT_Cand_701,6.249,0.105,High-Confidence (Std <= 0.20)
WT_Cand_702,8.056,0.094,High-Confidence (Std <= 0.20)
WT_Cand_703,6.04,0.381,Low-Confidence (Filtered Out)
WT_Cand_704,5.23,0.087,High-Confidence (Std <= 0.20)
WT_Cand_705,5.06,0.029,High-Confidence (Std <= 0.20)
WT_Cand_706,7.547,0.235,Low-Confidence (Filtered Out)
WT_Cand_707,5.378,0.396,Low-Confidence (Filtered Out)
WT_Cand_708,8.868,0.112,High-Confidence (Std <= 0.20)
WT_Cand_709,4.456,0.611,Low-Confidence (Filtered Out)
WT_Cand_710,8.801,0.348,Low-Confidence (Filtered Out)
WT_Cand_711,7.093,0.423,Low-Confidence (Filtered Out)
WT_Cand_712,6.739,0.229,Low-Confidence (Filtered Out)
WT_Cand_713,6.223,0.209,Low-Confidence (Filtered Out)
WT_Cand_714,7.309,0.083,High-Confidence (Std <= 0.20)
WT_Cand_715,6.807,0.513,Low-Confidence (Filtered Out)
WT_Cand_716,8.119,0.451,Low-Confidence (Filtered Out)
WT_Cand_717,6.981,0.522,Low-Confidence (Filtered Out)
WT_Cand_718,7.023,0.15,High-Confidence (Std <= 0.20)
WT_Cand_719,6.432,0.114,High-Confidence (Std <= 0.20)
WT_Cand_720,6.785,0.285,Low-Confidence (Filtered Out)
WT_Cand_721,7.204,0.099,High-Confidence (Std <= 0.20)
WT_Cand_722,4.883,0.151,High-Confidence (Std <= 0.20)
WT_Cand_723,5.3,0.015,High-Confidence (Std <= 0.20)
WT_Cand_724,7.705,0.193,High-Confidence (Std <= 0.20)
WT_Cand_725,7.046,0.251,Low-Confidence (Filtered Out)
WT_Cand_726,6.638,0.43,Low-Confidence (Filtered Out)
WT_Cand_727,6.871,0.294,Low-Confidence (Filtered Out)
WT_Cand_728,7.25,0.334,Low-Confidence (Filtered Out)
WT_Cand_729,6.229,0.582,Low-Confidence (Filtered Out)
WT_Cand_730,5.955,0.068,High-Confidence (Std <= 0.20)
WT_Cand_731,7.075,0.056,High-Confidence (Std <= 0.20)
WT_Cand_732,5.725,0.182,High-Confidence (Std <= 0.20)
WT_Cand_733,7.319,0.049,High-Confidence (Std <= 0.20)
WT_Cand_734,4.892,0.204,Low-Confidence (Filtered Out)
WT_Cand_735,8.034,0.051,High-Confidence (Std <= 0.20)
WT_Cand_736,7.393,0.063,High-Confidence (Std <= 0.20)
WT_Cand_737,7.144,0.023,High-Confidence (Std <= 0.20)
WT_Cand_738,7.98,0.191,High-Confidence (Std <= 0.20)
WT_Cand_739,8.765,0.036,High-Confidence (Std <= 0.20)
WT_Cand_740,8.017,0.238,Low-Confidence (Filtered Out)
WT_Cand_741,4.733,0.271,Low-Confidence (Filtered Out)
WT_Cand_742,5.378,0.077,High-Confidence (Std <= 0.20)
WT_Cand_743,6.131,0.302,Low-Confidence (Filtered Out)
WT_Cand_744,6.88,0.276,Low-Confidence (Filtered Out)
WT_Cand_745,7.445,0.363,Low-Confidence (Filtered Out)
WT_Cand_746,6.015,0.07,High-Confidence (Std <= 0.20)
WT_Cand_747,7.065,0.067,High-Confidence (Std <= 0.20)
WT_Cand_748,5.981,0.26,Low-Confidence (Filtered Out)
WT_Cand_749,6.147,0.18,High-Confidence (Std <= 0.20)
WT_Cand_750,5.232,0.195,High-Confidence (Std <= 0.20)
WT_Cand_751,5.788,0.441,Low-Confidence (Filtered Out)
WT_Cand_752,5.296,0.319,Low-Confidence (Filtered Out)
WT_Cand_753,5.728,0.276,Low-Confidence (Filtered Out)
WT_Cand_754,8.062,0.251,Low-Confidence (Filtered Out)
WT_Cand_755,5.758,0.34,Low-Confidence (Filtered Out)
WT_Cand_756,9.877,0.131,High-Confidence (Std <= 0.20)
WT_Cand_757,7.417,0.047,High-Confidence (Std <= 0.20)
WT_Cand_758,7.063,0.087,High-Confidence (Std <= 0.20)
WT_Cand_759,5.863,0.076,High-Confidence (Std <= 0.20)
WT_Cand_760,7.655,0.252,Low-Confidence (Filtered Out)
WT_Cand_761,6.188,0.115,High-Confidence (Std <= 0.20)
WT_Cand_762,6.99,0.133,High-Confidence (Std <= 0.20)
WT_Cand_763,9.794,0.092,High-Confidence (Std <= 0.20)
WT_Cand_764,6.74,0.152,High-Confidence (Std <= 0.20)
WT_Cand_765,8.172,0.491,Low-Confidence (Filtered Out)
WT_Cand_766,6.041,0.022,High-Confidence (Std <= 0.20)
WT_Cand_767,6.81,0.559,Low-Confidence (Filtered Out)
WT_Cand_768,8.886,0.189,High-Confidence (Std <= 0.20)
WT_Cand_769,6.129,0.098,High-Confidence (Std <= 0.20)
WT_Cand_770,8.934,0.11,High-Confidence (Std <= 0.20)
WT_Cand_771,7.664,0.062,High-Confidence (Std <= 0.20)
WT_Cand_772,6.203,0.013,High-Confidence (Std <= 0.20)
WT_Cand_773,7.577,0.051,High-Confidence (Std <= 0.20)
WT_Cand_774,7.968,0.153,High-Confidence (Std <= 0.20)
WT_Cand_775,7.565,0.123,High-Confidence (Std <= 0.20)
WT_Cand_776,5.044,0.226,Low-Confidence (Filtered Out)
WT_Cand_777,6.014,0.093,High-Confidence (Std <= 0.20)
WT_Cand_778,6.565,0.081,High-Confidence (Std <= 0.20)
WT_Cand_779,6.764,0.703,Low-Confidence (Filtered Out)
WT_Cand_780,7.564,0.064,High-Confidence (Std <= 0.20)
WT_Cand_781,7.054,0.068,High-Confidence (Std <= 0.20)
WT_Cand_782,5.314,0.336,Low-Confidence (Filtered Out)
WT_Cand_783,7.287,0.275,Low-Confidence (Filtered Out)
WT_Cand_784,7.552,0.105,High-Confidence (Std <= 0.20)
WT_Cand_785,7.494,0.293,Low-Confidence (Filtered Out)
WT_Cand_786,8.093,0.169,High-Confidence (Std <= 0.20)
WT_Cand_787,7.809,0.094,High-Confidence (Std <= 0.20)
WT_Cand_788,7.378,0.261,Low-Confidence (Filtered Out)
WT_Cand_789,6.769,0.155,High-Confidence (Std <= 0.20)
WT_Cand_790,4.94,0.014,High-Confidence (Std <= 0.20)
WT_Cand_791,7.344,0.261,Low-Confidence (Filtered Out)
WT_Cand_792,7.089,0.135,High-Confidence (Std <= 0.20)
WT_Cand_793,7.162,0.463,Low-Confidence (Filtered Out)
WT_Cand_794,5.382,0.304,Low-Confidence (Filtered Out)
WT_Cand_795,5.607,0.181,High-Confidence (Std <= 0.20)
WT_Cand_796,8.061,0.108,High-Confidence (Std <= 0.20)
WT_Cand_797,6.805,0.151,High-Confidence (Std <= 0.20)
WT_Cand_798,7.634,0.061,High-Confidence (Std <= 0.20)
WT_Cand_799,6.883,0.181,High-Confidence (Std <= 0.20)
WT_Cand_800,6.884,0.489,Low-Confidence (Filtered Out)
WT_Cand_801,7.929,0.61,Low-Confidence (Filtered Out)
WT_Cand_802,6.257,0.387,Low-Confidence (Filtered Out)
WT_Cand_803,6.961,0.172,High-Confidence (Std <= 0.20)
WT_Cand_804,6.318,0.029,High-Confidence (Std <= 0.20)
WT_Cand_805,6.35,0.143,High-Confidence (Std <= 0.20)
WT_Cand_806,6.494,0.32,Low-Confidence (Filtered Out)
WT_Cand_807,7.105,0.292,Low-Confidence (Filtered Out)
WT_Cand_808,6.299,0.131,High-Confidence (Std <= 0.20)
WT_Cand_809,8.294,0.122,High-Confidence (Std <= 0.20)
WT_Cand_810,5.821,0.212,Low-Confidence (Filtered Out)
WT_Cand_811,6.635,0.16,High-Confidence (Std <= 0.20)
WT_Cand_812,6.344,0.142,High-Confidence (Std <= 0.20)
WT_Cand_813,8.514,0.136,High-Confidence (Std <= 0.20)
WT_Cand_814,7.076,0.428,Low-Confidence (Filtered Out)
WT_Cand_815,8.037,0.052,High-Confidence (Std <= 0.20)
WT_Cand_816,5.142,0.115,High-Confidence (Std <= 0.20)
WT_Cand_817,7.157,0.121,High-Confidence (Std <= 0.20)
WT_Cand_818,7.873,0.176,High-Confidence (Std <= 0.20)
WT_Cand_819,6.945,0.155,High-Confidence (Std <= 0.20)
WT_Cand_820,8.075,0.146,High-Confidence (Std <= 0.20)
WT_Cand_821,6.255,0.056,High-Confidence (Std <= 0.20)
WT_Cand_822,8.471,0.155,High-Confidence (Std <= 0.20)
WT_Cand_823,9.494,0.255,Low-Confidence (Filtered Out)
WT_Cand_824,6.433,0.181,High-Confidence (Std <= 0.20)
WT_Cand_825,6.338,0.051,High-Confidence (Std <= 0.20)
WT_Cand_826,8.521,0.167,High-Confidence (Std <= 0.20)
WT_Cand_827,8.667,0.157,High-Confidence (Std <= 0.20)
WT_Cand_828,6.249,0.111,High-Confidence (Std <= 0.20)
WT_Cand_829,6.367,0.183,High-Confidence (Std <= 0.20)
WT_Cand_830,6.526,0.084,High-Confidence (Std <= 0.20)
WT_Cand_831,5.304,0.264,Low-Confidence (Filtered Out)
WT_Cand_832,5.794,0.583,Low-Confidence (Filtered Out)
WT_Cand_833,5.695,0.283,Low-Confidence (Filtered Out)
WT_Cand_834,5.967,0.07,High-Confidence (Std <= 0.20)
WT_Cand_835,6.81,0.253,Low-Confidence (Filtered Out)
WT_Cand_836,7.119,0.305,Low-Confidence (Filtered Out)
WT_Cand_837,8.633,0.209,Low-Confidence (Filtered Out)
WT_Cand_838,5.702,0.227,Low-Confidence (Filtered Out)
WT_Cand_839,7.982,0.143,High-Confidence (Std <= 0.20)
WT_Cand_840,6.604,0.042,High-Confidence (Std <= 0.20)
WT_Cand_841,6.793,0.134,High-Confidence (Std <= 0.20)
WT_Cand_842,7.626,0.06,High-Confidence (Std <= 0.20)
WT_Cand_843,5.559,0.124,High-Confidence (Std <= 0.20)
WT_Cand_844,7.29,0.091,High-Confidence (Std <= 0.20)
WT_Cand_845,7.041,0.056,High-Confidence (Std <= 0.20)
WT_Cand_846,7.416,0.416,Low-Confidence (Filtered Out)
WT_Cand_847,7.183,0.152,High-Confidence (Std <= 0.20)
WT_Cand_848,9.674,0.094,High-Confidence (Std <= 0.20)
WT_Cand_849,6.117,0.024,High-Confidence (Std <= 0.20)
WT_Cand_850,6.239,0.293,Low-Confidence (Filtered Out)
WT_Cand_851,6.133,0.186,High-Confidence (Std <= 0.20)
WT_Cand_852,6.211,0.644,Low-Confidence (Filtered Out)
WT_Cand_853,6.117,0.077,High-Confidence (Std <= 0.20)
WT_Cand_854,8.217,0.391,Low-Confidence (Filtered Out)
WT_Cand_855,8.484,0.134,High-Confidence (Std <= 0.20)
WT_Cand_856,6.194,0.063,High-Confidence (Std <= 0.20)
WT_Cand_857,5.893,0.105,High-Confidence (Std <= 0.20)
WT_Cand_858,7.392,0.169,High-Confidence (Std <= 0.20)
WT_Cand_859,6.215,0.094,High-Confidence (Std <= 0.20)
WT_Cand_860,7.578,0.044,High-Confidence (Std <= 0.20)
WT_Cand_861,7.083,0.061,High-Confidence (Std <= 0.20)
WT_Cand_862,5.107,0.235,Low-Confidence (Filtered Out)
WT_Cand_863,8.63,0.053,High-Confidence (Std <= 0.20)
WT_Cand_864,8.915,0.083,High-Confidence (Std <= 0.20)
WT_Cand_865,6.145,0.055,High-Confidence (Std <= 0.20)
WT_Cand_866,6.404,0.19,High-Confidence (Std <= 0.20)
WT_Cand_867,7.179,0.878,Low-Confidence (Filtered Out)
WT_Cand_868,7.235,0.227,Low-Confidence (Filtered Out)
WT_Cand_869,7.607,0.073,High-Confidence (Std <= 0.20)
WT_Cand_870,9.162,0.19,High-Confidence (Std <= 0.20)
WT_Cand_871,6.647,0.078,High-Confidence (Std <= 0.20)
WT_Cand_872,5.932,0.175,High-Confidence (Std <= 0.20)
WT_Cand_873,5.264,0.453,Low-Confidence (Filtered Out)
WT_Cand_874,6.009,0.145,High-Confidence (Std <= 0.20)
WT_Cand_875,6.812,0.201,Low-Confidence (Filtered Out)
WT_Cand_876,8.914,0.151,High-Confidence (Std <= 0.20)
WT_Cand_877,6.255,0.313,Low-Confidence (Filtered Out)
WT_Cand_878,7.107,0.259,Low-Confidence (Filtered Out)
WT_Cand_879,6.831,0.11,High-Confidence (Std <= 0.20)
WT_Cand_880,8.217,0.259,Low-Confidence (Filtered Out)
WT_Cand_881,9.756,0.177,High-Confidence (Std <= 0.20)
WT_Cand_882,6.24,0.101,High-Confidence (Std <= 0.20)
WT_Cand_883,6.287,0.103,High-Confidence (Std <= 0.20)
WT_Cand_884,8.051,0.172,High-Confidence (Std <= 0.20)
WT_Cand_885,7.634,0.199,High-Confidence (Std <= 0.20)
WT_Cand_886,8.974,0.131,High-Confidence (Std <= 0.20)
WT_Cand_887,7.522,0.203,Low-Confidence (Filtered Out)
WT_Cand_888,6.437,0.071,High-Confidence (Std <= 0.20)
WT_Cand_889,7.529,0.05,High-Confidence (Std <= 0.20)
WT_Cand_890,8.125,0.029,High-Confidence (Std <= 0.20)
WT_Cand_891,7.794,0.232,Low-Confidence (Filtered Out)
WT_Cand_892,7.433,0.025,High-Confidence (Std <= 0.20)
WT_Cand_893,8.077,0.201,Low-Confidence (Filtered Out)
WT_Cand_894,8.195,0.096,High-Confidence (Std <= 0.20)
WT_Cand_895,8.439,0.113,High-Confidence (Std <= 0.20)
WT_Cand_896,7.596,0.114,High-Confidence (Std <= 0.20)
WT_Cand_897,6.658,0.77,Low-Confidence (Filtered Out)
WT_Cand_898,7.019,0.085,High-Confidence (Std <= 0.20)
WT_Cand_899,8.237,0.059,High-Confidence (Std <= 0.20)
WT_Cand_900,5.911,0.56,Low-Confidence (Filtered Out)
WT_Cand_901,7.274,0.033,High-Confidence (Std <= 0.20)
WT_Cand_902,6.398,0.043,High-Confidence (Std <= 0.20)
WT_Cand_903,6.883,0.297,Low-Confidence (Filtered Out)
WT_Cand_904,8.32,0.207,Low-Confidence (Filtered Out)
WT_Cand_905,7.07,0.103,High-Confidence (Std <= 0.20)
WT_Cand_906,6.903,0.052,High-Confidence (Std <= 0.20)
WT_Cand_907,5.286,0.012,High-Confidence (Std <= 0.20)
WT_Cand_908,7.708,0.472,Low-Confidence (Filtered Out)
WT_Cand_909,7.592,0.259,Low-Confidence (Filtered Out)
WT_Cand_910,9.338,0.434,Low-Confidence (Filtered Out)
WT_Cand_911,6.496,0.341,Low-Confidence (Filtered Out)
WT_Cand_912,7.102,0.216,Low-Confidence (Filtered Out)
WT_Cand_913,7.137,0.083,High-Confidence (Std <= 0.20)
WT_Cand_914,8.664,0.052,High-Confidence (Std <= 0.20)
WT_Cand_915,6.74,0.366,Low-Confidence (Filtered Out)
WT_Cand_916,7.171,0.096,High-Confidence (Std <= 0.20)
WT_Cand_917,7.549,0.055,High-Confidence (Std <= 0.20)
WT_Cand_918,7.065,0.077,High-Confidence (Std <= 0.20)
WT_Cand_919,6.337,0.384,Low-Confidence (Filtered Out)
WT_Cand_920,7.073,0.062,High-Confidence (Std <= 0.20)
WT_Cand_921,8.085,0.103,High-Confidence (Std <= 0.20)
WT_Cand_922,5.67,0.134,High-Confidence (Std <= 0.20)
WT_Cand_923,7.003,0.18,High-Confidence (Std <= 0.20)
WT_Cand_924,6.045,0.057,High-Confidence (Std <= 0.20)
WT_Cand_925,8.224,0.13,High-Confidence (Std <= 0.20)
WT_Cand_926,5.098,0.301,Low-Confidence (Filtered Out)
WT_Cand_927,6.207,0.645,Low-Confidence (Filtered Out)
WT_Cand_928,7.284,0.046,High-Confidence (Std <= 0.20)
WT_Cand_929,8.65,0.055,High-Confidence (Std <= 0.20)
WT_Cand_930,6.774,0.064,High-Confidence (Std <= 0.20)
WT_Cand_931,6.212,0.246,Low-Confidence (Filtered Out)
WT_Cand_932,9.013,0.05,High-Confidence (Std <= 0.20)
WT_Cand_933,5.185,0.126,High-Confidence (Std <= 0.20)
WT_Cand_934,4.321,0.114,High-Confidence (Std <= 0.20)
WT_Cand_935,7.356,0.686,Low-Confidence (Filtered Out)
WT_Cand_936,6.273,0.084,High-Confidence (Std <= 0.20)
WT_Cand_937,5.676,0.079,High-Confidence (Std <= 0.20)
WT_Cand_938,7.665,0.246,Low-Confidence (Filtered Out)
WT_Cand_939,7.13,0.19,High-Confidence (Std <= 0.20)
WT_Cand_940,6.201,0.074,High-Confidence (Std <= 0.20)
WT_Cand_941,5.378,0.404,Low-Confidence (Filtered Out)
WT_Cand_942,7.853,0.032,High-Confidence (Std <= 0.20)
WT_Cand_943,7.598,0.138,High-Confidence (Std <= 0.20)
WT_Cand_944,6.736,0.108,High-Confidence (Std <= 0.20)
WT_Cand_945,8.974,0.127,High-Confidence (Std <= 0.20)
WT_Cand_946,5.619,0.073,High-Confidence (Std <= 0.20)
WT_Cand_947,5.096,0.13,High-Confidence (Std <= 0.20)
WT_Cand_948,6.054,0.172,High-Confidence (Std <= 0.20)
WT_Cand_949,6.798,0.005,High-Confidence (Std <= 0.20)
WT_Cand_950,7.13,0.092,High-Confidence (Std <= 0.20)
WT_Cand_951,6.573,0.065,High-Confidence (Std <= 0.20)
WT_Cand_952,7.255,0.533,Low-Confidence (Filtered Out)
WT_Cand_953,5.411,0.21,Low-Confidence (Filtered Out)
WT_Cand_954,8.51,0.061,High-Confidence (Std <= 0.20)
WT_Cand_955,6.756,0.087,High-Confidence (Std <= 0.20)
WT_Cand_956,8.135,0.112,High-Confidence (Std <= 0.20)
WT_Cand_957,7.244,0.086,High-Confidence (Std <= 0.20)
WT_Cand_958,7.375,0.223,Low-Confidence (Filtered Out)
WT_Cand_959,7.505,0.467,Low-Confidence (Filtered Out)
WT_Cand_960,7.365,0.105,High-Confidence (Std <= 0.20)
WT_Cand_961,7.589,0.642,Low-Confidence (Filtered Out)
WT_Cand_962,8.379,0.109,High-Confidence (Std <= 0.20)
WT_Cand_963,7.076,0.181,High-Confidence (Std <= 0.20)
WT_Cand_964,7.665,0.008,High-Confidence (Std <= 0.20)
WT_Cand_965,6.747,0.4,Low-Confidence (Filtered Out)
WT_Cand_966,8.506,0.045,High-Confidence (Std <= 0.20)
WT_Cand_967,6.072,0.206,Low-Confidence (Filtered Out)
WT_Cand_968,8.921,0.055,High-Confidence (Std <= 0.20)
WT_Cand_969,6.804,0.003,High-Confidence (Std <= 0.20)
WT_Cand_970,5.205,0.19,High-Confidence (Std <= 0.20)
WT_Cand_971,6.997,0.264,Low-Confidence (Filtered Out)
WT_Cand_972,6.067,0.134,High-Confidence (Std <= 0.20)
WT_Cand_973,7.817,0.039,High-Confidence (Std <= 0.20)
WT_Cand_974,6.099,0.736,Low-Confidence (Filtered Out)
WT_Cand_975,6.337,0.256,Low-Confidence (Filtered Out)
WT_Cand_976,4.677,0.166,High-Confidence (Std <= 0.20)
WT_Cand_977,6.33,0.352,Low-Confidence (Filtered Out)
WT_Cand_978,4.063,0.086,High-Confidence (Std <= 0.20)
WT_Cand_979,5.029,0.572,Low-Confidence (Filtered Out)
WT_Cand_980,7.724,0.26,Low-Confidence (Filtered Out)
WT_Cand_981,7.754,0.327,Low-Confidence (Filtered Out)
WT_Cand_982,7.339,0.103,High-Confidence (Std <= 0.20)
WT_Cand_983,5.738,0.044,High-Confidence (Std <= 0.20)
WT_Cand_984,6.795,0.168,High-Confidence (Std <= 0.20)
WT_Cand_985,6.846,0.089,High-Confidence (Std <= 0.20)
WT_Cand_986,5.518,0.622,Low-Confidence (Filtered Out)
WT_Cand_987,8.579,0.03,High-Confidence (Std <= 0.20)
WT_Cand_988,7.859,0.427,Low-Confidence (Filtered Out)
WT_Cand_989,6.596,0.019,High-Confidence (Std <= 0.20)
WT_Cand_990,6.881,0.055,High-Confidence (Std <= 0.20)
WT_Cand_991,7.09,0.018,High-Confidence (Std <= 0.20)
WT_Cand_992,4.502,0.086,High-Confidence (Std <= 0.20)
WT_Cand_993,6.566,0.117,High-Confidence (Std <= 0.20)
WT_Cand_994,6.066,0.075,High-Confidence (Std <= 0.20)
WT_Cand_995,5.698,0.205,Low-Confidence (Filtered Out)
WT_Cand_996,6.527,0.118,High-Confidence (Std <= 0.20)
WT_Cand_997,8.917,0.009,High-Confidence (Std <= 0.20)
WT_Cand_998,7.587,0.052,High-Confidence (Std <= 0.20)
WT_Cand_999,6.193,0.102,High-Confidence (Std <= 0.20)
WT_Cand_1000,7.508,0.341,Low-Confidence (Filtered Out)
WT_Cand_1001,8.459,0.159,High-Confidence (Std <= 0.20)
WT_Cand_1002,7.913,0.09,High-Confidence (Std <= 0.20)
WT_Cand_1003,6.919,0.026,High-Confidence (Std <= 0.20)
WT_Cand_1004,6.106,0.165,High-Confidence (Std <= 0.20)
WT_Cand_1005,7.653,0.404,Low-Confidence (Filtered Out)
WT_Cand_1006,7.303,0.107,High-Confidence (Std <= 0.20)
WT_Cand_1007,7.879,0.057,High-Confidence (Std <= 0.20)
WT_Cand_1008,7.58,0.232,Low-Confidence (Filtered Out)
WT_Cand_1009,8.057,0.351,Low-Confidence (Filtered Out)
WT_Cand_1010,6.234,0.121,High-Confidence (Std <= 0.20)
WT_Cand_1011,8.365,0.255,Low-Confidence (Filtered Out)
WT_Cand_1012,7.077,0.095,High-Confidence (Std <= 0.20)
WT_Cand_1013,9.237,0.265,Low-Confidence (Filtered Out)
WT_Cand_1014,6.057,0.42,Low-Confidence (Filtered Out)
WT_Cand_1015,8.846,0.297,Low-Confidence (Filtered Out)
WT_Cand_1016,7.078,0.224,Low-Confidence (Filtered Out)
WT_Cand_1017,6.101,0.528,Low-Confidence (Filtered Out)
WT_Cand_1018,6.294,0.112,High-Confidence (Std <= 0.20)
WT_Cand_1019,6.482,0.224,Low-Confidence (Filtered Out)
WT_Cand_1020,7.338,0.115,High-Confidence (Std <= 0.20)
WT_Cand_1021,7.451,0.224,Low-Confidence (Filtered Out)
WT_Cand_1022,6.19,0.257,Low-Confidence (Filtered Out)
WT_Cand_1023,6.822,0.312,Low-Confidence (Filtered Out)
WT_Cand_1024,9.314,0.149,High-Confidence (Std <= 0.20)
WT_Cand_1025,8.837,0.014,High-Confidence (Std <= 0.20)
WT_Cand_1026,7.352,0.118,High-Confidence (Std <= 0.20)
WT_Cand_1027,6.894,0.25,Low-Confidence (Filtered Out)
WT_Cand_1028,6.988,0.189,High-Confidence (Std <= 0.20)
WT_Cand_1029,7.556,0.213,Low-Confidence (Filtered Out)
WT_Cand_1030,5.674,0.27,Low-Confidence (Filtered Out)
WT_Cand_1031,6.554,0.044,High-Confidence (Std <= 0.20)
WT_Cand_1032,4.931,0.281,Low-Confidence (Filtered Out)
WT_Cand_1033,7.309,0.548,Low-Confidence (Filtered Out)
WT_Cand_1034,7.594,0.102,High-Confidence (Std <= 0.20)
WT_Cand_1035,6.294,0.318,Low-Confidence (Filtered Out)
WT_Cand_1036,8.66,0.157,High-Confidence (Std <= 0.20)
WT_Cand_1037,5.44,0.208,Low-Confidence (Filtered Out)
WT_Cand_1038,5.166,0.294,Low-Confidence (Filtered Out)
WT_Cand_1039,7.108,0.188,High-Confidence (Std <= 0.20)
WT_Cand_1040,8.054,0.096,High-Confidence (Std <= 0.20)
WT_Cand_1041,8.787,0.195,High-Confidence (Std <= 0.20)
WT_Cand_1042,6.322,0.057,High-Confidence (Std <= 0.20)
WT_Cand_1043,8.09,0.026,High-Confidence (Std <= 0.20)
WT_Cand_1044,6.806,0.441,Low-Confidence (Filtered Out)
WT_Cand_1045,6.651,0.217,Low-Confidence (Filtered Out)
WT_Cand_1046,7.866,0.259,Low-Confidence (Filtered Out)
WT_Cand_1047,7.6,0.179,High-Confidence (Std <= 0.20)
WT_Cand_1048,5.037,0.019,High-Confidence (Std <= 0.20)
WT_Cand_1049,8.548,0.418,Low-Confidence (Filtered Out)
WT_Cand_1050,8.437,0.096,High-Confidence (Std <= 0.20)
WT_Cand_1051,6.131,0.116,High-Confidence (Std <= 0.20)
WT_Cand_1052,7.305,0.38,Low-Confidence (Filtered Out)
WT_Cand_1053,7.418,0.056,High-Confidence (Std <= 0.20)
WT_Cand_1054,7.15,0.107,High-Confidence (Std <= 0.20)
WT_Cand_1055,6.217,0.1,High-Confidence (Std <= 0.20)
WT_Cand_1056,6.078,0.054,High-Confidence (Std <= 0.20)
WT_Cand_1057,6.821,0.159,High-Confidence (Std <= 0.20)
WT_Cand_1058,8.199,0.063,High-Confidence (Std <= 0.20)
WT_Cand_1059,7.475,0.432,Low-Confidence (Filtered Out)
WT_Cand_1060,6.424,0.024,High-Confidence (Std <= 0.20)
WT_Cand_1061,7.737,0.037,High-Confidence (Std <= 0.20)
WT_Cand_1062,3.574,0.107,High-Confidence (Std <= 0.20)
WT_Cand_1063,8.171,0.144,High-Confidence (Std <= 0.20)
WT_Cand_1064,4.849,0.074,High-Confidence (Std <= 0.20)
WT_Cand_1065,6.433,0.273,Low-Confidence (Filtered Out)
WT_Cand_1066,5.562,0.122,High-Confidence (Std <= 0.20)
WT_Cand_1067,5.361,0.228,Low-Confidence (Filtered Out)
WT_Cand_1068,8.185,0.408,Low-Confidence (Filtered Out)
WT_Cand_1069,6.312,0.515,Low-Confidence (Filtered Out)
WT_Cand_1070,7.248,0.109,High-Confidence (Std <= 0.20)
WT_Cand_1071,6.796,0.158,High-Confidence (Std <= 0.20)
WT_Cand_1072,7.399,0.187,High-Confidence (Std <= 0.20)
WT_Cand_1073,6.938,0.113,High-Confidence (Std <= 0.20)
WT_Cand_1074,5.375,0.05,High-Confidence (Std <= 0.20)
WT_Cand_1075,7.996,0.333,Low-Confidence (Filtered Out)
WT_Cand_1076,6.282,0.05,High-Confidence (Std <= 0.20)
WT_Cand_1077,5.06,0.359,Low-Confidence (Filtered Out)
WT_Cand_1078,6.358,0.214,Low-Confidence (Filtered Out)
WT_Cand_1079,8.576,0.181,High-Confidence (Std <= 0.20)
WT_Cand_1080,7.828,0.069,High-Confidence (Std <= 0.20)
WT_Cand_1081,6.449,0.012,High-Confidence (Std <= 0.20)
WT_Cand_1082,6.448,0.327,Low-Confidence (Filtered Out)
WT_Cand_1083,6.48,0.068,High-Confidence (Std <= 0.20)
WT_Cand_1084,9.238,0.225,Low-Confidence (Filtered Out)
WT_Cand_1085,7.289,0.235,Low-Confidence (Filtered Out)
WT_Cand_1086,7.345,0.146,High-Confidence (Std <= 0.20)
WT_Cand_1087,8.035,0.183,High-Confidence (Std <= 0.20)
WT_Cand_1088,7.125,0.211,Low-Confidence (Filtered Out)
WT_Cand_1089,6.552,0.17,High-Confidence (Std <= 0.20)
WT_Cand_1090,6.624,0.061,High-Confidence (Std <= 0.20)
WT_Cand_1091,6.768,0.024,High-Confidence (Std <= 0.20)
WT_Cand_1092,6.807,0.075,High-Confidence (Std <= 0.20)
WT_Cand_1093,7.687,0.101,High-Confidence (Std <= 0.20)
WT_Cand_1094,6.91,0.425,Low-Confidence (Filtered Out)
WT_Cand_1095,7.693,0.039,High-Confidence (Std <= 0.20)
WT_Cand_1096,6.757,0.472,Low-Confidence (Filtered Out)
WT_Cand_1097,6.94,0.59,Low-Confidence (Filtered Out)
WT_Cand_1098,4.552,0.077,High-Confidence (Std <= 0.20)
WT_Cand_1099,7.904,0.574,Low-Confidence (Filtered Out)
WT_Cand_1100,7.248,0.127,High-Confidence (Std <= 0.20)
WT_Cand_1101,7.998,0.108,High-Confidence (Std <= 0.20)
WT_Cand_1102,3.519,0.425,Low-Confidence (Filtered Out)
WT_Cand_1103,9.252,0.176,High-Confidence (Std <= 0.20)
WT_Cand_1104,6.689,0.154,High-Confidence (Std <= 0.20)
WT_Cand_1105,8.124,0.073,High-Confidence (Std <= 0.20)
WT_Cand_1106,5.654,0.081,High-Confidence (Std <= 0.20)
WT_Cand_1107,7.555,0.159,High-Confidence (Std <= 0.20)
WT_Cand_1108,5.639,0.425,Low-Confidence (Filtered Out)
WT_Cand_1109,6.133,0.039,High-Confidence (Std <= 0.20)
WT_Cand_1110,9.051,0.133,High-Confidence (Std <= 0.20)
WT_Cand_1111,6.631,0.03,High-Confidence (Std <= 0.20)
WT_Cand_1112,7.1,0.069,High-Confidence (Std <= 0.20)
WT_Cand_1113,7.851,0.253,Low-Confidence (Filtered Out)
WT_Cand_1114,7.42,0.056,High-Confidence (Std <= 0.20)
WT_Cand_1115,7.023,0.345,Low-Confidence (Filtered Out)
WT_Cand_1116,7.27,0.056,High-Confidence (Std <= 0.20)
WT_Cand_1117,9.614,0.083,High-Confidence (Std <= 0.20)
WT_Cand_1118,6.784,0.014,High-Confidence (Std <= 0.20)
WT_Cand_1119,7.081,0.346,Low-Confidence (Filtered Out)
WT_Cand_1120,8.058,0.307,Low-Confidence (Filtered Out)
WT_Cand_1121,8.121,0.031,High-Confidence (Std <= 0.20)
WT_Cand_1122,8.215,0.109,High-Confidence (Std <= 0.20)
WT_Cand_1123,7.585,0.1,High-Confidence (Std <= 0.20)
WT_Cand_1124,5.536,0.092,High-Confidence (Std <= 0.20)
WT_Cand_1125,8.728,0.593,Low-Confidence (Filtered Out)
WT_Cand_1126,5.532,0.09,High-Confidence (Std <= 0.20)
WT_Cand_1127,7.198,0.059,High-Confidence (Std <= 0.20)
WT_Cand_1128,5.983,0.016,High-Confidence (Std <= 0.20)
WT_Cand_1129,6.776,0.063,High-Confidence (Std <= 0.20)
WT_Cand_1130,7.228,0.424,Low-Confidence (Filtered Out)
WT_Cand_1131,7.22,0.174,High-Confidence (Std <= 0.20)
WT_Cand_1132,7.335,0.174,High-Confidence (Std <= 0.20)
WT_Cand_1133,8.706,0.067,High-Confidence (Std <= 0.20)
WT_Cand_1134,7.372,0.374,Low-Confidence (Filtered Out)
WT_Cand_1135,6.569,0.228,Low-Confidence (Filtered Out)
WT_Cand_1136,7.959,0.093,High-Confidence (Std <= 0.20)
WT_Cand_1137,8.218,0.05,High-Confidence (Std <= 0.20)
WT_Cand_1138,5.438,0.133,High-Confidence (Std <= 0.20)
WT_Cand_1139,7.537,0.055,High-Confidence (Std <= 0.20)
WT_Cand_1140,7.656,0.119,High-Confidence (Std <= 0.20)
WT_Cand_1141,6.508,0.16,High-Confidence (Std <= 0.20)
WT_Cand_1142,8.432,0.07,High-Confidence (Std <= 0.20)
WT_Cand_1143,6.677,0.206,Low-Confidence (Filtered Out)
WT_Cand_1144,6.994,0.072,High-Confidence (Std <= 0.20)
WT_Cand_1145,6.651,0.159,High-Confidence (Std <= 0.20)
WT_Cand_1146,6.868,0.124,High-Confidence (Std <= 0.20)
WT_Cand_1147,5.589,0.519,Low-Confidence (Filtered Out)
WT_Cand_1148,5.194,0.144,High-Confidence (Std <= 0.20)
WT_Cand_1149,8.684,0.305,Low-Confidence (Filtered Out)
WT_Cand_1150,5.876,0.098,High-Confidence (Std <= 0.20)
WT_Cand_1151,5.71,0.056,High-Confidence (Std <= 0.20)
WT_Cand_1152,4.374,0.214,Low-Confidence (Filtered Out)
WT_Cand_1153,6.115,0.067,High-Confidence (Std <= 0.20)
WT_Cand_1154,5.328,0.263,Low-Confidence (Filtered Out)
WT_Cand_1155,8.738,0.036,High-Confidence (Std <= 0.20)
WT_Cand_1156,8.011,0.191,High-Confidence (Std <= 0.20)
WT_Cand_1157,6.059,0.141,High-Confidence (Std <= 0.20)
WT_Cand_1158,9.44,0.446,Low-Confidence (Filtered Out)
WT_Cand_1159,7.979,0.208,Low-Confidence (Filtered Out)
WT_Cand_1160,6.476,0.126,High-Confidence (Std <= 0.20)
WT_Cand_1161,3.976,0.279,Low-Confidence (Filtered Out)
WT_Cand_1162,9.485,0.005,High-Confidence (Std <= 0.20)
WT_Cand_1163,5.252,0.23,Low-Confidence (Filtered Out)
WT_Cand_1164,4.958,0.247,Low-Confidence (Filtered Out)
WT_Cand_1165,8.026,0.271,Low-Confidence (Filtered Out)
WT_Cand_1166,9.656,0.255,Low-Confidence (Filtered Out)
WT_Cand_1167,8.442,0.222,Low-Confidence (Filtered Out)
WT_Cand_1168,7.498,0.102,High-Confidence (Std <= 0.20)
WT_Cand_1169,7.534,0.164,High-Confidence (Std <= 0.20)
WT_Cand_1170,7.831,0.077,High-Confidence (Std <= 0.20)
WT_Cand_1171,7.723,0.06,High-Confidence (Std <= 0.20)
WT_Cand_1172,7.173,0.107,High-Confidence (Std <= 0.20)
WT_Cand_1173,6.97,0.12,High-Confidence (Std <= 0.20)
WT_Cand_1174,6.778,0.199,High-Confidence (Std <= 0.20)
WT_Cand_1175,5.983,0.394,Low-Confidence (Filtered Out)
WT_Cand_1176,6.527,0.3,Low-Confidence (Filtered Out)
WT_Cand_1177,4.903,0.186,High-Confidence (Std <= 0.20)
WT_Cand_1178,6.737,0.357,Low-Confidence (Filtered Out)
WT_Cand_1179,5.713,0.145,High-Confidence (Std <= 0.20)
WT_Cand_1180,5.581,0.225,Low-Confidence (Filtered Out)
WT_Cand_1181,7.057,0.103,High-Confidence (Std <= 0.20)
WT_Cand_1182,8.451,0.142,High-Confidence (Std <= 0.20)
WT_Cand_1183,7.906,0.112,High-Confidence (Std <= 0.20)
WT_Cand_1184,5.044,0.021,High-Confidence (Std <= 0.20)
WT_Cand_1185,5.712,0.022,High-Confidence (Std <= 0.20)
WT_Cand_1186,7.932,0.032,High-Confidence (Std <= 0.20)
WT_Cand_1187,5.72,0.187,High-Confidence (Std <= 0.20)
WT_Cand_1188,6.592,0.401,Low-Confidence (Filtered Out)
WT_Cand_1189,7.483,0.356,Low-Confidence (Filtered Out)
WT_Cand_1190,5.736,0.227,Low-Confidence (Filtered Out)
WT_Cand_1191,6.971,0.086,High-Confidence (Std <= 0.20)
WT_Cand_1192,5.316,0.058,High-Confidence (Std <= 0.20)
WT_Cand_1193,6.158,0.159,High-Confidence (Std <= 0.20)
WT_Cand_1194,7.218,0.084,High-Confidence (Std <= 0.20)
WT_Cand_1195,5.018,0.028,High-Confidence (Std <= 0.20)
WT_Cand_1196,7.357,0.049,High-Confidence (Std <= 0.20)
WT_Cand_1197,6.827,0.102,High-Confidence (Std <= 0.20)
WT_Cand_1198,7.485,0.391,Low-Confidence (Filtered Out)
WT_Cand_1199,7.108,0.018,High-Confidence (Std <= 0.20)
WT_Cand_1200,8.419,0.038,High-Confidence (Std <= 0.20)
WT_Cand_1201,6.994,0.11,High-Confidence (Std <= 0.20)
WT_Cand_1202,6.356,0.066,High-Confidence (Std <= 0.20)
WT_Cand_1203,6.991,0.205,Low-Confidence (Filtered Out)
WT_Cand_1204,7.475,0.113,High-Confidence (Std <= 0.20)
WT_Cand_1205,6.906,0.028,High-Confidence (Std <= 0.20)
WT_Cand_1206,6.897,0.086,High-Confidence (Std <= 0.20)
WT_Cand_1207,6.043,0.165,High-Confidence (Std <= 0.20)
WT_Cand_1208,6.088,0.248,Low-Confidence (Filtered Out)
WT_Cand_1209,5.237,0.037,High-Confidence (Std <= 0.20)
WT_Cand_1210,8.862,0.175,High-Confidence (Std <= 0.20)
WT_Cand_1211,5.42,0.105,High-Confidence (Std <= 0.20)
WT_Cand_1212,6.053,0.354,Low-Confidence (Filtered Out)
WT_Cand_1213,6.024,0.087,High-Confidence (Std <= 0.20)
WT_Cand_1214,7.879,0.028,High-Confidence (Std <= 0.20)
WT_Cand_1215,6.511,0.071,High-Confidence (Std <= 0.20)
WT_Cand_1216,8.285,0.012,High-Confidence (Std <= 0.20)
WT_Cand_1217,6.075,0.018,High-Confidence (Std <= 0.20)
WT_Cand_1218,7.171,0.207,Low-Confidence (Filtered Out)
WT_Cand_1219,5.889,0.187,High-Confidence (Std <= 0.20)
WT_Cand_1220,9.317,0.216,Low-Confidence (Filtered Out)
WT_Cand_1221,5.484,0.078,High-Confidence (Std <= 0.20)
WT_Cand_1222,7.206,0.051,High-Confidence (Std <= 0.20)
WT_Cand_1223,7.579,0.666,Low-Confidence (Filtered Out)
WT_Cand_1224,7.326,0.157,High-Confidence (Std <= 0.20)
WT_Cand_1225,6.637,0.044,High-Confidence (Std <= 0.20)
WT_Cand_1226,6.701,0.432,Low-Confidence (Filtered Out)
WT_Cand_1227,6.9,0.385,Low-Confidence (Filtered Out)
WT_Cand_1228,6.681,0.236,Low-Confidence (Filtered Out)
WT_Cand_1229,7.958,0.118,High-Confidence (Std <= 0.20)
WT_Cand_1230,9.392,0.059,High-Confidence (Std <= 0.20)
WT_Cand_1231,6.209,0.09,High-Confidence (Std <= 0.20)
WT_Cand_1232,5.275,0.345,Low-Confidence (Filtered Out)
WT_Cand_1233,6.748,0.067,High-Confidence (Std <= 0.20)
WT_Cand_1234,9.817,0.035,High-Confidence (Std <= 0.20)
WT_Cand_1235,5.926,0.232,Low-Confidence (Filtered Out)
WT_Cand_1236,8.735,0.133,High-Confidence (Std <= 0.20)
WT_Cand_1237,8.779,0.07,High-Confidence (Std <= 0.20)
WT_Cand_1238,6.213,0.077,High-Confidence (Std <= 0.20)
WT_Cand_1239,7.504,0.008,High-Confidence (Std <= 0.20)
WT_Cand_1240,8.723,0.083,High-Confidence (Std <= 0.20)
WT_Cand_1241,6.414,0.32,Low-Confidence (Filtered Out)
WT_Cand_1242,6.616,0.051,High-Confidence (Std <= 0.20)
WT_Cand_1243,6.181,0.746,Low-Confidence (Filtered Out)
WT_Cand_1244,5.683,0.136,High-Confidence (Std <= 0.20)
WT_Cand_1245,6.103,0.025,High-Confidence (Std <= 0.20)
WT_Cand_1246,5.442,0.631,Low-Confidence (Filtered Out)
WT_Cand_1247,6.889,0.497,Low-Confidence (Filtered Out)
WT_Cand_1248,5.965,0.281,Low-Confidence (Filtered Out)
WT_Cand_1249,7.119,0.057,High-Confidence (Std <= 0.20)
WT_Cand_1250,5.061,0.185,High-Confidence (Std <= 0.20)
WT_Cand_1251,7.231,0.188,High-Confidence (Std <= 0.20)
WT_Cand_1252,7.809,0.217,Low-Confidence (Filtered Out)
WT_Cand_1253,4.557,0.035,High-Confidence (Std <= 0.20)
WT_Cand_1254,7.28,0.143,High-Confidence (Std <= 0.20)
WT_Cand_1255,8.262,0.063,High-Confidence (Std <= 0.20)
WT_Cand_1256,5.459,0.215,Low-Confidence (Filtered Out)
WT_Cand_1257,8.773,0.04,High-Confidence (Std <= 0.20)
WT_Cand_1258,7.332,0.125,High-Confidence (Std <= 0.20)
WT_Cand_1259,6.039,0.071,High-Confidence (Std <= 0.20)
WT_Cand_1260,6.786,0.189,High-Confidence (Std <= 0.20)
WT_Cand_1261,7.492,0.232,Low-Confidence (Filtered Out)
WT_Cand_1262,6.937,0.056,High-Confidence (Std <= 0.20)
WT_Cand_1263,7.47,0.093,High-Confidence (Std <= 0.20)
WT_Cand_1264,5.791,0.097,High-Confidence (Std <= 0.20)
WT_Cand_1265,7.045,0.245,Low-Confidence (Filtered Out)
WT_Cand_1266,5.224,0.276,Low-Confidence (Filtered Out)
WT_Cand_1267,6.722,0.051,High-Confidence (Std <= 0.20)
WT_Cand_1268,5.811,0.033,High-Confidence (Std <= 0.20)
WT_Cand_1269,6.004,0.026,High-Confidence (Std <= 0.20)
WT_Cand_1270,8.272,0.343,Low-Confidence (Filtered Out)
WT_Cand_1271,8.105,0.273,Low-Confidence (Filtered Out)
WT_Cand_1272,7.551,0.148,High-Confidence (Std <= 0.20)
WT_Cand_1273,5.594,0.409,Low-Confidence (Filtered Out)
WT_Cand_1274,6.486,0.086,High-Confidence (Std <= 0.20)
WT_Cand_1275,8.245,0.113,High-Confidence (Std <= 0.20)
WT_Cand_1276,7.013,0.259,Low-Confidence (Filtered Out)
WT_Cand_1277,9.517,0.046,High-Confidence (Std <= 0.20)
WT_Cand_1278,7.302,0.081,High-Confidence (Std <= 0.20)
WT_Cand_1279,7.071,0.186,High-Confidence (Std <= 0.20)
WT_Cand_1280,6.495,0.201,Low-Confidence (Filtered Out)
WT_Cand_1281,7.004,0.171,High-Confidence (Std <= 0.20)
WT_Cand_1282,6.675,0.046,High-Confidence (Std <= 0.20)
WT_Cand_1283,7.664,0.323,Low-Confidence (Filtered Out)
WT_Cand_1284,7.95,0.385,Low-Confidence (Filtered Out)
WT_Cand_1285,5.946,0.131,High-Confidence (Std <= 0.20)
WT_Cand_1286,5.319,0.133,High-Confidence (Std <= 0.20)
WT_Cand_1287,4.738,0.414,Low-Confidence (Filtered Out)
WT_Cand_1288,7.434,0.017,High-Confidence (Std <= 0.20)
WT_Cand_1289,5.581,0.132,High-Confidence (Std <= 0.20)
WT_Cand_1290,4.374,0.042,High-Confidence (Std <= 0.20)
WT_Cand_1291,7.297,0.374,Low-Confidence (Filtered Out)
WT_Cand_1292,9.717,0.249,Low-Confidence (Filtered Out)
WT_Cand_1293,6.843,0.244,Low-Confidence (Filtered Out)
WT_Cand_1294,7.814,0.224,Low-Confidence (Filtered Out)
WT_Cand_1295,6.944,0.42,Low-Confidence (Filtered Out)
WT_Cand_1296,6.736,0.123,High-Confidence (Std <= 0.20)
WT_Cand_1297,7.907,0.234,Low-Confidence (Filtered Out)
WT_Cand_1298,6.516,0.274,Low-Confidence (Filtered Out)
WT_Cand_1299,7.158,0.129,High-Confidence (Std <= 0.20)
WT_Cand_1300,7.22,0.177,High-Confidence (Std <= 0.20)
WT_Cand_1301,6.082,0.094,High-Confidence (Std <= 0.20)
WT_Cand_1302,7.991,0.214,Low-Confidence (Filtered Out)
WT_Cand_1303,6.649,0.159,High-Confidence (Std <= 0.20)
WT_Cand_1304,5.981,0.189,High-Confidence (Std <= 0.20)
WT_Cand_1305,7.467,0.267,Low-Confidence (Filtered Out)
WT_Cand_1306,5.817,0.429,Low-Confidence (Filtered Out)
WT_Cand_1307,6.882,0.185,High-Confidence (Std <= 0.20)
WT_Cand_1308,6.84,0.08,High-Confidence (Std <= 0.20)
WT_Cand_1309,8.099,0.257,Low-Confidence (Filtered Out)
WT_Cand_1310,7.396,0.007,High-Confidence (Std <= 0.20)
WT_Cand_1311,6.821,0.379,Low-Confidence (Filtered Out)
WT_Cand_1312,7.79,0.035,High-Confidence (Std <= 0.20)
WT_Cand_1313,8.449,0.057,High-Confidence (Std <= 0.20)
WT_Cand_1314,7.491,0.089,High-Confidence (Std <= 0.20)
WT_Cand_1315,6.862,0.293,Low-Confidence (Filtered Out)
WT_Cand_1316,5.341,0.019,High-Confidence (Std <= 0.20)
WT_Cand_1317,5.625,0.038,High-Confidence (Std <= 0.20)
WT_Cand_1318,6.499,0.383,Low-Confidence (Filtered Out)
WT_Cand_1319,6.149,0.121,High-Confidence (Std <= 0.20)
WT_Cand_1320,6.635,0.183,High-Confidence (Std <= 0.20)
WT_Cand_1321,6.915,0.529,Low-Confidence (Filtered Out)
WT_Cand_1322,7.459,0.124,High-Confidence (Std <= 0.20)
WT_Cand_1323,6.769,0.117,High-Confidence (Std <= 0.20)
WT_Cand_1324,7.409,0.186,High-Confidence (Std <= 0.20)
WT_Cand_1325,6.924,0.313,Low-Confidence (Filtered Out)
WT_Cand_1326,4.578,0.126,High-Confidence (Std <= 0.20)
WT_Cand_1327,5.77,0.31,Low-Confidence (Filtered Out)
WT_Cand_1328,6.684,0.15,High-Confidence (Std <= 0.20)
WT_Cand_1329,5.459,0.042,High-Confidence (Std <= 0.20)
WT_Cand_1330,7.54,0.091,High-Confidence (Std <= 0.20)
WT_Cand_1331,8.61,0.012,High-Confidence (Std <= 0.20)
WT_Cand_1332,8.252,0.21,Low-Confidence (Filtered Out)
WT_Cand_1333,6.605,0.069,High-Confidence (Std <= 0.20)
WT_Cand_1334,8.564,0.068,High-Confidence (Std <= 0.20)
WT_Cand_1335,7.021,0.093,High-Confidence (Std <= 0.20)
WT_Cand_1336,6.462,0.021,High-Confidence (Std <= 0.20)
WT_Cand_1337,6.145,0.223,Low-Confidence (Filtered Out)
WT_Cand_1338,6.502,0.372,Low-Confidence (Filtered Out)
WT_Cand_1339,6.404,0.184,High-Confidence (Std <= 0.20)
WT_Cand_1340,7.046,0.341,Low-Confidence (Filtered Out)
WT_Cand_1341,7.035,0.013,High-Confidence (Std <= 0.20)
WT_Cand_1342,6.854,0.248,Low-Confidence (Filtered Out)
WT_Cand_1343,7.352,0.241,Low-Confidence (Filtered Out)
WT_Cand_1344,8.219,0.231,Low-Confidence (Filtered Out)
WT_Cand_1345,7.942,0.217,Low-Confidence (Filtered Out)
WT_Cand_1346,5.142,0.186,High-Confidence (Std <= 0.20)
WT_Cand_1347,3.913,0.585,Low-Confidence (Filtered Out)
WT_Cand_1348,7.924,0.026,High-Confidence (Std <= 0.20)
WT_Cand_1349,5.278,0.504,Low-Confidence (Filtered Out)
WT_Cand_1350,6.592,0.257,Low-Confidence (Filtered Out)
WT_Cand_1351,5.504,0.141,High-Confidence (Std <= 0.20)
WT_Cand_1352,4.778,0.202,Low-Confidence (Filtered Out)
WT_Cand_1353,7.473,0.02,High-Confidence (Std <= 0.20)
WT_Cand_1354,7.723,0.086,High-Confidence (Std <= 0.20)
WT_Cand_1355,6.187,0.206,Low-Confidence (Filtered Out)
WT_Cand_1356,3.87,0.353,Low-Confidence (Filtered Out)
WT_Cand_1357,6.222,0.138,High-Confidence (Std <= 0.20)
WT_Cand_1358,7.301,0.061,High-Confidence (Std <= 0.20)
WT_Cand_1359,5.149,0.102,High-Confidence (Std <= 0.20)
WT_Cand_1360,7.061,0.091,High-Confidence (Std <= 0.20)
WT_Cand_1361,6.832,0.091,High-Confidence (Std <= 0.20)
WT_Cand_1362,7.516,0.015,High-Confidence (Std <= 0.20)
WT_Cand_1363,6.988,0.438,Low-Confidence (Filtered Out)
WT_Cand_1364,5.731,0.284,Low-Confidence (Filtered Out)
WT_Cand_1365,8.226,0.273,Low-Confidence (Filtered Out)
WT_Cand_1366,6.668,0.182,High-Confidence (Std <= 0.20)
WT_Cand_1367,6.819,0.155,High-Confidence (Std <= 0.20)
WT_Cand_1368,5.777,0.32,Low-Confidence (Filtered Out)
WT_Cand_1369,6.34,0.227,Low-Confidence (Filtered Out)
WT_Cand_1370,5.832,0.124,High-Confidence (Std <= 0.20)
WT_Cand_1371,6.651,0.578,Low-Confidence (Filtered Out)
WT_Cand_1372,8.818,0.281,Low-Confidence (Filtered Out)
WT_Cand_1373,5.272,0.148,High-Confidence (Std <= 0.20)
WT_Cand_1374,4.994,0.142,High-Confidence (Std <= 0.20)
WT_Cand_1375,8.542,0.052,High-Confidence (Std <= 0.20)
WT_Cand_1376,6.609,0.016,High-Confidence (Std <= 0.20)
WT_Cand_1377,6.081,0.083,High-Confidence (Std <= 0.20)
WT_Cand_1378,8.046,0.207,Low-Confidence (Filtered Out)
WT_Cand_1379,6.154,0.072,High-Confidence (Std <= 0.20)
WT_Cand_1380,8.95,0.095,High-Confidence (Std <= 0.20)
WT_Cand_1381,7.63,0.133,High-Confidence (Std <= 0.20)
WT_Cand_1382,6.289,0.512,Low-Confidence (Filtered Out)
WT_Cand_1383,9.331,0.033,High-Confidence (Std <= 0.20)
WT_Cand_1384,6.153,0.052,High-Confidence (Std <= 0.20)
WT_Cand_1385,7.703,0.389,Low-Confidence (Filtered Out)
WT_Cand_1386,7.194,0.107,High-Confidence (Std <= 0.20)
WT_Cand_1387,8.347,0.077,High-Confidence (Std <= 0.20)
WT_Cand_1388,8.646,0.011,High-Confidence (Std <= 0.20)
WT_Cand_1389,6.887,0.197,High-Confidence (Std <= 0.20)
WT_Cand_1390,5.984,0.049,High-Confidence (Std <= 0.20)
WT_Cand_1391,7.379,0.167,High-Confidence (Std <= 0.20)
WT_Cand_1392,6.071,0.276,Low-Confidence (Filtered Out)
WT_Cand_1393,9.165,0.138,High-Confidence (Std <= 0.20)
WT_Cand_1394,7.007,0.381,Low-Confidence (Filtered Out)
WT_Cand_1395,6.43,0.111,High-Confidence (Std <= 0.20)
WT_Cand_1396,7.062,0.112,High-Confidence (Std <= 0.20)
WT_Cand_1397,5.301,0.403,Low-Confidence (Filtered Out)
WT_Cand_1398,5.733,0.317,Low-Confidence (Filtered Out)
WT_Cand_1399,8.23,0.137,High-Confidence (Std <= 0.20)
WT_Cand_1400,6.095,0.403,Low-Confidence (Filtered Out)
WT_Cand_1401,5.646,0.167,High-Confidence (Std <= 0.20)
WT_Cand_1402,7.467,0.088,High-Confidence (Std <= 0.20)
WT_Cand_1403,8.214,0.384,Low-Confidence (Filtered Out)
WT_Cand_1404,7.677,0.06,High-Confidence (Std <= 0.20)
WT_Cand_1405,7.995,0.028,High-Confidence (Std <= 0.20)
WT_Cand_1406,5.98,0.516,Low-Confidence (Filtered Out)
WT_Cand_1407,5.215,0.049,High-Confidence (Std <= 0.20)
WT_Cand_1408,8.577,0.254,Low-Confidence (Filtered Out)
WT_Cand_1409,6.479,0.561,Low-Confidence (Filtered Out)
WT_Cand_1410,6.562,0.079,High-Confidence (Std <= 0.20)
WT_Cand_1411,8.377,0.128,High-Confidence (Std <= 0.20)
WT_Cand_1412,7.49,0.245,Low-Confidence (Filtered Out)
WT_Cand_1413,7.374,0.235,Low-Confidence (Filtered Out)
WT_Cand_1414,9.34,0.041,High-Confidence (Std <= 0.20)
WT_Cand_1415,6.11,0.285,Low-Confidence (Filtered Out)
WT_Cand_1416,7.917,0.092,High-Confidence (Std <= 0.20)
WT_Cand_1417,6.916,0.36,Low-Confidence (Filtered Out)
WT_Cand_1418,7.159,0.196,High-Confidence (Std <= 0.20)
WT_Cand_1419,8.608,0.051,High-Confidence (Std <= 0.20)
WT_Cand_1420,7.434,0.165,High-Confidence (Std <= 0.20)
WT_Cand_1421,7.469,0.023,High-Confidence (Std <= 0.20)
WT_Cand_1422,8.083,0.273,Low-Confidence (Filtered Out)
WT_Cand_1423,6.43,0.04,High-Confidence (Std <= 0.20)
WT_Cand_1424,5.885,0.186,High-Confidence (Std <= 0.20)
WT_Cand_1425,5.648,0.281,Low-Confidence (Filtered Out)
WT_Cand_1426,4.589,0.123,High-Confidence (Std <= 0.20)
WT_Cand_1427,9.215,0.156,High-Confidence (Std <= 0.20)
WT_Cand_1428,5.581,0.295,Low-Confidence (Filtered Out)
WT_Cand_1429,6.596,0.196,High-Confidence (Std <= 0.20)
WT_Cand_1430,6.532,0.113,High-Confidence (Std <= 0.20)
WT_Cand_1431,7.204,0.058,High-Confidence (Std <= 0.20)
WT_Cand_1432,7.788,0.357,Low-Confidence (Filtered Out)
WT_Cand_1433,7.84,0.152,High-Confidence (Std <= 0.20)
WT_Cand_1434,6.179,0.069,High-Confidence (Std <= 0.20)
WT_Cand_1435,6.658,0.024,High-Confidence (Std <= 0.20)
WT_Cand_1436,7.175,0.155,High-Confidence (Std <= 0.20)
WT_Cand_1437,6.564,0.118,High-Confidence (Std <= 0.20)
WT_Cand_1438,8.698,0.059,High-Confidence (Std <= 0.20)
WT_Cand_1439,7.415,0.199,High-Confidence (Std <= 0.20)
WT_Cand_1440,7.695,0.06,High-Confidence (Std <= 0.20)
WT_Cand_1441,7.612,0.424,Low-Confidence (Filtered Out)
WT_Cand_1442,8.199,0.091,High-Confidence (Std <= 0.20)
WT_Cand_1443,7.058,0.024,High-Confidence (Std <= 0.20)
WT_Cand_1444,5.359,0.167,High-Confidence (Std <= 0.20)
WT_Cand_1445,7.31,0.291,Low-Confidence (Filtered Out)
WT_Cand_1446,6.101,0.043,High-Confidence (Std <= 0.20)
WT_Cand_1447,6.242,0.238,Low-Confidence (Filtered Out)
WT_Cand_1448,7.524,0.265,Low-Confidence (Filtered Out)
WT_Cand_1449,8.274,0.153,High-Confidence (Std <= 0.20)
WT_Cand_1450,6.874,0.465,Low-Confidence (Filtered Out)
WT_Cand_1451,7.205,0.062,High-Confidence (Std <= 0.20)
WT_Cand_1452,8.808,0.046,High-Confidence (Std <= 0.20)
WT_Cand_1453,7.127,0.082,High-Confidence (Std <= 0.20)
WT_Cand_1454,9.842,0.103,High-Confidence (Std <= 0.20)
WT_Cand_1455,7.5,0.096,High-Confidence (Std <= 0.20)
WT_Cand_1456,4.825,0.056,High-Confidence (Std <= 0.20)
WT_Cand_1457,7.716,0.09,High-Confidence (Std <= 0.20)
WT_Cand_1458,7.288,0.137,High-Confidence (Std <= 0.20)
WT_Cand_1459,8.333,0.25,Low-Confidence (Filtered Out)
WT_Cand_1460,7.624,0.171,High-Confidence (Std <= 0.20)
WT_Cand_1461,6.691,0.253,Low-Confidence (Filtered Out)
WT_Cand_1462,5.442,0.075,High-Confidence (Std <= 0.20)
WT_Cand_1463,6.61,0.131,High-Confidence (Std <= 0.20)
WT_Cand_1464,5.872,0.098,High-Confidence (Std <= 0.20)
WT_Cand_1465,6.182,0.032,High-Confidence (Std <= 0.20)
WT_Cand_1466,7.527,0.008,High-Confidence (Std <= 0.20)
WT_Cand_1467,8.77,0.07,High-Confidence (Std <= 0.20)
WT_Cand_1468,7.304,0.223,Low-Confidence (Filtered Out)
WT_Cand_1469,5.475,0.165,High-Confidence (Std <= 0.20)
WT_Cand_1470,7.361,0.143,High-Confidence (Std <= 0.20)
WT_Cand_1471,8.226,0.356,Low-Confidence (Filtered Out)
WT_Cand_1472,6.149,0.059,High-Confidence (Std <= 0.20)
WT_Cand_1473,6.696,0.179,High-Confidence (Std <= 0.20)
WT_Cand_1474,6.867,0.096,High-Confidence (Std <= 0.20)
WT_Cand_1475,5.947,0.186,High-Confidence (Std <= 0.20)
WT_Cand_1476,7.596,0.281,Low-Confidence (Filtered Out)
WT_Cand_1477,6.711,0.033,High-Confidence (Std <= 0.20)
WT_Cand_1478,7.332,0.233,Low-Confidence (Filtered Out)
WT_Cand_1479,5.829,0.17,High-Confidence (Std <= 0.20)
WT_Cand_1480,6.347,0.083,High-Confidence (Std <= 0.20)
WT_Cand_1481,7.681,0.007,High-Confidence (Std <= 0.20)
WT_Cand_1482,6.421,0.142,High-Confidence (Std <= 0.20)
WT_Cand_1483,8.836,0.721,Low-Confidence (Filtered Out)
WT_Cand_1484,6.39,0.021,High-Confidence (Std <= 0.20)
WT_Cand_1485,7.108,0.03,High-Confidence (Std <= 0.20)
WT_Cand_1486,7.922,0.172,High-Confidence (Std <= 0.20)
WT_Cand_1487,5.219,0.03,High-Confidence (Std <= 0.20)
WT_Cand_1488,4.825,0.252,Low-Confidence (Filtered Out)
WT_Cand_1489,5.095,0.161,High-Confidence (Std <= 0.20)
WT_Cand_1490,8.302,0.045,High-Confidence (Std <= 0.20)
WT_Cand_1491,6.215,0.06,High-Confidence (Std <= 0.20)
WT_Cand_1492,9.792,0.023,High-Confidence (Std <= 0.20)
WT_Cand_1493,6.201,0.303,Low-Confidence (Filtered Out)
WT_Cand_1494,7.062,0.308,Low-Confidence (Filtered Out)
WT_Cand_1495,8.623,0.349,Low-Confidence (Filtered Out)
WT_Cand_1496,9.157,0.076,High-Confidence (Std <= 0.20)
WT_Cand_1497,9.221,0.054,High-Confidence (Std <= 0.20)
WT_Cand_1498,8.24,0.146,High-Confidence (Std <= 0.20)
WT_Cand_1499,8.028,0.274,Low-Confidence (Filtered Out)
WT_Cand_1500,7.531,0.052,High-Confidence (Std <= 0.20)
WT_Cand_1501,7.745,0.044,High-Confidence (Std <= 0.20)
WT_Cand_1502,6.216,0.246,Low-Confidence (Filtered Out)
WT_Cand_1503,5.909,0.032,High-Confidence (Std <= 0.20)
WT_Cand_1504,6.846,0.172,High-Confidence (Std <= 0.20)
WT_Cand_1505,6.654,0.106,High-Confidence (Std <= 0.20)
WT_Cand_1506,6.329,0.072,High-Confidence (Std <= 0.20)
WT_Cand_1507,7.651,0.119,High-Confidence (Std <= 0.20)
WT_Cand_1508,7.949,0.114,High-Confidence (Std <= 0.20)
WT_Cand_1509,6.952,0.188,High-Confidence (Std <= 0.20)
WT_Cand_1510,8.549,0.198,High-Confidence (Std <= 0.20)
WT_Cand_1511,5.537,0.378,Low-Confidence (Filtered Out)
WT_Cand_1512,6.627,0.163,High-Confidence (Std <= 0.20)
WT_Cand_1513,6.026,0.239,Low-Confidence (Filtered Out)
WT_Cand_1514,4.703,0.226,Low-Confidence (Filtered Out)
WT_Cand_1515,6.755,0.356,Low-Confidence (Filtered Out)
WT_Cand_1516,6.71,0.31,Low-Confidence (Filtered Out)
WT_Cand_1517,8.59,0.295,Low-Confidence (Filtered Out)
WT_Cand_1518,7.575,0.038,High-Confidence (Std <= 0.20)
WT_Cand_1519,5.672,0.211,Low-Confidence (Filtered Out)
WT_Cand_1520,8.982,0.008,High-Confidence (Std <= 0.20)
WT_Cand_1521,8.254,0.284,Low-Confidence (Filtered Out)
WT_Cand_1522,7.519,0.096,High-Confidence (Std <= 0.20)
WT_Cand_1523,6.59,0.135,High-Confidence (Std <= 0.20)
WT_Cand_1524,5.747,0.176,High-Confidence (Std <= 0.20)
WT_Cand_1525,6.422,0.262,Low-Confidence (Filtered Out)
WT_Cand_1526,8.102,0.385,Low-Confidence (Filtered Out)
WT_Cand_1527,9.017,0.387,Low-Confidence (Filtered Out)
WT_Cand_1528,8.625,0.023,High-Confidence (Std <= 0.20)
WT_Cand_1529,6.288,0.142,High-Confidence (Std <= 0.20)
WT_Cand_1530,5.562,0.032,High-Confidence (Std <= 0.20)
WT_Cand_1531,7.012,0.06,High-Confidence (Std <= 0.20)
WT_Cand_1532,4.816,0.397,Low-Confidence (Filtered Out)
WT_Cand_1533,7.222,0.488,Low-Confidence (Filtered Out)
WT_Cand_1534,6.68,0.21,Low-Confidence (Filtered Out)
WT_Cand_1535,6.314,0.169,High-Confidence (Std <= 0.20)
WT_Cand_1536,5.016,0.213,Low-Confidence (Filtered Out)
WT_Cand_1537,7.441,0.371,Low-Confidence (Filtered Out)
WT_Cand_1538,6.237,0.21,Low-Confidence (Filtered Out)
WT_Cand_1539,5.505,0.037,High-Confidence (Std <= 0.20)
WT_Cand_1540,3.547,0.125,High-Confidence (Std <= 0.20)
WT_Cand_1541,6.818,0.11,High-Confidence (Std <= 0.20)
WT_Cand_1542,8.888,0.048,High-Confidence (Std <= 0.20)
WT_Cand_1543,8.76,0.264,Low-Confidence (Filtered Out)
WT_Cand_1544,6.324,0.368,Low-Confidence (Filtered Out)
WT_Cand_1545,6.157,0.081,High-Confidence (Std <= 0.20)
WT_Cand_1546,7.389,0.026,High-Confidence (Std <= 0.20)
WT_Cand_1547,5.702,0.077,High-Confidence (Std <= 0.20)
WT_Cand_1548,7.197,0.15,High-Confidence (Std <= 0.20)
WT_Cand_1549,7.731,0.152,High-Confidence (Std <= 0.20)
WT_Cand_1550,8.261,0.204,Low-Confidence (Filtered Out)
WT_Cand_1551,6.735,0.24,Low-Confidence (Filtered Out)
WT_Cand_1552,6.616,0.378,Low-Confidence (Filtered Out)
WT_Cand_1553,5.84,0.287,Low-Confidence (Filtered Out)
WT_Cand_1554,5.899,0.139,High-Confidence (Std <= 0.20)
WT_Cand_1555,6.59,0.035,High-Confidence (Std <= 0.20)
WT_Cand_1556,7.272,0.212,Low-Confidence (Filtered Out)
WT_Cand_1557,7.901,0.237,Low-Confidence (Filtered Out)
WT_Cand_1558,5.926,0.288,Low-Confidence (Filtered Out)
WT_Cand_1559,8.567,0.053,High-Confidence (Std <= 0.20)
WT_Cand_1560,6.538,0.36,Low-Confidence (Filtered Out)
WT_Cand_1561,6.825,0.191,High-Confidence (Std <= 0.20)
WT_Cand_1562,5.991,0.039,High-Confidence (Std <= 0.20)
WT_Cand_1563,4.062,0.02,High-Confidence (Std <= 0.20)
WT_Cand_1564,7.867,0.139,High-Confidence (Std <= 0.20)
WT_Cand_1565,7.697,0.162,High-Confidence (Std <= 0.20)
WT_Cand_1566,6.526,0.06,High-Confidence (Std <= 0.20)
WT_Cand_1567,6.927,0.151,High-Confidence (Std <= 0.20)
WT_Cand_1568,7.443,0.178,High-Confidence (Std <= 0.20)
WT_Cand_1569,5.053,0.327,Low-Confidence (Filtered Out)
WT_Cand_1570,6.242,0.141,High-Confidence (Std <= 0.20)
WT_Cand_1571,7.763,0.213,Low-Confidence (Filtered Out)
WT_Cand_1572,5.408,0.363,Low-Confidence (Filtered Out)
WT_Cand_1573,7.188,0.133,High-Confidence (Std <= 0.20)
WT_Cand_1574,5.29,0.075,High-Confidence (Std <= 0.20)
WT_Cand_1575,7.386,0.226,Low-Confidence (Filtered Out)
WT_Cand_1576,6.809,0.276,Low-Confidence (Filtered Out)
WT_Cand_1577,4.993,0.359,Low-Confidence (Filtered Out)
WT_Cand_1578,8.189,0.096,High-Confidence (Std <= 0.20)
WT_Cand_1579,6.005,0.104,High-Confidence (Std <= 0.20)
WT_Cand_1580,5.918,0.249,Low-Confidence (Filtered Out)
WT_Cand_1581,7.081,0.208,Low-Confidence (Filtered Out)
WT_Cand_1582,8.171,0.251,Low-Confidence (Filtered Out)
WT_Cand_1583,5.682,0.207,Low-Confidence (Filtered Out)
WT_Cand_1584,6.921,0.125,High-Confidence (Std <= 0.20)
WT_Cand_1585,7.343,0.128,High-Confidence (Std <= 0.20)
WT_Cand_1586,7.647,0.135,High-Confidence (Std <= 0.20)
WT_Cand_1587,7.053,0.306,Low-Confidence (Filtered Out)
WT_Cand_1588,6.428,0.321,Low-Confidence (Filtered Out)
WT_Cand_1589,5.898,0.016,High-Confidence (Std <= 0.20)
WT_Cand_1590,6.949,0.238,Low-Confidence (Filtered Out)
WT_Cand_1591,5.617,0.332,Low-Confidence (Filtered Out)
WT_Cand_1592,3.49,0.158,High-Confidence (Std <= 0.20)
WT_Cand_1593,7.352,0.174,High-Confidence (Std <= 0.20)
WT_Cand_1594,7.89,0.096,High-Confidence (Std <= 0.20)
WT_Cand_1595,4.133,0.182,High-Confidence (Std <= 0.20)
WT_Cand_1596,5.689,0.398,Low-Confidence (Filtered Out)
WT_Cand_1597,7.562,0.207,Low-Confidence (Filtered Out)
WT_Cand_1598,9.216,0.414,Low-Confidence (Filtered Out)
WT_Cand_1599,6.874,0.059,High-Confidence (Std <= 0.20)
WT_Cand_1600,6.013,0.302,Low-Confidence (Filtered Out)
WT_Cand_1601,6.64,0.257,Low-Confidence (Filtered Out)
WT_Cand_1602,8.431,0.149,High-Confidence (Std <= 0.20)
WT_Cand_1603,6.107,0.011,High-Confidence (Std <= 0.20)
WT_Cand_1604,5.931,0.142,High-Confidence (Std <= 0.20)
WT_Cand_1605,6.295,0.07,High-Confidence (Std <= 0.20)
WT_Cand_1606,5.754,0.076,High-Confidence (Std <= 0.20)
WT_Cand_1607,6.991,0.219,Low-Confidence (Filtered Out)
WT_Cand_1608,8.718,0.171,High-Confidence (Std <= 0.20)
WT_Cand_1609,7.222,0.138,High-Confidence (Std <= 0.20)
WT_Cand_1610,6.56,0.042,High-Confidence (Std <= 0.20)
WT_Cand_1611,6.514,0.007,High-Confidence (Std <= 0.20)
WT_Cand_1612,5.052,0.053,High-Confidence (Std <= 0.20)
WT_Cand_1613,7.866,0.11,High-Confidence (Std <= 0.20)
WT_Cand_1614,6.76,0.075,High-Confidence (Std <= 0.20)
WT_Cand_1615,6.642,0.104,High-Confidence (Std <= 0.20)
WT_Cand_1616,10.522,0.435,Low-Confidence (Filtered Out)
WT_Cand_1617,7.194,0.145,High-Confidence (Std <= 0.20)
WT_Cand_1618,5.985,0.319,Low-Confidence (Filtered Out)
WT_Cand_1619,6.36,0.067,High-Confidence (Std <= 0.20)
WT_Cand_1620,8.171,0.064,High-Confidence (Std <= 0.20)
WT_Cand_1621,6.98,0.026,High-Confidence (Std <= 0.20)
WT_Cand_1622,5.196,0.153,High-Confidence (Std <= 0.20)
WT_Cand_1623,7.907,0.047,High-Confidence (Std <= 0.20)
WT_Cand_1624,6.082,0.608,Low-Confidence (Filtered Out)
WT_Cand_1625,9.004,0.117,High-Confidence (Std <= 0.20)
WT_Cand_1626,8.092,0.126,High-Confidence (Std <= 0.20)
WT_Cand_1627,6.336,0.108,High-Confidence (Std <= 0.20)
WT_Cand_1628,8.323,0.07,High-Confidence (Std <= 0.20)
WT_Cand_1629,6.928,0.325,Low-Confidence (Filtered Out)
WT_Cand_1630,7.831,0.187,High-Confidence (Std <= 0.20)
WT_Cand_1631,7.407,0.019,High-Confidence (Std <= 0.20)
WT_Cand_1632,5.877,0.018,High-Confidence (Std <= 0.20)
WT_Cand_1633,6.11,0.031,High-Confidence (Std <= 0.20)
WT_Cand_1634,8.034,0.039,High-Confidence (Std <= 0.20)
WT_Cand_1635,6.465,0.096,High-Confidence (Std <= 0.20)
WT_Cand_1636,6.386,0.285,Low-Confidence (Filtered Out)
WT_Cand_1637,5.752,0.146,High-Confidence (Std <= 0.20)
WT_Cand_1638,7.337,0.029,High-Confidence (Std <= 0.20)
WT_Cand_1639,9.222,0.055,High-Confidence (Std <= 0.20)
WT_Cand_1640,5.622,0.016,High-Confidence (Std <= 0.20)
WT_Cand_1641,6.878,0.121,High-Confidence (Std <= 0.20)
WT_Cand_1642,8.474,0.273,Low-Confidence (Filtered Out)
WT_Cand_1643,6.758,0.587,Low-Confidence (Filtered Out)
WT_Cand_1644,7.37,0.047,High-Confidence (Std <= 0.20)
WT_Cand_1645,5.628,0.197,High-Confidence (Std <= 0.20)
WT_Cand_1646,7.343,0.498,Low-Confidence (Filtered Out)
WT_Cand_1647,6.635,0.281,Low-Confidence (Filtered Out)
WT_Cand_1648,7.984,0.257,Low-Confidence (Filtered Out)
WT_Cand_1649,8.215,0.183,High-Confidence (Std <= 0.20)
WT_Cand_1650,9.828,0.394,Low-Confidence (Filtered Out)
WT_Cand_1651,7.517,0.062,High-Confidence (Std <= 0.20)
WT_Cand_1652,7.225,0.202,Low-Confidence (Filtered Out)
WT_Cand_1653,7.074,0.115,High-Confidence (Std <= 0.20)
WT_Cand_1654,6.444,0.073,High-Confidence (Std <= 0.20)
WT_Cand_1655,7.239,0.038,High-Confidence (Std <= 0.20)
WT_Cand_1656,6.51,0.583,Low-Confidence (Filtered Out)
WT_Cand_1657,7.044,0.051,High-Confidence (Std <= 0.20)
WT_Cand_1658,8.365,0.163,High-Confidence (Std <= 0.20)
WT_Cand_1659,5.692,0.207,Low-Confidence (Filtered Out)
WT_Cand_1660,8.161,0.033,High-Confidence (Std <= 0.20)
WT_Cand_1661,8.365,0.225,Low-Confidence (Filtered Out)
WT_Cand_1662,6.714,0.426,Low-Confidence (Filtered Out)
WT_Cand_1663,4.41,0.259,Low-Confidence (Filtered Out)
WT_Cand_1664,6.151,0.128,High-Confidence (Std <= 0.20)
WT_Cand_1665,8.342,0.152,High-Confidence (Std <= 0.20)
WT_Cand_1666,6.824,0.12,High-Confidence (Std <= 0.20)
WT_Cand_1667,5.701,0.08,High-Confidence (Std <= 0.20)
WT_Cand_1668,6.27,0.045,High-Confidence (Std <= 0.20)
WT_Cand_1669,7.817,0.093,High-Confidence (Std <= 0.20)
WT_Cand_1670,7.479,0.17,High-Confidence (Std <= 0.20)
WT_Cand_1671,6.575,0.441,Low-Confidence (Filtered Out)
WT_Cand_1672,6.428,0.11,High-Confidence (Std <= 0.20)
WT_Cand_1673,6.399,0.114,High-Confidence (Std <= 0.20)
WT_Cand_1674,5.789,0.076,High-Confidence (Std <= 0.20)
WT_Cand_1675,8.708,0.484,Low-Confidence (Filtered Out)
WT_Cand_1676,6.479,0.132,High-Confidence (Std <= 0.20)
WT_Cand_1677,8.25,0.259,Low-Confidence (Filtered Out)
WT_Cand_1678,8.6,0.219,Low-Confidence (Filtered Out)
WT_Cand_1679,7.998,0.275,Low-Confidence (Filtered Out)
WT_Cand_1680,6.354,0.276,Low-Confidence (Filtered Out)
WT_Cand_1681,7.314,0.115,High-Confidence (Std <= 0.20)
WT_Cand_1682,6.822,0.085,High-Confidence (Std <= 0.20)
WT_Cand_1683,5.811,0.483,Low-Confidence (Filtered Out)
WT_Cand_1684,7.223,0.084,High-Confidence (Std <= 0.20)
WT_Cand_1685,5.494,0.149,High-Confidence (Std <= 0.20)
WT_Cand_1686,8.216,0.268,Low-Confidence (Filtered Out)
WT_Cand_1687,6.316,0.107,High-Confidence (Std <= 0.20)
WT_Cand_1688,7.081,0.077,High-Confidence (Std <= 0.20)
WT_Cand_1689,7.176,0.157,High-Confidence (Std <= 0.20)
WT_Cand_1690,6.552,0.4,Low-Confidence (Filtered Out)
WT_Cand_1691,7.525,0.066,High-Confidence (Std <= 0.20)
WT_Cand_1692,6.304,0.296,Low-Confidence (Filtered Out)
WT_Cand_1693,7.852,0.071,High-Confidence (Std <= 0.20)
WT_Cand_1694,5.302,0.012,High-Confidence (Std <= 0.20)
WT_Cand_1695,6.995,0.169,High-Confidence (Std <= 0.20)
WT_Cand_1696,9.08,0.055,High-Confidence (Std <= 0.20)
WT_Cand_1697,5.7,0.077,High-Confidence (Std <= 0.20)
WT_Cand_1698,6.071,0.047,High-Confidence (Std <= 0.20)
WT_Cand_1699,7.441,0.526,Low-Confidence (Filtered Out)
WT_Cand_1700,7.057,0.17,High-Confidence (Std <= 0.20)
WT_Cand_1701,7.253,0.109,High-Confidence (Std <= 0.20)
WT_Cand_1702,7.413,0.045,High-Confidence (Std <= 0.20)
WT_Cand_1703,7.58,0.15,High-Confidence (Std <= 0.20)
WT_Cand_1704,8.126,0.308,Low-Confidence (Filtered Out)
WT_Cand_1705,7.321,0.182,High-Confidence (Std <= 0.20)
WT_Cand_1706,6.573,0.357,Low-Confidence (Filtered Out)
WT_Cand_1707,7.623,0.575,Low-Confidence (Filtered Out)
WT_Cand_1708,9.035,0.118,High-Confidence (Std <= 0.20)
WT_Cand_1709,6.697,0.082,High-Confidence (Std <= 0.20)
WT_Cand_1710,5.729,0.555,Low-Confidence (Filtered Out)
WT_Cand_1711,8.123,0.209,Low-Confidence (Filtered Out)
WT_Cand_1712,6.712,0.136,High-Confidence (Std <= 0.20)
WT_Cand_1713,4.351,0.409,Low-Confidence (Filtered Out)
WT_Cand_1714,7.825,0.017,High-Confidence (Std <= 0.20)
WT_Cand_1715,6.234,0.134,High-Confidence (Std <= 0.20)
WT_Cand_1716,6.746,0.133,High-Confidence (Std <= 0.20)
WT_Cand_1717,7.232,0.355,Low-Confidence (Filtered Out)
WT_Cand_1718,7.069,0.372,Low-Confidence (Filtered Out)
WT_Cand_1719,7.666,0.513,Low-Confidence (Filtered Out)
WT_Cand_1720,6.349,0.072,High-Confidence (Std <= 0.20)
WT_Cand_1721,7.44,0.251,Low-Confidence (Filtered Out)
WT_Cand_1722,6.552,0.025,High-Confidence (Std <= 0.20)
WT_Cand_1723,7.7,0.17,High-Confidence (Std <= 0.20)
WT_Cand_1724,7.558,0.075,High-Confidence (Std <= 0.20)
WT_Cand_1725,5.774,0.119,High-Confidence (Std <= 0.20)
WT_Cand_1726,8.099,0.466,Low-Confidence (Filtered Out)
WT_Cand_1727,6.234,0.07,High-Confidence (Std <= 0.20)
WT_Cand_1728,7.779,0.04,High-Confidence (Std <= 0.20)
WT_Cand_1729,7.272,0.281,Low-Confidence (Filtered Out)
WT_Cand_1730,8.964,0.007,High-Confidence (Std <= 0.20)
WT_Cand_1731,6.593,0.092,High-Confidence (Std <= 0.20)
WT_Cand_1732,6.448,0.009,High-Confidence (Std <= 0.20)
WT_Cand_1733,6.828,0.03,High-Confidence (Std <= 0.20)
WT_Cand_1734,6.501,0.009,High-Confidence (Std <= 0.20)
WT_Cand_1735,7.77,0.233,Low-Confidence (Filtered Out)
WT_Cand_1736,4.991,0.167,High-Confidence (Std <= 0.20)
WT_Cand_1737,5.638,0.024,High-Confidence (Std <= 0.20)
WT_Cand_1738,5.622,0.016,High-Confidence (Std <= 0.20)
WT_Cand_1739,7.943,0.089,High-Confidence (Std <= 0.20)
WT_Cand_1740,8.817,0.138,High-Confidence (Std <= 0.20)
WT_Cand_1741,6.73,0.627,Low-Confidence (Filtered Out)
WT_Cand_1742,6.656,0.007,High-Confidence (Std <= 0.20)
WT_Cand_1743,6.931,0.035,High-Confidence (Std <= 0.20)
WT_Cand_1744,8.186,0.338,Low-Confidence (Filtered Out)
WT_Cand_1745,5.784,0.315,Low-Confidence (Filtered Out)
WT_Cand_1746,7.124,0.241,Low-Confidence (Filtered Out)
WT_Cand_1747,7.971,0.236,Low-Confidence (Filtered Out)
WT_Cand_1748,7.426,0.183,High-Confidence (Std <= 0.20)
WT_Cand_1749,7.068,0.192,High-Confidence (Std <= 0.20)
WT_Cand_1750,8.001,0.154,High-Confidence (Std <= 0.20)
WT_Cand_1751,3.741,0.18,High-Confidence (Std <= 0.20)
WT_Cand_1752,7.63,0.146,High-Confidence (Std <= 0.20)
WT_Cand_1753,6.098,0.652,Low-Confidence (Filtered Out)
WT_Cand_1754,4.745,0.185,High-Confidence (Std <= 0.20)
WT_Cand_1755,7.438,0.046,High-Confidence (Std <= 0.20)
WT_Cand_1756,8.43,0.035,High-Confidence (Std <= 0.20)
WT_Cand_1757,6.692,0.172,High-Confidence (Std <= 0.20)
WT_Cand_1758,7.946,0.099,High-Confidence (Std <= 0.20)
WT_Cand_1759,8.704,0.206,Low-Confidence (Filtered Out)
WT_Cand_1760,8.362,0.062,High-Confidence (Std <= 0.20)
WT_Cand_1761,8.736,0.172,High-Confidence (Std <= 0.20)
WT_Cand_1762,7.703,0.145,High-Confidence (Std <= 0.20)
WT_Cand_1763,6.937,0.1,High-Confidence (Std <= 0.20)
WT_Cand_1764,5.008,0.052,High-Confidence (Std <= 0.20)
WT_Cand_1765,6.567,0.177,High-Confidence (Std <= 0.20)
WT_Cand_1766,5.88,0.16,High-Confidence (Std <= 0.20)
WT_Cand_1767,9.347,0.074,High-Confidence (Std <= 0.20)
WT_Cand_1768,6.648,0.198,High-Confidence (Std <= 0.20)
WT_Cand_1769,6.992,0.102,High-Confidence (Std <= 0.20)
WT_Cand_1770,7.484,0.137,High-Confidence (Std <= 0.20)
WT_Cand_1771,6.9,0.061,High-Confidence (Std <= 0.20)
WT_Cand_1772,8.799,0.234,Low-Confidence (Filtered Out)
WT_Cand_1773,6.134,0.384,Low-Confidence (Filtered Out)
WT_Cand_1774,7.074,0.135,High-Confidence (Std <= 0.20)
WT_Cand_1775,5.996,0.192,High-Confidence (Std <= 0.20)
WT_Cand_1776,5.332,0.012,High-Confidence (Std <= 0.20)
WT_Cand_1777,6.146,0.116,High-Confidence (Std <= 0.20)
WT_Cand_1778,6.807,0.233,Low-Confidence (Filtered Out)
WT_Cand_1779,6.356,0.238,Low-Confidence (Filtered Out)
WT_Cand_1780,6.054,0.122,High-Confidence (Std <= 0.20)
WT_Cand_1781,5.233,0.036,High-Confidence (Std <= 0.20)
WT_Cand_1782,6.754,0.282,Low-Confidence (Filtered Out)
WT_Cand_1783,5.12,0.303,Low-Confidence (Filtered Out)
WT_Cand_1784,7.724,0.219,Low-Confidence (Filtered Out)
WT_Cand_1785,6.945,0.145,High-Confidence (Std <= 0.20)
WT_Cand_1786,5.174,0.033,High-Confidence (Std <= 0.20)
WT_Cand_1787,6.494,0.428,Low-Confidence (Filtered Out)
WT_Cand_1788,5.985,0.193,High-Confidence (Std <= 0.20)
WT_Cand_1789,7.217,0.054,High-Confidence (Std <= 0.20)
WT_Cand_1790,8.392,0.019,High-Confidence (Std <= 0.20)
WT_Cand_1791,4.694,0.014,High-Confidence (Std <= 0.20)
WT_Cand_1792,6.982,0.172,High-Confidence (Std <= 0.20)
WT_Cand_1793,6.666,0.311,Low-Confidence (Filtered Out)
WT_Cand_1794,7.622,0.295,Low-Confidence (Filtered Out)
WT_Cand_1795,7.095,0.058,High-Confidence (Std <= 0.20)
WT_Cand_1796,5.985,0.399,Low-Confidence (Filtered Out)
WT_Cand_1797,6.483,0.435,Low-Confidence (Filtered Out)
WT_Cand_1798,5.935,0.286,Low-Confidence (Filtered Out)
WT_Cand_1799,8.087,0.018,High-Confidence (Std <= 0.20)
WT_Cand_1800,6.875,0.09,High-Confidence (Std <= 0.20)
WT_Cand_1801,9.036,0.126,High-Confidence (Std <= 0.20)
WT_Cand_1802,6.78,0.267,Low-Confidence (Filtered Out)
WT_Cand_1803,6.035,0.291,Low-Confidence (Filtered Out)
WT_Cand_1804,5.109,0.193,High-Confidence (Std <= 0.20)
WT_Cand_1805,4.776,0.143,High-Confidence (Std <= 0.20)
WT_Cand_1806,5.028,0.118,High-Confidence (Std <= 0.20)
WT_Cand_1807,7.157,0.165,High-Confidence (Std <= 0.20)
WT_Cand_1808,7.435,0.055,High-Confidence (Std <= 0.20)
WT_Cand_1809,5.032,0.297,Low-Confidence (Filtered Out)
WT_Cand_1810,7.879,0.043,High-Confidence (Std <= 0.20)
WT_Cand_1811,6.294,0.069,High-Confidence (Std <= 0.20)
WT_Cand_1812,7.019,0.012,High-Confidence (Std <= 0.20)
WT_Cand_1813,8.704,0.068,High-Confidence (Std <= 0.20)
WT_Cand_1814,7.881,0.162,High-Confidence (Std <= 0.20)
WT_Cand_1815,6.541,0.434,Low-Confidence (Filtered Out)
WT_Cand_1816,5.825,0.067,High-Confidence (Std <= 0.20)
WT_Cand_1817,4.375,0.112,High-Confidence (Std <= 0.20)
WT_Cand_1818,6.023,0.202,Low-Confidence (Filtered Out)
WT_Cand_1819,6.607,0.103,High-Confidence (Std <= 0.20)
WT_Cand_1820,5.715,0.316,Low-Confidence (Filtered Out)
WT_Cand_1821,6.699,0.011,High-Confidence (Std <= 0.20)
WT_Cand_1822,6.938,0.224,Low-Confidence (Filtered Out)
WT_Cand_1823,6.591,0.155,High-Confidence (Std <= 0.20)
WT_Cand_1824,6.102,0.059,High-Confidence (Std <= 0.20)
WT_Cand_1825,7.044,0.268,Low-Confidence (Filtered Out)
WT_Cand_1826,7.358,0.277,Low-Confidence (Filtered Out)
WT_Cand_1827,5.596,0.048,High-Confidence (Std <= 0.20)
WT_Cand_1828,8.473,0.191,High-Confidence (Std <= 0.20)
WT_Cand_1829,6.737,0.147,High-Confidence (Std <= 0.20)
WT_Cand_1830,6.872,0.013,High-Confidence (Std <= 0.20)
WT_Cand_1831,7.664,0.182,High-Confidence (Std <= 0.20)
WT_Cand_1832,7.118,0.471,Low-Confidence (Filtered Out)
WT_Cand_1833,7.946,0.179,High-Confidence (Std <= 0.20)
WT_Cand_1834,7.18,0.113,High-Confidence (Std <= 0.20)
WT_Cand_1835,6.146,0.311,Low-Confidence (Filtered Out)
WT_Cand_1836,7.266,0.234,Low-Confidence (Filtered Out)
WT_Cand_1837,5.535,0.048,High-Confidence (Std <= 0.20)
WT_Cand_1838,6.975,0.17,High-Confidence (Std <= 0.20)
WT_Cand_1839,6.812,0.097,High-Confidence (Std <= 0.20)
WT_Cand_1840,6.611,0.042,High-Confidence (Std <= 0.20)
WT_Cand_1841,6.702,0.355,Low-Confidence (Filtered Out)
WT_Cand_1842,4.686,0.193,High-Confidence (Std <= 0.20)
WT_Cand_1843,6.219,0.217,Low-Confidence (Filtered Out)
WT_Cand_1844,6.957,0.104,High-Confidence (Std <= 0.20)
WT_Cand_1845,7.034,0.116,High-Confidence (Std <= 0.20)
WT_Cand_1846,5.668,0.356,Low-Confidence (Filtered Out)
WT_Cand_1847,8.306,0.126,High-Confidence (Std <= 0.20)
WT_Cand_1848,5.854,0.119,High-Confidence (Std <= 0.20)
WT_Cand_1849,7.965,0.295,Low-Confidence (Filtered Out)
WT_Cand_1850,7.341,0.153,High-Confidence (Std <= 0.20)
WT_Cand_1851,6.107,0.234,Low-Confidence (Filtered Out)
WT_Cand_1852,8.892,0.3,Low-Confidence (Filtered Out)
WT_Cand_1853,5.477,0.138,High-Confidence (Std <= 0.20)
WT_Cand_1854,7.907,0.082,High-Confidence (Std <= 0.20)
WT_Cand_1855,8.001,0.012,High-Confidence (Std <= 0.20)
WT_Cand_1856,6.079,0.083,High-Confidence (Std <= 0.20)
WT_Cand_1857,8.451,0.042,High-Confidence (Std <= 0.20)
WT_Cand_1858,6.562,0.191,High-Confidence (Std <= 0.20)
WT_Cand_1859,7.182,0.072,High-Confidence (Std <= 0.20)
WT_Cand_1860,7.149,0.039,High-Confidence (Std <= 0.20)
WT_Cand_1861,6.696,0.031,High-Confidence (Std <= 0.20)
WT_Cand_1862,7.782,0.15,High-Confidence (Std <= 0.20)
WT_Cand_1863,7.763,0.194,High-Confidence (Std <= 0.20)
WT_Cand_1864,4.839,0.037,High-Confidence (Std <= 0.20)
WT_Cand_1865,8.35,0.035,High-Confidence (Std <= 0.20)
WT_Cand_1866,4.938,0.043,High-Confidence (Std <= 0.20)
WT_Cand_1867,8.037,0.1,High-Confidence (Std <= 0.20)
WT_Cand_1868,8.146,0.168,High-Confidence (Std <= 0.20)
WT_Cand_1869,5.595,0.107,High-Confidence (Std <= 0.20)
WT_Cand_1870,6.378,0.069,High-Confidence (Std <= 0.20)
WT_Cand_1871,5.578,0.118,High-Confidence (Std <= 0.20)
WT_Cand_1872,6.603,0.195,High-Confidence (Std <= 0.20)
WT_Cand_1873,6.496,0.11,High-Confidence (Std <= 0.20)
WT_Cand_1874,7.747,0.278,Low-Confidence (Filtered Out)
WT_Cand_1875,8.357,0.314,Low-Confidence (Filtered Out)
WT_Cand_1876,8.455,0.092,High-Confidence (Std <= 0.20)
WT_Cand_1877,6.204,0.276,Low-Confidence (Filtered Out)
WT_Cand_1878,6.609,0.2,High-Confidence (Std <= 0.20)
WT_Cand_1879,4.914,0.435,Low-Confidence (Filtered Out)
WT_Cand_1880,5.923,0.068,High-Confidence (Std <= 0.20)
WT_Cand_1881,7.96,0.558,Low-Confidence (Filtered Out)
WT_Cand_1882,8.708,0.015,High-Confidence (Std <= 0.20)
WT_Cand_1883,5.43,0.075,High-Confidence (Std <= 0.20)
WT_Cand_1884,6.169,0.021,High-Confidence (Std <= 0.20)
WT_Cand_1885,6.82,0.528,Low-Confidence (Filtered Out)
WT_Cand_1886,7.172,0.311,Low-Confidence (Filtered Out)
WT_Cand_1887,5.919,0.238,Low-Confidence (Filtered Out)
WT_Cand_1888,7.338,0.405,Low-Confidence (Filtered Out)
WT_Cand_1889,6.305,0.093,High-Confidence (Std <= 0.20)
WT_Cand_1890,6.833,0.017,High-Confidence (Std <= 0.20)
WT_Cand_1891,7.478,0.146,High-Confidence (Std <= 0.20)
WT_Cand_1892,6.857,0.023,High-Confidence (Std <= 0.20)
WT_Cand_1893,6.348,0.157,High-Confidence (Std <= 0.20)
WT_Cand_1894,6.724,0.552,Low-Confidence (Filtered Out)
WT_Cand_1895,6.748,0.139,High-Confidence (Std <= 0.20)
WT_Cand_1896,6.424,0.515,Low-Confidence (Filtered Out)
WT_Cand_1897,6.552,0.034,High-Confidence (Std <= 0.20)
WT_Cand_1898,8.688,0.23,Low-Confidence (Filtered Out)
WT_Cand_1899,7.495,0.157,High-Confidence (Std <= 0.20)
WT_Cand_1900,6.51,0.123,High-Confidence (Std <= 0.20)
WT_Cand_1901,7.651,0.103,High-Confidence (Std <= 0.20)
WT_Cand_1902,6.466,0.211,Low-Confidence (Filtered Out)
WT_Cand_1903,8.199,0.321,Low-Confidence (Filtered Out)
WT_Cand_1904,7.275,0.14,High-Confidence (Std <= 0.20)
WT_Cand_1905,6.727,0.382,Low-Confidence (Filtered Out)
WT_Cand_1906,7.365,0.014,High-Confidence (Std <= 0.20)
WT_Cand_1907,5.043,0.293,Low-Confidence (Filtered Out)
WT_Cand_1908,5.554,0.405,Low-Confidence (Filtered Out)
WT_Cand_1909,5.477,0.046,High-Confidence (Std <= 0.20)
WT_Cand_1910,7.014,0.632,Low-Confidence (Filtered Out)
WT_Cand_1911,8.842,0.338,Low-Confidence (Filtered Out)
WT_Cand_1912,9.416,0.118,High-Confidence (Std <= 0.20)
WT_Cand_1913,7.584,0.098,High-Confidence (Std <= 0.20)
WT_Cand_1914,7.426,0.094,High-Confidence (Std <= 0.20)
WT_Cand_1915,4.779,0.118,High-Confidence (Std <= 0.20)
WT_Cand_1916,6.226,0.221,Low-Confidence (Filtered Out)
WT_Cand_1917,5.944,0.074,High-Confidence (Std <= 0.20)
WT_Cand_1918,6.136,0.136,High-Confidence (Std <= 0.20)
WT_Cand_1919,6.657,0.03,High-Confidence (Std <= 0.20)
WT_Cand_1920,6.307,0.255,Low-Confidence (Filtered Out)
WT_Cand_1921,4.574,0.163,High-Confidence (Std <= 0.20)
WT_Cand_1922,7.71,0.028,High-Confidence (Std <= 0.20)
WT_Cand_1923,5.616,0.262,Low-Confidence (Filtered Out)
WT_Cand_1924,7.125,0.025,High-Confidence (Std <= 0.20)
WT_Cand_1925,9.235,0.239,Low-Confidence (Filtered Out)
WT_Cand_1926,5.793,0.161,High-Confidence (Std <= 0.20)
WT_Cand_1927,3.94,0.197,High-Confidence (Std <= 0.20)
WT_Cand_1928,6.521,0.1,High-Confidence (Std <= 0.20)
WT_Cand_1929,8.116,0.015,High-Confidence (Std <= 0.20)
WT_Cand_1930,9.102,0.1,High-Confidence (Std <= 0.20)
WT_Cand_1931,5.436,0.043,High-Confidence (Std <= 0.20)
WT_Cand_1932,7.421,0.238,Low-Confidence (Filtered Out)
WT_Cand_1933,6.315,0.176,High-Confidence (Std <= 0.20)
WT_Cand_1934,6.728,0.068,High-Confidence (Std <= 0.20)
WT_Cand_1935,9.891,0.076,High-Confidence (Std <= 0.20)
WT_Cand_1936,5.122,0.471,Low-Confidence (Filtered Out)
WT_Cand_1937,7.142,0.367,Low-Confidence (Filtered Out)
WT_Cand_1938,7.388,0.161,High-Confidence (Std <= 0.20)
WT_Cand_1939,8.099,0.407,Low-Confidence (Filtered Out)
WT_Cand_1940,6.963,0.107,High-Confidence (Std <= 0.20)
WT_Cand_1941,7.204,0.298,Low-Confidence (Filtered Out)
WT_Cand_1942,6.4,0.067,High-Confidence (Std <= 0.20)
WT_Cand_1943,7.159,0.078,High-Confidence (Std <= 0.20)
WT_Cand_1944,6.455,0.073,High-Confidence (Std <= 0.20)
WT_Cand_1945,7.565,0.315,Low-Confidence (Filtered Out)
WT_Cand_1946,6.425,0.088,High-Confidence (Std <= 0.20)
WT_Cand_1947,7.284,0.104,High-Confidence (Std <= 0.20)
WT_Cand_1948,6.816,0.187,High-Confidence (Std <= 0.20)
WT_Cand_1949,8.145,0.31,Low-Confidence (Filtered Out)
WT_Cand_1950,6.791,0.023,High-Confidence (Std <= 0.20)
WT_Cand_1951,4.811,0.094,High-Confidence (Std <= 0.20)
WT_Cand_1952,8.301,0.307,Low-Confidence (Filtered Out)
WT_Cand_1953,5.808,0.084,High-Confidence (Std <= 0.20)
WT_Cand_1954,6.098,0.044,High-Confidence (Std <= 0.20)
WT_Cand_1955,6.165,0.046,High-Confidence (Std <= 0.20)
WT_Cand_1956,8.431,0.217,Low-Confidence (Filtered Out)
WT_Cand_1957,4.394,0.396,Low-Confidence (Filtered Out)
WT_Cand_1958,10.458,0.249,Low-Confidence (Filtered Out)
WT_Cand_1959,8.064,0.076,High-Confidence (Std <= 0.20)
WT_Cand_1960,7.107,0.347,Low-Confidence (Filtered Out)
WT_Cand_1961,6.787,0.093,High-Confidence (Std <= 0.20)
WT_Cand_1962,7.178,0.071,High-Confidence (Std <= 0.20)
WT_Cand_1963,7.449,0.164,High-Confidence (Std <= 0.20)
WT_Cand_1964,7.592,0.371,Low-Confidence (Filtered Out)
WT_Cand_1965,7.489,0.144,High-Confidence (Std <= 0.20)
WT_Cand_1966,6.953,0.172,High-Confidence (Std <= 0.20)
WT_Cand_1967,6.623,0.051,High-Confidence (Std <= 0.20)
WT_Cand_1968,6.676,0.05,High-Confidence (Std <= 0.20)
WT_Cand_1969,6.626,0.015,High-Confidence (Std <= 0.20)
WT_Cand_1970,8.154,0.05,High-Confidence (Std <= 0.20)
WT_Cand_1971,7.533,0.053,High-Confidence (Std <= 0.20)
WT_Cand_1972,3.469,0.176,High-Confidence (Std <= 0.20)
WT_Cand_1973,7.604,0.26,Low-Confidence (Filtered Out)
WT_Cand_1974,7.074,0.084,High-Confidence (Std <= 0.20)
WT_Cand_1975,6.828,0.02,High-Confidence (Std <= 0.20)
WT_Cand_1976,6.403,0.151,High-Confidence (Std <= 0.20)
WT_Cand_1977,8.143,0.401,Low-Confidence (Filtered Out)
WT_Cand_1978,7.94,0.213,Low-Confidence (Filtered Out)
WT_Cand_1979,5.961,0.06,High-Confidence (Std <= 0.20)
WT_Cand_1980,7.318,0.308,Low-Confidence (Filtered Out)
WT_Cand_1981,5.733,0.03,High-Confidence (Std <= 0.20)
WT_Cand_1982,5.263,0.056,High-Confidence (Std <= 0.20)
WT_Cand_1983,6.129,0.414,Low-Confidence (Filtered Out)
WT_Cand_1984,7.842,0.085,High-Confidence (Std <= 0.20)
WT_Cand_1985,7.946,0.3,Low-Confidence (Filtered Out)
WT_Cand_1986,7.44,0.122,High-Confidence (Std <= 0.20)
WT_Cand_1987,7.684,0.21,Low-Confidence (Filtered Out)
WT_Cand_1988,7.444,0.065,High-Confidence (Std <= 0.20)
WT_Cand_1989,6.112,0.197,High-Confidence (Std <= 0.20)
WT_Cand_1990,7.347,0.142,High-Confidence (Std <= 0.20)
WT_Cand_1991,7.77,0.071,High-Confidence (Std <= 0.20)
WT_Cand_1992,7.717,0.097,High-Confidence (Std <= 0.20)
WT_Cand_1993,8.217,0.029,High-Confidence (Std <= 0.20)
WT_Cand_1994,7.665,0.218,Low-Confidence (Filtered Out)
WT_Cand_1995,7.254,0.349,Low-Confidence (Filtered Out)
WT_Cand_1996,8.081,0.081,High-Confidence (Std <= 0.20)
WT_Cand_1997,6.82,0.147,High-Confidence (Std <= 0.20)
WT_Cand_1998,5.836,0.084,High-Confidence (Std <= 0.20)
WT_Cand_1999,6.662,0.088,High-Confidence (Std <= 0.20)
WT_Cand_2000,5.993,0.014,High-Confidence (Std <= 0.20)
WT_Cand_2001,6.074,0.008,High-Confidence (Std <= 0.20)
WT_Cand_2002,6.684,0.355,Low-Confidence (Filtered Out)
WT_Cand_2003,5.939,0.012,High-Confidence (Std <= 0.20)
WT_Cand_2004,6.496,0.175,High-Confidence (Std <= 0.20)
WT_Cand_2005,4.672,0.249,Low-Confidence (Filtered Out)
WT_Cand_2006,7.095,0.162,High-Confidence (Std <= 0.20)
WT_Cand_2007,6.851,0.106,High-Confidence (Std <= 0.20)
WT_Cand_2008,5.91,0.368,Low-Confidence (Filtered Out)
WT_Cand_2009,7.608,0.035,High-Confidence (Std <= 0.20)
WT_Cand_2010,7.928,0.123,High-Confidence (Std <= 0.20)
WT_Cand_2011,5.001,0.14,High-Confidence (Std <= 0.20)
WT_Cand_2012,5.973,0.402,Low-Confidence (Filtered Out)
WT_Cand_2013,5.965,0.095,High-Confidence (Std <= 0.20)
WT_Cand_2014,5.769,0.622,Low-Confidence (Filtered Out)
WT_Cand_2015,7.804,0.425,Low-Confidence (Filtered Out)
WT_Cand_2016,6.627,0.177,High-Confidence (Std <= 0.20)
WT_Cand_2017,6.546,0.378,Low-Confidence (Filtered Out)
WT_Cand_2018,4.546,0.39,Low-Confidence (Filtered Out)
WT_Cand_2019,7.581,0.022,High-Confidence (Std <= 0.20)
WT_Cand_2020,5.425,0.268,Low-Confidence (Filtered Out)
WT_Cand_2021,6.919,0.159,High-Confidence (Std <= 0.20)
WT_Cand_2022,7.169,0.047,High-Confidence (Std <= 0.20)
WT_Cand_2023,8.415,0.12,High-Confidence (Std <= 0.20)
WT_Cand_2024,5.345,0.413,Low-Confidence (Filtered Out)
WT_Cand_2025,3.378,0.258,Low-Confidence (Filtered Out)
WT_Cand_2026,7.061,0.073,High-Confidence (Std <= 0.20)
WT_Cand_2027,8.921,0.491,Low-Confidence (Filtered Out)
WT_Cand_2028,8.275,0.496,Low-Confidence (Filtered Out)
WT_Cand_2029,7.091,0.238,Low-Confidence (Filtered Out)
WT_Cand_2030,6.285,0.257,Low-Confidence (Filtered Out)
WT_Cand_2031,7.778,0.44,Low-Confidence (Filtered Out)
WT_Cand_2032,5.73,0.236,Low-Confidence (Filtered Out)
WT_Cand_2033,7.398,0.075,High-Confidence (Std <= 0.20)
WT_Cand_2034,7.431,0.054,High-Confidence (Std <= 0.20)
WT_Cand_2035,8.069,0.015,High-Confidence (Std <= 0.20)
WT_Cand_2036,10.024,0.267,Low-Confidence (Filtered Out)
WT_Cand_2037,7.301,0.152,High-Confidence (Std <= 0.20)
WT_Cand_2038,6.265,0.058,High-Confidence (Std <= 0.20)
WT_Cand_2039,6.821,0.02,High-Confidence (Std <= 0.20)
WT_Cand_2040,4.816,0.278,Low-Confidence (Filtered Out)
WT_Cand_2041,6.051,0.051,High-Confidence (Std <= 0.20)
WT_Cand_2042,6.379,0.047,High-Confidence (Std <= 0.20)
WT_Cand_2043,6.247,0.074,High-Confidence (Std <= 0.20)
WT_Cand_2044,7.025,0.178,High-Confidence (Std <= 0.20)
WT_Cand_2045,5.904,0.15,High-Confidence (Std <= 0.20)
WT_Cand_2046,8.139,0.173,High-Confidence (Std <= 0.20)
WT_Cand_2047,6.85,0.045,High-Confidence (Std <= 0.20)
WT_Cand_2048,6.839,0.191,High-Confidence (Std <= 0.20)
WT_Cand_2049,6.473,0.336,Low-Confidence (Filtered Out)
WT_Cand_2050,7.028,0.1,High-Confidence (Std <= 0.20)
WT_Cand_2051,7.799,0.081,High-Confidence (Std <= 0.20)
WT_Cand_2052,5.853,0.103,High-Confidence (Std <= 0.20)
WT_Cand_2053,6.093,0.047,High-Confidence (Std <= 0.20)
WT_Cand_2054,6.501,0.129,High-Confidence (Std <= 0.20)
WT_Cand_2055,5.302,0.073,High-Confidence (Std <= 0.20)
WT_Cand_2056,5.908,0.032,High-Confidence (Std <= 0.20)
WT_Cand_2057,6.302,0.207,Low-Confidence (Filtered Out)
WT_Cand_2058,7.856,0.373,Low-Confidence (Filtered Out)
WT_Cand_2059,7.152,0.132,High-Confidence (Std <= 0.20)
WT_Cand_2060,7.073,0.268,Low-Confidence (Filtered Out)
WT_Cand_2061,7.829,0.25,Low-Confidence (Filtered Out)
WT_Cand_2062,6.692,0.456,Low-Confidence (Filtered Out)
WT_Cand_2063,7.299,0.246,Low-Confidence (Filtered Out)
WT_Cand_2064,6.731,0.15,High-Confidence (Std <= 0.20)
WT_Cand_2065,7.155,0.101,High-Confidence (Std <= 0.20)
WT_Cand_2066,6.18,0.064,High-Confidence (Std <= 0.20)
WT_Cand_2067,4.045,0.137,High-Confidence (Std <= 0.20)
WT_Cand_2068,6.696,0.296,Low-Confidence (Filtered Out)
WT_Cand_2069,8.486,0.396,Low-Confidence (Filtered Out)
WT_Cand_2070,7.915,0.066,High-Confidence (Std <= 0.20)
WT_Cand_2071,7.96,0.079,High-Confidence (Std <= 0.20)
WT_Cand_2072,8.272,0.346,Low-Confidence (Filtered Out)
WT_Cand_2073,6.952,0.475,Low-Confidence (Filtered Out)
WT_Cand_2074,7.077,0.011,High-Confidence (Std <= 0.20)
WT_Cand_2075,6.14,0.136,High-Confidence (Std <= 0.20)
WT_Cand_2076,6.487,0.245,Low-Confidence (Filtered Out)
WT_Cand_2077,7.558,0.224,Low-Confidence (Filtered Out)
WT_Cand_2078,8.234,0.017,High-Confidence (Std <= 0.20)
WT_Cand_2079,6.69,0.137,High-Confidence (Std <= 0.20)
WT_Cand_2080,6.332,0.099,High-Confidence (Std <= 0.20)
WT_Cand_2081,6.851,0.027,High-Confidence (Std <= 0.20)
WT_Cand_2082,7.541,0.258,Low-Confidence (Filtered Out)
WT_Cand_2083,5.19,0.385,Low-Confidence (Filtered Out)
WT_Cand_2084,4.209,0.148,High-Confidence (Std <= 0.20)
WT_Cand_2085,6.217,0.101,High-Confidence (Std <= 0.20)
WT_Cand_2086,5.446,0.156,High-Confidence (Std <= 0.20)
WT_Cand_2087,6.266,0.273,Low-Confidence (Filtered Out)
WT_Cand_2088,6.68,0.408,Low-Confidence (Filtered Out)
WT_Cand_2089,6.329,0.071,High-Confidence (Std <= 0.20)
WT_Cand_2090,8.52,0.183,High-Confidence (Std <= 0.20)
WT_Cand_2091,7.226,0.147,High-Confidence (Std <= 0.20)
WT_Cand_2092,7.196,0.076,High-Confidence (Std <= 0.20)
WT_Cand_2093,7.566,0.524,Low-Confidence (Filtered Out)
WT_Cand_2094,5.54,0.26,Low-Confidence (Filtered Out)
WT_Cand_2095,8.045,0.346,Low-Confidence (Filtered Out)
WT_Cand_2096,6.763,0.046,High-Confidence (Std <= 0.20)
WT_Cand_2097,7.621,0.236,Low-Confidence (Filtered Out)
WT_Cand_2098,5.617,0.158,High-Confidence (Std <= 0.20)
WT_Cand_2099,5.063,0.136,High-Confidence (Std <= 0.20)
WT_Cand_2100,7.791,0.613,Low-Confidence (Filtered Out)
WT_Cand_2101,7.283,0.069,High-Confidence (Std <= 0.20)
WT_Cand_2102,5.813,0.038,High-Confidence (Std <= 0.20)
WT_Cand_2103,5.85,0.102,High-Confidence (Std <= 0.20)
WT_Cand_2104,8.144,0.272,Low-Confidence (Filtered Out)
WT_Cand_2105,5.482,0.378,Low-Confidence (Filtered Out)
WT_Cand_2106,8.739,0.078,High-Confidence (Std <= 0.20)
WT_Cand_2107,5.814,0.176,High-Confidence (Std <= 0.20)
WT_Cand_2108,7.584,0.221,Low-Confidence (Filtered Out)
WT_Cand_2109,6.472,0.139,High-Confidence (Std <= 0.20)
WT_Cand_2110,7.544,0.149,High-Confidence (Std <= 0.20)
WT_Cand_2111,6.224,0.137,High-Confidence (Std <= 0.20)
WT_Cand_2112,6.663,0.175,High-Confidence (Std <= 0.20)
WT_Cand_2113,6.897,0.108,High-Confidence (Std <= 0.20)
WT_Cand_2114,5.697,0.296,Low-Confidence (Filtered Out)
WT_Cand_2115,7.702,0.14,High-Confidence (Std <= 0.20)
WT_Cand_2116,6.26,0.098,High-Confidence (Std <= 0.20)
WT_Cand_2117,6.587,0.07,High-Confidence (Std <= 0.20)
WT_Cand_2118,5.706,0.119,High-Confidence (Std <= 0.20)
WT_Cand_2119,3.903,0.466,Low-Confidence (Filtered Out)
WT_Cand_2120,6.63,0.283,Low-Confidence (Filtered Out)
WT_Cand_2121,9.625,0.227,Low-Confidence (Filtered Out)
WT_Cand_2122,7.752,0.306,Low-Confidence (Filtered Out)
WT_Cand_2123,6.828,0.105,High-Confidence (Std <= 0.20)
WT_Cand_2124,6.548,0.046,High-Confidence (Std <= 0.20)
WT_Cand_2125,6.876,0.035,High-Confidence (Std <= 0.20)
WT_Cand_2126,7.479,0.028,High-Confidence (Std <= 0.20)
WT_Cand_2127,5.492,0.206,Low-Confidence (Filtered Out)
WT_Cand_2128,8.131,0.094,High-Confidence (Std <= 0.20)
WT_Cand_2129,7.673,0.444,Low-Confidence (Filtered Out)
WT_Cand_2130,7.676,0.375,Low-Confidence (Filtered Out)
WT_Cand_2131,7.354,0.282,Low-Confidence (Filtered Out)
WT_Cand_2132,6.873,0.233,Low-Confidence (Filtered Out)
WT_Cand_2133,7.624,0.069,High-Confidence (Std <= 0.20)
WT_Cand_2134,7.531,0.083,High-Confidence (Std <= 0.20)
WT_Cand_2135,6.443,0.069,High-Confidence (Std <= 0.20)
WT_Cand_2136,6.19,0.045,High-Confidence (Std <= 0.20)
WT_Cand_2137,6.967,0.126,High-Confidence (Std <= 0.20)
WT_Cand_2138,8.631,0.321,Low-Confidence (Filtered Out)
WT_Cand_2139,5.425,0.119,High-Confidence (Std <= 0.20)
WT_Cand_2140,5.162,0.065,High-Confidence (Std <= 0.20)
WT_Cand_2141,7.039,0.119,High-Confidence (Std <= 0.20)
WT_Cand_2142,6.909,0.163,High-Confidence (Std <= 0.20)
WT_Cand_2143,7.049,0.086,High-Confidence (Std <= 0.20)
WT_Cand_2144,7.131,0.127,High-Confidence (Std <= 0.20)
WT_Cand_2145,6.593,0.875,Low-Confidence (Filtered Out)
WT_Cand_2146,8.563,0.027,High-Confidence (Std <= 0.20)
WT_Cand_2147,5.009,0.153,High-Confidence (Std <= 0.20)
WT_Cand_2148,5.897,0.198,High-Confidence (Std <= 0.20)
WT_Cand_2149,6.731,0.121,High-Confidence (Std <= 0.20)
WT_Cand_2150,4.96,0.049,High-Confidence (Std <= 0.20)
WT_Cand_2151,6.648,0.438,Low-Confidence (Filtered Out)
WT_Cand_2152,8.761,0.145,High-Confidence (Std <= 0.20)
WT_Cand_2153,6.874,0.16,High-Confidence (Std <= 0.20)
WT_Cand_2154,7.115,0.278,Low-Confidence (Filtered Out)
WT_Cand_2155,5.401,0.117,High-Confidence (Std <= 0.20)
WT_Cand_2156,6.141,0.107,High-Confidence (Std <= 0.20)
WT_Cand_2157,6.419,0.438,Low-Confidence (Filtered Out)
WT_Cand_2158,6.485,0.017,High-Confidence (Std <= 0.20)
WT_Cand_2159,8.324,0.189,High-Confidence (Std <= 0.20)
WT_Cand_2160,7.491,0.175,High-Confidence (Std <= 0.20)
WT_Cand_2161,5.572,0.093,High-Confidence (Std <= 0.20)
WT_Cand_2162,7.133,0.122,High-Confidence (Std <= 0.20)
WT_Cand_2163,7.423,0.409,Low-Confidence (Filtered Out)
WT_Cand_2164,8.161,0.059,High-Confidence (Std <= 0.20)
WT_Cand_2165,8.668,0.263,Low-Confidence (Filtered Out)
WT_Cand_2166,5.683,0.141,High-Confidence (Std <= 0.20)
WT_Cand_2167,5.918,0.241,Low-Confidence (Filtered Out)
WT_Cand_2168,5.404,0.201,Low-Confidence (Filtered Out)
WT_Cand_2169,6.581,0.007,High-Confidence (Std <= 0.20)
WT_Cand_2170,7.386,0.058,High-Confidence (Std <= 0.20)
WT_Cand_2171,7.985,0.068,High-Confidence (Std <= 0.20)
WT_Cand_2172,6.763,0.049,High-Confidence (Std <= 0.20)
WT_Cand_2173,6.482,0.078,High-Confidence (Std <= 0.20)
WT_Cand_2174,7.025,0.159,High-Confidence (Std <= 0.20)
WT_Cand_2175,5.89,0.299,Low-Confidence (Filtered Out)
WT_Cand_2176,9.253,0.032,High-Confidence (Std <= 0.20)
WT_Cand_2177,5.001,0.143,High-Confidence (Std <= 0.20)
WT_Cand_2178,7.062,0.181,High-Confidence (Std <= 0.20)
WT_Cand_2179,9.177,0.346,Low-Confidence (Filtered Out)
WT_Cand_2180,6.858,0.477,Low-Confidence (Filtered Out)
WT_Cand_2181,6.631,0.116,High-Confidence (Std <= 0.20)
WT_Cand_2182,6.439,0.05,High-Confidence (Std <= 0.20)
WT_Cand_2183,6.643,0.192,High-Confidence (Std <= 0.20)
WT_Cand_2184,8.429,0.053,High-Confidence (Std <= 0.20)
WT_Cand_2185,4.306,0.178,High-Confidence (Std <= 0.20)
WT_Cand_2186,8.613,0.065,High-Confidence (Std <= 0.20)
WT_Cand_2187,5.212,0.218,Low-Confidence (Filtered Out)
WT_Cand_2188,6.543,0.07,High-Confidence (Std <= 0.20)
WT_Cand_2189,6.356,0.444,Low-Confidence (Filtered Out)
WT_Cand_2190,7.527,0.141,High-Confidence (Std <= 0.20)
WT_Cand_2191,5.012,0.02,High-Confidence (Std <= 0.20)
WT_Cand_2192,7.381,0.307,Low-Confidence (Filtered Out)
WT_Cand_2193,9.178,0.118,High-Confidence (Std <= 0.20)
WT_Cand_2194,5.282,0.233,Low-Confidence (Filtered Out)
WT_Cand_2195,7.068,0.311,Low-Confidence (Filtered Out)
WT_Cand_2196,6.089,0.148,High-Confidence (Std <= 0.20)
WT_Cand_2197,7.34,0.03,High-Confidence (Std <= 0.20)
WT_Cand_2198,6.872,0.161,High-Confidence (Std <= 0.20)
WT_Cand_2199,6.112,0.399,Low-Confidence (Filtered Out)
WT_Cand_2200,7.411,0.128,High-Confidence (Std <= 0.20)
WT_Cand_2201,8.925,0.202,Low-Confidence (Filtered Out)
WT_Cand_2202,6.63,0.06,High-Confidence (Std <= 0.20)
WT_Cand_2203,7.678,0.023,High-Confidence (Std <= 0.20)
WT_Cand_2204,5.363,0.12,High-Confidence (Std <= 0.20)
WT_Cand_2205,5.75,0.145,High-Confidence (Std <= 0.20)
WT_Cand_2206,7.393,0.341,Low-Confidence (Filtered Out)
WT_Cand_2207,8.557,0.153,High-Confidence (Std <= 0.20)
WT_Cand_2208,7.259,0.32,Low-Confidence (Filtered Out)
WT_Cand_2209,6.49,0.091,High-Confidence (Std <= 0.20)
WT_Cand_2210,6.849,0.029,High-Confidence (Std <= 0.20)
WT_Cand_2211,5.412,0.212,Low-Confidence (Filtered Out)
WT_Cand_2212,7.545,0.432,Low-Confidence (Filtered Out)
WT_Cand_2213,7.865,0.079,High-Confidence (Std <= 0.20)
WT_Cand_2214,6.33,0.238,Low-Confidence (Filtered Out)
WT_Cand_2215,6.309,0.246,Low-Confidence (Filtered Out)
WT_Cand_2216,7.156,0.115,High-Confidence (Std <= 0.20)
WT_Cand_2217,6.348,0.255,Low-Confidence (Filtered Out)
WT_Cand_2218,6.774,0.191,High-Confidence (Std <= 0.20)
WT_Cand_2219,9.265,0.255,Low-Confidence (Filtered Out)
WT_Cand_2220,6.566,0.221,Low-Confidence (Filtered Out)
WT_Cand_2221,6.438,0.13,High-Confidence (Std <= 0.20)
WT_Cand_2222,6.105,0.144,High-Confidence (Std <= 0.20)
WT_Cand_2223,7.706,0.334,Low-Confidence (Filtered Out)
WT_Cand_2224,6.642,0.161,High-Confidence (Std <= 0.20)
WT_Cand_2225,6.103,0.068,High-Confidence (Std <= 0.20)
WT_Cand_2226,8.369,0.117,High-Confidence (Std <= 0.20)
WT_Cand_2227,8.483,0.201,Low-Confidence (Filtered Out)
WT_Cand_2228,6.16,0.317,Low-Confidence (Filtered Out)
WT_Cand_2229,4.703,0.023,High-Confidence (Std <= 0.20)
WT_Cand_2230,8.009,0.111,High-Confidence (Std <= 0.20)
WT_Cand_2231,6.063,0.299,Low-Confidence (Filtered Out)
WT_Cand_2232,7.759,0.059,High-Confidence (Std <= 0.20)
WT_Cand_2233,4.584,0.059,High-Confidence (Std <= 0.20)
WT_Cand_2234,7.876,0.143,High-Confidence (Std <= 0.20)
WT_Cand_2235,5.457,0.021,High-Confidence (Std <= 0.20)
WT_Cand_2236,7.69,0.522,Low-Confidence (Filtered Out)
WT_Cand_2237,6.866,0.199,High-Confidence (Std <= 0.20)
WT_Cand_2238,5.753,0.238,Low-Confidence (Filtered Out)
WT_Cand_2239,6.382,0.352,Low-Confidence (Filtered Out)
WT_Cand_2240,7.639,0.748,Low-Confidence (Filtered Out)
WT_Cand_2241,6.972,0.13,High-Confidence (Std <= 0.20)
WT_Cand_2242,7.522,0.184,High-Confidence (Std <= 0.20)
WT_Cand_2243,9.123,0.063,High-Confidence (Std <= 0.20)
WT_Cand_2244,5.051,0.039,High-Confidence (Std <= 0.20)
WT_Cand_2245,8.71,0.087,High-Confidence (Std <= 0.20)
WT_Cand_2246,6.97,0.128,High-Confidence (Std <= 0.20)
WT_Cand_2247,5.816,0.357,Low-Confidence (Filtered Out)
WT_Cand_2248,5.32,0.532,Low-Confidence (Filtered Out)
WT_Cand_2249,6.633,0.046,High-Confidence (Std <= 0.20)
WT_Cand_2250,7.91,0.093,High-Confidence (Std <= 0.20)
WT_Cand_2251,6.703,0.229,Low-Confidence (Filtered Out)
WT_Cand_2252,8.588,0.256,Low-Confidence (Filtered Out)
WT_Cand_2253,5.181,0.052,High-Confidence (Std <= 0.20)
WT_Cand_2254,6.836,0.299,Low-Confidence (Filtered Out)
WT_Cand_2255,5.41,0.068,High-Confidence (Std <= 0.20)
WT_Cand_2256,7.268,0.05,High-Confidence (Std <= 0.20)
WT_Cand_2257,7.87,0.221,Low-Confidence (Filtered Out)
WT_Cand_2258,6.366,0.364,Low-Confidence (Filtered Out)
WT_Cand_2259,3.855,0.184,High-Confidence (Std <= 0.20)
WT_Cand_2260,7.079,0.158,High-Confidence (Std <= 0.20)
WT_Cand_2261,7.352,0.13,High-Confidence (Std <= 0.20)
WT_Cand_2262,7.315,0.151,High-Confidence (Std <= 0.20)
WT_Cand_2263,8.271,0.114,High-Confidence (Std <= 0.20)
WT_Cand_2264,5.618,0.226,Low-Confidence (Filtered Out)
WT_Cand_2265,7.632,0.151,High-Confidence (Std <= 0.20)
WT_Cand_2266,8.221,0.715,Low-Confidence (Filtered Out)
WT_Cand_2267,4.805,0.191,High-Confidence (Std <= 0.20)
WT_Cand_2268,7.218,0.114,High-Confidence (Std <= 0.20)
WT_Cand_2269,6.27,0.047,High-Confidence (Std <= 0.20)
WT_Cand_2270,6.756,0.054,High-Confidence (Std <= 0.20)
WT_Cand_2271,7.25,0.198,High-Confidence (Std <= 0.20)
WT_Cand_2272,6.29,0.082,High-Confidence (Std <= 0.20)
WT_Cand_2273,6.073,0.166,High-Confidence (Std <= 0.20)
WT_Cand_2274,6.889,0.381,Low-Confidence (Filtered Out)
WT_Cand_2275,5.6,0.036,High-Confidence (Std <= 0.20)
WT_Cand_2276,5.601,0.121,High-Confidence (Std <= 0.20)
WT_Cand_2277,7.631,0.024,High-Confidence (Std <= 0.20)
WT_Cand_2278,5.529,0.171,High-Confidence (Std <= 0.20)
WT_Cand_2279,7.616,0.028,High-Confidence (Std <= 0.20)
WT_Cand_2280,7.382,0.035,High-Confidence (Std <= 0.20)
WT_Cand_2281,4.865,0.488,Low-Confidence (Filtered Out)
WT_Cand_2282,6.071,0.074,High-Confidence (Std <= 0.20)
WT_Cand_2283,8.223,0.05,High-Confidence (Std <= 0.20)
WT_Cand_2284,5.722,0.379,Low-Confidence (Filtered Out)
WT_Cand_2285,6.316,0.049,High-Confidence (Std <= 0.20)
WT_Cand_2286,7.381,0.188,High-Confidence (Std <= 0.20)
WT_Cand_2287,7.751,0.193,High-Confidence (Std <= 0.20)
WT_Cand_2288,6.561,0.284,Low-Confidence (Filtered Out)
WT_Cand_2289,6.163,0.041,High-Confidence (Std <= 0.20)
WT_Cand_2290,8.486,0.059,High-Confidence (Std <= 0.20)
WT_Cand_2291,8.85,0.075,High-Confidence (Std <= 0.20)
WT_Cand_2292,7.976,0.062,High-Confidence (Std <= 0.20)
WT_Cand_2293,6.948,0.269,Low-Confidence (Filtered Out)
WT_Cand_2294,5.92,0.193,High-Confidence (Std <= 0.20)
WT_Cand_2295,5.895,0.219,Low-Confidence (Filtered Out)
WT_Cand_2296,7.451,0.022,High-Confidence (Std <= 0.20)
WT_Cand_2297,7.331,0.168,High-Confidence (Std <= 0.20)
WT_Cand_2298,8.462,0.426,Low-Confidence (Filtered Out)
WT_Cand_2299,7.598,0.649,Low-Confidence (Filtered Out)
WT_Cand_2300,5.121,0.088,High-Confidence (Std <= 0.20)
WT_Cand_2301,8.06,0.288,Low-Confidence (Filtered Out)
WT_Cand_2302,5.702,0.06,High-Confidence (Std <= 0.20)
WT_Cand_2303,6.408,0.023,High-Confidence (Std <= 0.20)
WT_Cand_2304,7.138,0.026,High-Confidence (Std <= 0.20)
WT_Cand_2305,9.145,0.383,Low-Confidence (Filtered Out)
WT_Cand_2306,10.426,0.095,High-Confidence (Std <= 0.20)
WT_Cand_2307,7.548,0.077,High-Confidence (Std <= 0.20)
WT_Cand_2308,6.639,0.261,Low-Confidence (Filtered Out)
WT_Cand_2309,7.465,0.033,High-Confidence (Std <= 0.20)
WT_Cand_2310,7.871,0.211,Low-Confidence (Filtered Out)
WT_Cand_2311,6.481,0.114,High-Confidence (Std <= 0.20)
WT_Cand_2312,8.914,0.604,Low-Confidence (Filtered Out)
WT_Cand_2313,7.115,0.093,High-Confidence (Std <= 0.20)
WT_Cand_2314,7.422,0.122,High-Confidence (Std <= 0.20)
WT_Cand_2315,7.616,0.025,High-Confidence (Std <= 0.20)
WT_Cand_2316,7.335,0.674,Low-Confidence (Filtered Out)
WT_Cand_2317,7.815,0.099,High-Confidence (Std <= 0.20)
WT_Cand_2318,6.14,0.505,Low-Confidence (Filtered Out)
WT_Cand_2319,6.208,0.016,High-Confidence (Std <= 0.20)
WT_Cand_2320,5.585,0.179,High-Confidence (Std <= 0.20)
WT_Cand_2321,7.355,0.622,Low-Confidence (Filtered Out)
WT_Cand_2322,7.746,0.074,High-Confidence (Std <= 0.20)
WT_Cand_2323,7.376,0.169,High-Confidence (Std <= 0.20)
WT_Cand_2324,8.776,0.393,Low-Confidence (Filtered Out)
WT_Cand_2325,6.844,0.1,High-Confidence (Std <= 0.20)
WT_Cand_2326,7.619,0.024,High-Confidence (Std <= 0.20)
WT_Cand_2327,5.595,0.086,High-Confidence (Std <= 0.20)
WT_Cand_2328,6.405,0.181,High-Confidence (Std <= 0.20)
WT_Cand_2329,7.65,0.179,High-Confidence (Std <= 0.20)
WT_Cand_2330,7.826,0.25,Low-Confidence (Filtered Out)
WT_Cand_2331,6.512,0.058,High-Confidence (Std <= 0.20)
WT_Cand_2332,6.768,0.586,Low-Confidence (Filtered Out)
WT_Cand_2333,5.104,0.06,High-Confidence (Std <= 0.20)
WT_Cand_2334,6.439,0.151,High-Confidence (Std <= 0.20)
WT_Cand_2335,7.874,0.187,High-Confidence (Std <= 0.20)
WT_Cand_2336,7.511,0.172,High-Confidence (Std <= 0.20)
WT_Cand_2337,7.426,0.041,High-Confidence (Std <= 0.20)
WT_Cand_2338,6.907,0.4,Low-Confidence (Filtered Out)
WT_Cand_2339,6.858,0.082,High-Confidence (Std <= 0.20)
WT_Cand_2340,6.091,0.201,Low-Confidence (Filtered Out)
WT_Cand_2341,7.654,0.167,High-Confidence (Std <= 0.20)
WT_Cand_2342,7.334,0.167,High-Confidence (Std <= 0.20)
WT_Cand_2343,7.416,0.021,High-Confidence (Std <= 0.20)
WT_Cand_2344,6.245,0.075,High-Confidence (Std <= 0.20)
WT_Cand_2345,4.374,0.2,High-Confidence (Std <= 0.20)
WT_Cand_2346,8.112,0.023,High-Confidence (Std <= 0.20)
WT_Cand_2347,6.299,0.113,High-Confidence (Std <= 0.20)
WT_Cand_2348,5.858,0.154,High-Confidence (Std <= 0.20)
WT_Cand_2349,7.648,0.239,Low-Confidence (Filtered Out)
WT_Cand_2350,6.399,0.151,High-Confidence (Std <= 0.20)
WT_Cand_2351,8.069,0.117,High-Confidence (Std <= 0.20)
WT_Cand_2352,7.56,0.174,High-Confidence (Std <= 0.20)
WT_Cand_2353,7.636,0.11,High-Confidence (Std <= 0.20)
WT_Cand_2354,5.279,0.055,High-Confidence (Std <= 0.20)
WT_Cand_2355,8.244,0.085,High-Confidence (Std <= 0.20)
WT_Cand_2356,7.15,0.197,High-Confidence (Std <= 0.20)
WT_Cand_2357,6.425,0.118,High-Confidence (Std <= 0.20)
WT_Cand_2358,7.015,0.039,High-Confidence (Std <= 0.20)
WT_Cand_2359,4.807,0.192,High-Confidence (Std <= 0.20)
WT_Cand_2360,7.32,0.219,Low-Confidence (Filtered Out)
WT_Cand_2361,5.666,0.148,High-Confidence (Std <= 0.20)
WT_Cand_2362,5.294,0.103,High-Confidence (Std <= 0.20)
WT_Cand_2363,5.099,0.137,High-Confidence (Std <= 0.20)
WT_Cand_2364,8.13,0.138,High-Confidence (Std <= 0.20)
WT_Cand_2365,6.126,0.462,Low-Confidence (Filtered Out)
WT_Cand_2366,8.614,0.013,High-Confidence (Std <= 0.20)
WT_Cand_2367,6.234,0.054,High-Confidence (Std <= 0.20)
WT_Cand_2368,4.887,0.175,High-Confidence (Std <= 0.20)
WT_Cand_2369,5.566,0.325,Low-Confidence (Filtered Out)
WT_Cand_2370,8.271,0.058,High-Confidence (Std <= 0.20)
WT_Cand_2371,6.671,0.042,High-Confidence (Std <= 0.20)
WT_Cand_2372,6.219,0.122,High-Confidence (Std <= 0.20)
WT_Cand_2373,7.034,0.054,High-Confidence (Std <= 0.20)
WT_Cand_2374,7.427,0.123,High-Confidence (Std <= 0.20)
WT_Cand_2375,8.135,0.055,High-Confidence (Std <= 0.20)
WT_Cand_2376,8.516,0.243,Low-Confidence (Filtered Out)
WT_Cand_2377,6.436,0.057,High-Confidence (Std <= 0.20)
WT_Cand_2378,5.325,0.018,High-Confidence (Std <= 0.20)
WT_Cand_2379,6.375,0.243,Low-Confidence (Filtered Out)
WT_Cand_2380,7.149,0.14,High-Confidence (Std <= 0.20)
WT_Cand_2381,5.742,0.093,High-Confidence (Std <= 0.20)
WT_Cand_2382,5.749,0.095,High-Confidence (Std <= 0.20)
WT_Cand_2383,7.245,0.155,High-Confidence (Std <= 0.20)
WT_Cand_2384,6.794,0.042,High-Confidence (Std <= 0.20)
WT_Cand_2385,6.888,0.028,High-Confidence (Std <= 0.20)
WT_Cand_2386,5.978,0.057,High-Confidence (Std <= 0.20)
WT_Cand_2387,6.585,0.104,High-Confidence (Std <= 0.20)
WT_Cand_2388,5.787,0.052,High-Confidence (Std <= 0.20)
WT_Cand_2389,7.874,0.46,Low-Confidence (Filtered Out)
WT_Cand_2390,8.041,0.057,High-Confidence (Std <= 0.20)
WT_Cand_2391,4.727,0.145,High-Confidence (Std <= 0.20)
WT_Cand_2392,5.781,0.208,Low-Confidence (Filtered Out)
WT_Cand_2393,5.129,0.358,Low-Confidence (Filtered Out)
WT_Cand_2394,6.102,0.515,Low-Confidence (Filtered Out)
WT_Cand_2395,6.754,0.667,Low-Confidence (Filtered Out)
WT_Cand_2396,5.183,0.345,Low-Confidence (Filtered Out)
WT_Cand_2397,5.79,0.304,Low-Confidence (Filtered Out)
WT_Cand_2398,5.695,0.046,High-Confidence (Std <= 0.20)
WT_Cand_2399,7.088,0.218,Low-Confidence (Filtered Out)
WT_Cand_2400,6.93,0.109,High-Confidence (Std <= 0.20)
WT_Cand_2401,6.02,0.11,High-Confidence (Std <= 0.20)
WT_Cand_2402,7.053,0.093,High-Confidence (Std <= 0.20)
WT_Cand_2403,6.221,0.044,High-Confidence (Std <= 0.20)
WT_Cand_2404,6.538,0.079,High-Confidence (Std <= 0.20)
WT_Cand_2405,8.774,0.054,High-Confidence (Std <= 0.20)
WT_Cand_2406,8.392,0.013,High-Confidence (Std <= 0.20)
WT_Cand_2407,5.355,0.401,Low-Confidence (Filtered Out)
WT_Cand_2408,7.804,0.142,High-Confidence (Std <= 0.20)
WT_Cand_2409,7.783,0.147,High-Confidence (Std <= 0.20)
WT_Cand_2410,5.529,0.131,High-Confidence (Std <= 0.20)
WT_Cand_2411,7.792,0.324,Low-Confidence (Filtered Out)
WT_Cand_2412,8.619,0.16,High-Confidence (Std <= 0.20)
WT_Cand_2413,5.559,0.411,Low-Confidence (Filtered Out)
WT_Cand_2414,5.795,0.237,Low-Confidence (Filtered Out)
WT_Cand_2415,8.02,0.065,High-Confidence (Std <= 0.20)
WT_Cand_2416,7.162,0.365,Low-Confidence (Filtered Out)
WT_Cand_2417,7.484,0.186,High-Confidence (Std <= 0.20)
WT_Cand_2418,7.242,0.128,High-Confidence (Std <= 0.20)
WT_Cand_2419,7.299,0.295,Low-Confidence (Filtered Out)
WT_Cand_2420,5.325,0.144,High-Confidence (Std <= 0.20)
WT_Cand_2421,8.054,0.254,Low-Confidence (Filtered Out)
WT_Cand_2422,8.195,0.036,High-Confidence (Std <= 0.20)
WT_Cand_2423,6.586,0.146,High-Confidence (Std <= 0.20)
WT_Cand_2424,6.8,0.07,High-Confidence (Std <= 0.20)
WT_Cand_2425,5.089,0.65,Low-Confidence (Filtered Out)
WT_Cand_2426,7.441,0.39,Low-Confidence (Filtered Out)
WT_Cand_2427,7.508,0.168,High-Confidence (Std <= 0.20)
WT_Cand_2428,6.778,0.362,Low-Confidence (Filtered Out)
WT_Cand_2429,8.143,0.072,High-Confidence (Std <= 0.20)
WT_Cand_2430,6.466,0.089,High-Confidence (Std <= 0.20)
WT_Cand_2431,7.499,0.009,High-Confidence (Std <= 0.20)
WT_Cand_2432,5.677,0.243,Low-Confidence (Filtered Out)
WT_Cand_2433,6.823,0.008,High-Confidence (Std <= 0.20)
WT_Cand_2434,6.649,0.08,High-Confidence (Std <= 0.20)
WT_Cand_2435,7.109,0.035,High-Confidence (Std <= 0.20)
WT_Cand_2436,6.425,0.318,Low-Confidence (Filtered Out)
WT_Cand_2437,6.699,0.604,Low-Confidence (Filtered Out)
WT_Cand_2438,7.8,0.276,Low-Confidence (Filtered Out)
WT_Cand_2439,6.348,0.238,Low-Confidence (Filtered Out)
WT_Cand_2440,5.002,0.17,High-Confidence (Std <= 0.20)
WT_Cand_2441,8.862,0.157,High-Confidence (Std <= 0.20)
WT_Cand_2442,8.439,0.059,High-Confidence (Std <= 0.20)
WT_Cand_2443,5.364,0.022,High-Confidence (Std <= 0.20)
WT_Cand_2444,7.643,0.154,High-Confidence (Std <= 0.20)
WT_Cand_2445,6.272,0.188,High-Confidence (Std <= 0.20)
WT_Cand_2446,7.153,0.187,High-Confidence (Std <= 0.20)
WT_Cand_2447,7.188,0.21,Low-Confidence (Filtered Out)
WT_Cand_2448,6.58,0.259,Low-Confidence (Filtered Out)
WT_Cand_2449,5.949,0.148,High-Confidence (Std <= 0.20)
WT_Cand_2450,6.056,0.052,High-Confidence (Std <= 0.20)
WT_Cand_2451,5.796,0.204,Low-Confidence (Filtered Out)
WT_Cand_2452,5.893,0.246,Low-Confidence (Filtered Out)
WT_Cand_2453,6.773,0.105,High-Confidence (Std <= 0.20)
WT_Cand_2454,6.027,0.246,Low-Confidence (Filtered Out)
WT_Cand_2455,7.634,0.156,High-Confidence (Std <= 0.20)
WT_Cand_2456,8.56,0.044,High-Confidence (Std <= 0.20)
WT_Cand_2457,6.183,0.758,Low-Confidence (Filtered Out)
WT_Cand_2458,7.125,0.1,High-Confidence (Std <= 0.20)
WT_Cand_2459,7.425,0.048,High-Confidence (Std <= 0.20)
WT_Cand_2460,7.393,0.069,High-Confidence (Std <= 0.20)
WT_Cand_2461,6.937,0.004,High-Confidence (Std <= 0.20)
WT_Cand_2462,7.704,0.109,High-Confidence (Std <= 0.20)
WT_Cand_2463,7.405,0.405,Low-Confidence (Filtered Out)
WT_Cand_2464,5.427,0.168,High-Confidence (Std <= 0.20)
WT_Cand_2465,7.85,0.062,High-Confidence (Std <= 0.20)
WT_Cand_2466,7.87,0.134,High-Confidence (Std <= 0.20)
WT_Cand_2467,5.972,0.136,High-Confidence (Std <= 0.20)
WT_Cand_2468,6.894,0.103,High-Confidence (Std <= 0.20)
WT_Cand_2469,7.636,0.302,Low-Confidence (Filtered Out)
WT_Cand_2470,6.609,0.19,High-Confidence (Std <= 0.20)
WT_Cand_2471,8.084,0.051,High-Confidence (Std <= 0.20)
WT_Cand_2472,9.568,0.295,Low-Confidence (Filtered Out)
WT_Cand_2473,5.946,0.376,Low-Confidence (Filtered Out)
WT_Cand_2474,5.262,0.195,High-Confidence (Std <= 0.20)
WT_Cand_2475,7.199,0.113,High-Confidence (Std <= 0.20)
WT_Cand_2476,7.68,0.083,High-Confidence (Std <= 0.20)
WT_Cand_2477,6.585,0.476,Low-Confidence (Filtered Out)
WT_Cand_2478,8.521,0.182,High-Confidence (Std <= 0.20)
WT_Cand_2479,5.311,0.153,High-Confidence (Std <= 0.20)
WT_Cand_2480,7.647,0.039,High-Confidence (Std <= 0.20)
WT_Cand_2481,6.153,0.057,High-Confidence (Std <= 0.20)
WT_Cand_2482,8.827,0.026,High-Confidence (Std <= 0.20)
WT_Cand_2483,9.141,0.112,High-Confidence (Std <= 0.20)
WT_Cand_2484,5.968,0.081,High-Confidence (Std <= 0.20)
WT_Cand_2485,6.218,0.159,High-Confidence (Std <= 0.20)
WT_Cand_2486,7.839,0.34,Low-Confidence (Filtered Out)
WT_Cand_2487,6.405,0.247,Low-Confidence (Filtered Out)
WT_Cand_2488,6.798,0.288,Low-Confidence (Filtered Out)
WT_Cand_2489,6.879,0.333,Low-Confidence (Filtered Out)
WT_Cand_2490,4.642,0.062,High-Confidence (Std <= 0.20)
WT_Cand_2491,6.834,0.095,High-Confidence (Std <= 0.20)
WT_Cand_2492,6.057,0.083,High-Confidence (Std <= 0.20)
WT_Cand_2493,6.283,0.258,Low-Confidence (Filtered Out)
WT_Cand_2494,8.51,0.037,High-Confidence (Std <= 0.20)
WT_Cand_2495,5.405,0.42,Low-Confidence (Filtered Out)
WT_Cand_2496,7.785,0.092,High-Confidence (Std <= 0.20)
WT_Cand_2497,6.529,0.04,High-Confidence (Std <= 0.20)
WT_Cand_2498,6.528,0.096,High-Confidence (Std <= 0.20)
WT_Cand_2499,7.759,0.102,High-Confidence (Std <= 0.20)
WT_Cand_2500,7.241,0.117,High-Confidence (Std <= 0.20)
WT_Cand_2501,7.506,0.122,High-Confidence (Std <= 0.20)
WT_Cand_2502,7.963,0.331,Low-Confidence (Filtered Out)
WT_Cand_2503,6.469,0.185,High-Confidence (Std <= 0.20)
WT_Cand_2504,6.146,0.04,High-Confidence (Std <= 0.20)
WT_Cand_2505,5.602,0.1,High-Confidence (Std <= 0.20)
WT_Cand_2506,5.901,0.08,High-Confidence (Std <= 0.20)
WT_Cand_2507,10.241,0.147,High-Confidence (Std <= 0.20)
WT_Cand_2508,8.281,0.129,High-Confidence (Std <= 0.20)
WT_Cand_2509,5.296,0.52,Low-Confidence (Filtered Out)
WT_Cand_2510,5.329,0.287,Low-Confidence (Filtered Out)
WT_Cand_2511,7.404,0.228,Low-Confidence (Filtered Out)
WT_Cand_2512,7.479,0.008,High-Confidence (Std <= 0.20)
WT_Cand_2513,7.481,0.278,Low-Confidence (Filtered Out)
WT_Cand_2514,6.557,0.015,High-Confidence (Std <= 0.20)
WT_Cand_2515,6.706,0.088,High-Confidence (Std <= 0.20)
WT_Cand_2516,7.227,0.099,High-Confidence (Std <= 0.20)
WT_Cand_2517,6.949,0.321,Low-Confidence (Filtered Out)
WT_Cand_2518,4.298,0.048,High-Confidence (Std <= 0.20)
WT_Cand_2519,6.586,0.117,High-Confidence (Std <= 0.20)
WT_Cand_2520,5.871,0.03,High-Confidence (Std <= 0.20)
WT_Cand_2521,7.051,0.214,Low-Confidence (Filtered Out)
WT_Cand_2522,10.283,0.089,High-Confidence (Std <= 0.20)
WT_Cand_2523,7.273,0.161,High-Confidence (Std <= 0.20)
WT_Cand_2524,6.489,0.042,High-Confidence (Std <= 0.20)
WT_Cand_2525,7.91,0.166,High-Confidence (Std <= 0.20)
WT_Cand_2526,7.405,0.24,Low-Confidence (Filtered Out)
WT_Cand_2527,7.333,0.424,Low-Confidence (Filtered Out)
WT_Cand_2528,7.548,0.378,Low-Confidence (Filtered Out)
WT_Cand_2529,9.215,0.076,High-Confidence (Std <= 0.20)
WT_Cand_2530,5.549,0.159,High-Confidence (Std <= 0.20)
WT_Cand_2531,7.395,0.262,Low-Confidence (Filtered Out)
WT_Cand_2532,5.785,0.182,High-Confidence (Std <= 0.20)
WT_Cand_2533,7.489,0.1,High-Confidence (Std <= 0.20)
WT_Cand_2534,5.794,0.165,High-Confidence (Std <= 0.20)
WT_Cand_2535,6.37,0.401,Low-Confidence (Filtered Out)
WT_Cand_2536,6.511,0.134,High-Confidence (Std <= 0.20)
WT_Cand_2537,7.972,0.218,Low-Confidence (Filtered Out)
WT_Cand_2538,7.906,0.175,High-Confidence (Std <= 0.20)
WT_Cand_2539,5.417,0.072,High-Confidence (Std <= 0.20)
WT_Cand_2540,6.913,0.32,Low-Confidence (Filtered Out)
WT_Cand_2541,6.034,0.138,High-Confidence (Std <= 0.20)
WT_Cand_2542,5.403,0.099,High-Confidence (Std <= 0.20)
WT_Cand_2543,6.6,0.173,High-Confidence (Std <= 0.20)
WT_Cand_2544,6.495,0.349,Low-Confidence (Filtered Out)
WT_Cand_2545,9.641,0.164,High-Confidence (Std <= 0.20)
WT_Cand_2546,7.348,0.161,High-Confidence (Std <= 0.20)
WT_Cand_2547,5.266,0.212,Low-Confidence (Filtered Out)
WT_Cand_2548,6.201,0.255,Low-Confidence (Filtered Out)
WT_Cand_2549,8.025,0.11,High-Confidence (Std <= 0.20)
WT_Cand_2550,9.252,0.123,High-Confidence (Std <= 0.20)
WT_Cand_2551,5.026,0.102,High-Confidence (Std <= 0.20)
WT_Cand_2552,4.688,0.21,Low-Confidence (Filtered Out)
WT_Cand_2553,9.002,0.138,High-Confidence (Std <= 0.20)
WT_Cand_2554,7.298,0.144,High-Confidence (Std <= 0.20)
WT_Cand_2555,5.851,0.148,High-Confidence (Std <= 0.20)
WT_Cand_2556,7.465,0.035,High-Confidence (Std <= 0.20)
WT_Cand_2557,3.819,0.238,Low-Confidence (Filtered Out)
WT_Cand_2558,6.854,0.107,High-Confidence (Std <= 0.20)
WT_Cand_2559,7.227,0.139,High-Confidence (Std <= 0.20)
WT_Cand_2560,7.913,0.089,High-Confidence (Std <= 0.20)
WT_Cand_2561,5.684,0.048,High-Confidence (Std <= 0.20)
WT_Cand_2562,6.949,0.162,High-Confidence (Std <= 0.20)
WT_Cand_2563,5.786,0.2,High-Confidence (Std <= 0.20)
WT_Cand_2564,7.144,0.749,Low-Confidence (Filtered Out)
WT_Cand_2565,5.82,0.082,High-Confidence (Std <= 0.20)
WT_Cand_2566,6.381,0.269,Low-Confidence (Filtered Out)
WT_Cand_2567,5.705,0.105,High-Confidence (Std <= 0.20)
WT_Cand_2568,7.599,0.288,Low-Confidence (Filtered Out)
WT_Cand_2569,7.837,0.227,Low-Confidence (Filtered Out)
WT_Cand_2570,6.58,0.083,High-Confidence (Std <= 0.20)
WT_Cand_2571,6.894,0.044,High-Confidence (Std <= 0.20)
WT_Cand_2572,5.184,0.029,High-Confidence (Std <= 0.20)
WT_Cand_2573,6.505,0.311,Low-Confidence (Filtered Out)
WT_Cand_2574,6.792,0.058,High-Confidence (Std <= 0.20)
WT_Cand_2575,9.864,0.306,Low-Confidence (Filtered Out)
WT_Cand_2576,5.571,0.146,High-Confidence (Std <= 0.20)
WT_Cand_2577,8.534,0.111,High-Confidence (Std <= 0.20)
WT_Cand_2578,7.996,0.254,Low-Confidence (Filtered Out)
WT_Cand_2579,7.173,0.105,High-Confidence (Std <= 0.20)
WT_Cand_2580,8.872,0.236,Low-Confidence (Filtered Out)
WT_Cand_2581,7.278,0.083,High-Confidence (Std <= 0.20)
WT_Cand_2582,7.298,0.396,Low-Confidence (Filtered Out)
WT_Cand_2583,6.789,0.071,High-Confidence (Std <= 0.20)
WT_Cand_2584,8.257,0.238,Low-Confidence (Filtered Out)
WT_Cand_2585,8.111,0.343,Low-Confidence (Filtered Out)
WT_Cand_2586,6.13,0.22,Low-Confidence (Filtered Out)
WT_Cand_2587,5.333,0.073,High-Confidence (Std <= 0.20)
WT_Cand_2588,6.617,0.253,Low-Confidence (Filtered Out)
WT_Cand_2589,5.93,0.175,High-Confidence (Std <= 0.20)
WT_Cand_2590,6.777,0.214,Low-Confidence (Filtered Out)
WT_Cand_2591,8.273,0.136,High-Confidence (Std <= 0.20)
WT_Cand_2592,6.324,0.36,Low-Confidence (Filtered Out)
WT_Cand_2593,6.801,0.031,High-Confidence (Std <= 0.20)
WT_Cand_2594,6.917,0.332,Low-Confidence (Filtered Out)
WT_Cand_2595,7.826,0.085,High-Confidence (Std <= 0.20)
WT_Cand_2596,4.266,0.013,High-Confidence (Std <= 0.20)
WT_Cand_2597,6.152,0.151,High-Confidence (Std <= 0.20)
WT_Cand_2598,7.093,0.075,High-Confidence (Std <= 0.20)
WT_Cand_2599,8.23,0.208,Low-Confidence (Filtered Out)
WT_Cand_2600,6.284,0.224,Low-Confidence (Filtered Out)
WT_Cand_2601,4.692,0.125,High-Confidence (Std <= 0.20)
WT_Cand_2602,7.563,0.216,Low-Confidence (Filtered Out)
WT_Cand_2603,6.119,0.184,High-Confidence (Std <= 0.20)
WT_Cand_2604,5.482,0.148,High-Confidence (Std <= 0.20)
WT_Cand_2605,6.132,0.122,High-Confidence (Std <= 0.20)
WT_Cand_2606,6.638,0.09,High-Confidence (Std <= 0.20)
WT_Cand_2607,6.155,0.524,Low-Confidence (Filtered Out)
WT_Cand_2608,4.314,0.142,High-Confidence (Std <= 0.20)
WT_Cand_2609,7.882,0.191,High-Confidence (Std <= 0.20)
WT_Cand_2610,8.316,0.244,Low-Confidence (Filtered Out)
WT_Cand_2611,7.599,0.112,High-Confidence (Std <= 0.20)
WT_Cand_2612,5.542,0.203,Low-Confidence (Filtered Out)
WT_Cand_2613,6.618,0.489,Low-Confidence (Filtered Out)
WT_Cand_2614,6.843,0.071,High-Confidence (Std <= 0.20)
WT_Cand_2615,7.539,0.489,Low-Confidence (Filtered Out)
WT_Cand_2616,7.619,0.258,Low-Confidence (Filtered Out)
WT_Cand_2617,6.006,0.084,High-Confidence (Std <= 0.20)
WT_Cand_2618,6.944,0.067,High-Confidence (Std <= 0.20)
WT_Cand_2619,7.376,0.487,Low-Confidence (Filtered Out)
WT_Cand_2620,8.524,0.314,Low-Confidence (Filtered Out)
WT_Cand_2621,7.66,0.129,High-Confidence (Std <= 0.20)
WT_Cand_2622,7.757,0.094,High-Confidence (Std <= 0.20)
WT_Cand_2623,6.946,0.084,High-Confidence (Std <= 0.20)
WT_Cand_2624,8.472,0.123,High-Confidence (Std <= 0.20)
WT_Cand_2625,7.321,0.134,High-Confidence (Std <= 0.20)
WT_Cand_2626,5.86,0.167,High-Confidence (Std <= 0.20)
WT_Cand_2627,8.464,0.057,High-Confidence (Std <= 0.20)
WT_Cand_2628,7.653,0.081,High-Confidence (Std <= 0.20)
WT_Cand_2629,6.34,0.118,High-Confidence (Std <= 0.20)
WT_Cand_2630,6.299,0.626,Low-Confidence (Filtered Out)
WT_Cand_2631,7.191,0.183,High-Confidence (Std <= 0.20)
WT_Cand_2632,7.383,0.036,High-Confidence (Std <= 0.20)
WT_Cand_2633,7.077,0.06,High-Confidence (Std <= 0.20)
WT_Cand_2634,7.208,0.483,Low-Confidence (Filtered Out)
WT_Cand_2635,8.805,0.363,Low-Confidence (Filtered Out)
WT_Cand_2636,8.082,0.104,High-Confidence (Std <= 0.20)
WT_Cand_2637,7.069,0.219,Low-Confidence (Filtered Out)
WT_Cand_2638,7.933,0.199,High-Confidence (Std <= 0.20)
WT_Cand_2639,5.663,0.146,High-Confidence (Std <= 0.20)
WT_Cand_2640,7.308,0.067,High-Confidence (Std <= 0.20)
WT_Cand_2641,8.931,0.02,High-Confidence (Std <= 0.20)
WT_Cand_2642,6.599,0.289,Low-Confidence (Filtered Out)
WT_Cand_2643,5.875,0.203,Low-Confidence (Filtered Out)
WT_Cand_2644,6.1,0.069,High-Confidence (Std <= 0.20)
WT_Cand_2645,5.597,0.351,Low-Confidence (Filtered Out)
WT_Cand_2646,5.948,0.469,Low-Confidence (Filtered Out)
WT_Cand_2647,6.424,0.178,High-Confidence (Std <= 0.20)
WT_Cand_2648,5.234,0.142,High-Confidence (Std <= 0.20)
WT_Cand_2649,6.868,0.028,High-Confidence (Std <= 0.20)
WT_Cand_2650,7.888,0.125,High-Confidence (Std <= 0.20)
WT_Cand_2651,5.806,0.051,High-Confidence (Std <= 0.20)
WT_Cand_2652,8.597,0.131,High-Confidence (Std <= 0.20)
WT_Cand_2653,7.437,0.323,Low-Confidence (Filtered Out)
WT_Cand_2654,8.035,0.243,Low-Confidence (Filtered Out)
WT_Cand_2655,6.093,0.358,Low-Confidence (Filtered Out)
WT_Cand_2656,7.833,0.115,High-Confidence (Std <= 0.20)
WT_Cand_2657,5.594,0.039,High-Confidence (Std <= 0.20)
WT_Cand_2658,7.874,0.111,High-Confidence (Std <= 0.20)
WT_Cand_2659,7.048,0.179,High-Confidence (Std <= 0.20)
WT_Cand_2660,7.486,0.37,Low-Confidence (Filtered Out)
WT_Cand_2661,5.498,0.281,Low-Confidence (Filtered Out)
WT_Cand_2662,5.821,0.023,High-Confidence (Std <= 0.20)
WT_Cand_2663,7.537,0.174,High-Confidence (Std <= 0.20)
WT_Cand_2664,5.759,0.321,Low-Confidence (Filtered Out)
WT_Cand_2665,7.383,0.39,Low-Confidence (Filtered Out)
WT_Cand_2666,5.278,0.34,Low-Confidence (Filtered Out)
WT_Cand_2667,7.825,0.076,High-Confidence (Std <= 0.20)
WT_Cand_2668,5.433,0.08,High-Confidence (Std <= 0.20)
WT_Cand_2669,7.485,0.524,Low-Confidence (Filtered Out)
WT_Cand_2670,7.569,0.097,High-Confidence (Std <= 0.20)
WT_Cand_2671,6.049,0.464,Low-Confidence (Filtered Out)
WT_Cand_2672,7.519,0.06,High-Confidence (Std <= 0.20)
WT_Cand_2673,7.15,0.131,High-Confidence (Std <= 0.20)
WT_Cand_2674,6.23,0.012,High-Confidence (Std <= 0.20)
WT_Cand_2675,5.69,0.123,High-Confidence (Std <= 0.20)
WT_Cand_2676,4.593,0.066,High-Confidence (Std <= 0.20)
WT_Cand_2677,7.252,0.244,Low-Confidence (Filtered Out)
WT_Cand_2678,5.05,0.243,Low-Confidence (Filtered Out)
WT_Cand_2679,6.96,0.209,Low-Confidence (Filtered Out)
WT_Cand_2680,6.547,0.069,High-Confidence (Std <= 0.20)
WT_Cand_2681,7.631,0.36,Low-Confidence (Filtered Out)
WT_Cand_2682,6.503,0.152,High-Confidence (Std <= 0.20)
WT_Cand_2683,6.471,0.26,Low-Confidence (Filtered Out)
WT_Cand_2684,7.692,0.341,Low-Confidence (Filtered Out)
WT_Cand_2685,7.235,0.166,High-Confidence (Std <= 0.20)
WT_Cand_2686,7.214,0.034,High-Confidence (Std <= 0.20)
WT_Cand_2687,7.39,0.183,High-Confidence (Std <= 0.20)
WT_Cand_2688,5.084,0.124,High-Confidence (Std <= 0.20)
WT_Cand_2689,7.72,0.063,High-Confidence (Std <= 0.20)
WT_Cand_2690,7.554,0.427,Low-Confidence (Filtered Out)
WT_Cand_2691,5.681,0.112,High-Confidence (Std <= 0.20)
WT_Cand_2692,6.569,0.231,Low-Confidence (Filtered Out)
WT_Cand_2693,6.805,0.276,Low-Confidence (Filtered Out)
WT_Cand_2694,6.695,0.183,High-Confidence (Std <= 0.20)
WT_Cand_2695,7.234,0.101,High-Confidence (Std <= 0.20)
WT_Cand_2696,8.496,0.03,High-Confidence (Std <= 0.20)
WT_Cand_2697,8.094,0.207,Low-Confidence (Filtered Out)
WT_Cand_2698,5.341,0.113,High-Confidence (Std <= 0.20)
WT_Cand_2699,7.565,0.514,Low-Confidence (Filtered Out)
WT_Cand_2700,8.378,0.078,High-Confidence (Std <= 0.20)
WT_Cand_2701,7.295,0.013,High-Confidence (Std <= 0.20)
WT_Cand_2702,8.105,0.046,High-Confidence (Std <= 0.20)
WT_Cand_2703,9.164,0.339,Low-Confidence (Filtered Out)
WT_Cand_2704,8.027,0.283,Low-Confidence (Filtered Out)
WT_Cand_2705,7.137,0.424,Low-Confidence (Filtered Out)
WT_Cand_2706,8.052,0.126,High-Confidence (Std <= 0.20)
WT_Cand_2707,7.017,0.256,Low-Confidence (Filtered Out)
WT_Cand_2708,6.877,0.176,High-Confidence (Std <= 0.20)
WT_Cand_2709,6.446,0.084,High-Confidence (Std <= 0.20)
WT_Cand_2710,8.648,0.151,High-Confidence (Std <= 0.20)
WT_Cand_2711,5.909,0.106,High-Confidence (Std <= 0.20)
WT_Cand_2712,8.612,0.407,Low-Confidence (Filtered Out)
WT_Cand_2713,7.425,0.084,High-Confidence (Std <= 0.20)
WT_Cand_2714,5.241,0.451,Low-Confidence (Filtered Out)
WT_Cand_2715,7.273,0.078,High-Confidence (Std <= 0.20)
WT_Cand_2716,4.435,0.106,High-Confidence (Std <= 0.20)
WT_Cand_2717,7.569,0.157,High-Confidence (Std <= 0.20)
WT_Cand_2718,7.868,0.075,High-Confidence (Std <= 0.20)
WT_Cand_2719,6.169,0.156,High-Confidence (Std <= 0.20)
WT_Cand_2720,6.992,0.174,High-Confidence (Std <= 0.20)
WT_Cand_2721,9.097,0.391,Low-Confidence (Filtered Out)
WT_Cand_2722,6.268,0.012,High-Confidence (Std <= 0.20)
WT_Cand_2723,5.632,0.079,High-Confidence (Std <= 0.20)
WT_Cand_2724,8.554,0.494,Low-Confidence (Filtered Out)
WT_Cand_2725,9.107,0.104,High-Confidence (Std <= 0.20)
WT_Cand_2726,6.854,0.104,High-Confidence (Std <= 0.20)
WT_Cand_2727,8.013,0.074,High-Confidence (Std <= 0.20)
WT_Cand_2728,8.393,0.251,Low-Confidence (Filtered Out)
WT_Cand_2729,5.996,0.027,High-Confidence (Std <= 0.20)
WT_Cand_2730,6.292,0.199,High-Confidence (Std <= 0.20)
WT_Cand_2731,8.266,0.548,Low-Confidence (Filtered Out)
WT_Cand_2732,8.788,0.019,High-Confidence (Std <= 0.20)
WT_Cand_2733,7.497,0.254,Low-Confidence (Filtered Out)
WT_Cand_2734,5.838,0.043,High-Confidence (Std <= 0.20)
WT_Cand_2735,9.135,0.209,Low-Confidence (Filtered Out)
WT_Cand_2736,6.239,0.195,High-Confidence (Std <= 0.20)
WT_Cand_2737,6.465,0.268,Low-Confidence (Filtered Out)
WT_Cand_2738,7.244,0.092,High-Confidence (Std <= 0.20)
WT_Cand_2739,8.637,0.096,High-Confidence (Std <= 0.20)
WT_Cand_2740,7.832,0.273,Low-Confidence (Filtered Out)
WT_Cand_2741,7.327,0.091,High-Confidence (Std <= 0.20)
WT_Cand_2742,7.383,0.299,Low-Confidence (Filtered Out)
WT_Cand_2743,6.9,0.008,High-Confidence (Std <= 0.20)
WT_Cand_2744,7.492,0.185,High-Confidence (Std <= 0.20)
WT_Cand_2745,3.941,0.284,Low-Confidence (Filtered Out)
WT_Cand_2746,6.509,0.126,High-Confidence (Std <= 0.20)
WT_Cand_2747,7.128,0.403,Low-Confidence (Filtered Out)
WT_Cand_2748,5.526,0.095,High-Confidence (Std <= 0.20)
WT_Cand_2749,7.294,0.179,High-Confidence (Std <= 0.20)
WT_Cand_2750,6.615,0.322,Low-Confidence (Filtered Out)
WT_Cand_2751,8.869,0.048,High-Confidence (Std <= 0.20)
WT_Cand_2752,8.659,0.344,Low-Confidence (Filtered Out)
WT_Cand_2753,6.314,0.197,High-Confidence (Std <= 0.20)
WT_Cand_2754,6.677,0.071,High-Confidence (Std <= 0.20)
WT_Cand_2755,6.765,0.145,High-Confidence (Std <= 0.20)
WT_Cand_2756,6.331,0.065,High-Confidence (Std <= 0.20)
WT_Cand_2757,7.074,0.238,Low-Confidence (Filtered Out)
WT_Cand_2758,5.978,0.117,High-Confidence (Std <= 0.20)
WT_Cand_2759,5.55,0.104,High-Confidence (Std <= 0.20)
WT_Cand_2760,7.566,0.244,Low-Confidence (Filtered Out)
WT_Cand_2761,7.574,0.124,High-Confidence (Std <= 0.20)
WT_Cand_2762,5.925,0.151,High-Confidence (Std <= 0.20)
WT_Cand_2763,7.88,0.142,High-Confidence (Std <= 0.20)
WT_Cand_2764,6.124,0.012,High-Confidence (Std <= 0.20)
WT_Cand_2765,7.141,0.034,High-Confidence (Std <= 0.20)
WT_Cand_2766,7.793,0.08,High-Confidence (Std <= 0.20)
WT_Cand_2767,6.811,0.086,High-Confidence (Std <= 0.20)
WT_Cand_2768,7.373,0.01,High-Confidence (Std <= 0.20)
WT_Cand_2769,6.256,0.151,High-Confidence (Std <= 0.20)
WT_Cand_2770,6.624,0.132,High-Confidence (Std <= 0.20)
WT_Cand_2771,6.613,0.166,High-Confidence (Std <= 0.20)
WT_Cand_2772,5.991,0.111,High-Confidence (Std <= 0.20)
WT_Cand_2773,6.647,0.441,Low-Confidence (Filtered Out)
WT_Cand_2774,5.069,0.222,Low-Confidence (Filtered Out)
WT_Cand_2775,6.285,0.483,Low-Confidence (Filtered Out)
WT_Cand_2776,6.522,0.048,High-Confidence (Std <= 0.20)
WT_Cand_2777,6.555,0.108,High-Confidence (Std <= 0.20)
WT_Cand_2778,6.572,0.087,High-Confidence (Std <= 0.20)
WT_Cand_2779,6.779,0.025,High-Confidence (Std <= 0.20)
WT_Cand_2780,7.401,0.126,High-Confidence (Std <= 0.20)
WT_Cand_2781,7.856,0.009,High-Confidence (Std <= 0.20)
WT_Cand_2782,6.103,0.236,Low-Confidence (Filtered Out)
WT_Cand_2783,5.466,0.366,Low-Confidence (Filtered Out)
WT_Cand_2784,5.652,0.12,High-Confidence (Std <= 0.20)
WT_Cand_2785,6.29,0.165,High-Confidence (Std <= 0.20)
WT_Cand_2786,6.445,0.368,Low-Confidence (Filtered Out)
WT_Cand_2787,5.965,0.059,High-Confidence (Std <= 0.20)
WT_Cand_2788,5.359,0.025,High-Confidence (Std <= 0.20)
WT_Cand_2789,6.325,0.008,High-Confidence (Std <= 0.20)
WT_Cand_2790,7.059,0.066,High-Confidence (Std <= 0.20)
WT_Cand_2791,7.534,0.078,High-Confidence (Std <= 0.20)
WT_Cand_2792,6.209,0.25,Low-Confidence (Filtered Out)
WT_Cand_2793,6.375,0.036,High-Confidence (Std <= 0.20)
WT_Cand_2794,5.784,0.023,High-Confidence (Std <= 0.20)
WT_Cand_2795,6.814,0.286,Low-Confidence (Filtered Out)
WT_Cand_2796,5.874,0.083,High-Confidence (Std <= 0.20)
WT_Cand_2797,7.509,0.166,High-Confidence (Std <= 0.20)
WT_Cand_2798,4.796,0.263,Low-Confidence (Filtered Out)
WT_Cand_2799,6.436,0.814,Low-Confidence (Filtered Out)
WT_Cand_2800,7.196,0.201,Low-Confidence (Filtered Out)
WT_Cand_2801,7.061,0.074,High-Confidence (Std <= 0.20)
WT_Cand_2802,9.947,0.282,Low-Confidence (Filtered Out)
WT_Cand_2803,7.252,0.055,High-Confidence (Std <= 0.20)
WT_Cand_2804,5.695,0.365,Low-Confidence (Filtered Out)
WT_Cand_2805,6.74,0.069,High-Confidence (Std <= 0.20)
WT_Cand_2806,4.807,0.045,High-Confidence (Std <= 0.20)
WT_Cand_2807,6.757,0.149,High-Confidence (Std <= 0.20)
WT_Cand_2808,5.892,0.196,High-Confidence (Std <= 0.20)
WT_Cand_2809,7.903,0.047,High-Confidence (Std <= 0.20)
WT_Cand_2810,6.218,0.081,High-Confidence (Std <= 0.20)
WT_Cand_2811,6.716,0.214,Low-Confidence (Filtered Out)
WT_Cand_2812,6.119,0.17,High-Confidence (Std <= 0.20)
WT_Cand_2813,8.85,0.204,Low-Confidence (Filtered Out)
WT_Cand_2814,6.481,0.37,Low-Confidence (Filtered Out)
WT_Cand_2815,8.957,0.186,High-Confidence (Std <= 0.20)
WT_Cand_2816,7.786,0.449,Low-Confidence (Filtered Out)
WT_Cand_2817,7.404,0.294,Low-Confidence (Filtered Out)
WT_Cand_2818,7.274,0.083,High-Confidence (Std <= 0.20)
WT_Cand_2819,7.303,0.383,Low-Confidence (Filtered Out)
WT_Cand_2820,4.633,0.179,High-Confidence (Std <= 0.20)
WT_Cand_2821,6.529,0.339,Low-Confidence (Filtered Out)
WT_Cand_2822,7.822,0.208,Low-Confidence (Filtered Out)
WT_Cand_2823,6.794,0.534,Low-Confidence (Filtered Out)
WT_Cand_2824,5.234,0.045,High-Confidence (Std <= 0.20)
WT_Cand_2825,6.79,0.118,High-Confidence (Std <= 0.20)
WT_Cand_2826,8.81,0.24,Low-Confidence (Filtered Out)
WT_Cand_2827,8.284,0.163,High-Confidence (Std <= 0.20)
WT_Cand_2828,6.779,0.056,High-Confidence (Std <= 0.20)
WT_Cand_2829,7.944,0.495,Low-Confidence (Filtered Out)
WT_Cand_2830,6.429,0.134,High-Confidence (Std <= 0.20)
WT_Cand_2831,4.891,0.314,Low-Confidence (Filtered Out)
WT_Cand_2832,5.787,0.225,Low-Confidence (Filtered Out)
WT_Cand_2833,8.647,0.273,Low-Confidence (Filtered Out)
WT_Cand_2834,6.535,0.041,High-Confidence (Std <= 0.20)
WT_Cand_2835,6.57,0.139,High-Confidence (Std <= 0.20)
WT_Cand_2836,6.505,0.279,Low-Confidence (Filtered Out)
WT_Cand_2837,9.04,0.313,Low-Confidence (Filtered Out)
WT_Cand_2838,8.72,0.291,Low-Confidence (Filtered Out)
WT_Cand_2839,9.402,0.07,High-Confidence (Std <= 0.20)
WT_Cand_2840,6.667,0.02,High-Confidence (Std <= 0.20)
WT_Cand_2841,7.19,0.035,High-Confidence (Std <= 0.20)
WT_Cand_2842,5.106,0.146,High-Confidence (Std <= 0.20)
WT_Cand_2843,8.548,0.159,High-Confidence (Std <= 0.20)
WT_Cand_2844,5.507,0.145,High-Confidence (Std <= 0.20)
WT_Cand_2845,7.099,0.043,High-Confidence (Std <= 0.20)
WT_Cand_2846,5.588,0.085,High-Confidence (Std <= 0.20)
WT_Cand_2847,6.173,0.491,Low-Confidence (Filtered Out)
WT_Cand_2848,5.887,0.197,High-Confidence (Std <= 0.20)
WT_Cand_2849,6.151,0.137,High-Confidence (Std <= 0.20)
WT_Cand_2850,6.23,0.483,Low-Confidence (Filtered Out)
WT_Cand_2851,6.219,0.567,Low-Confidence (Filtered Out)
WT_Cand_2852,7.808,0.094,High-Confidence (Std <= 0.20)
WT_Cand_2853,5.579,0.199,High-Confidence (Std <= 0.20)
WT_Cand_2854,7.104,0.026,High-Confidence (Std <= 0.20)
WT_Cand_2855,8.251,0.018,High-Confidence (Std <= 0.20)
WT_Cand_2856,6.26,0.117,High-Confidence (Std <= 0.20)
WT_Cand_2857,6.024,0.04,High-Confidence (Std <= 0.20)
WT_Cand_2858,6.585,0.085,High-Confidence (Std <= 0.20)
WT_Cand_2859,8.207,0.183,High-Confidence (Std <= 0.20)
WT_Cand_2860,7.073,0.412,Low-Confidence (Filtered Out)
WT_Cand_2861,6.239,0.203,Low-Confidence (Filtered Out)
WT_Cand_2862,7.406,0.095,High-Confidence (Std <= 0.20)
WT_Cand_2863,5.582,0.591,Low-Confidence (Filtered Out)
WT_Cand_2864,7.634,0.155,High-Confidence (Std <= 0.20)
WT_Cand_2865,7.32,0.316,Low-Confidence (Filtered Out)
WT_Cand_2866,6.496,0.337,Low-Confidence (Filtered Out)
WT_Cand_2867,5.886,0.136,High-Confidence (Std <= 0.20)
WT_Cand_2868,5.83,0.004,High-Confidence (Std <= 0.20)
WT_Cand_2869,7.465,0.075,High-Confidence (Std <= 0.20)
WT_Cand_2870,8.263,0.079,High-Confidence (Std <= 0.20)
WT_Cand_2871,6.117,0.14,High-Confidence (Std <= 0.20)
WT_Cand_2872,7.377,0.114,High-Confidence (Std <= 0.20)
WT_Cand_2873,4.45,0.12,High-Confidence (Std <= 0.20)
WT_Cand_2874,6.178,0.148,High-Confidence (Std <= 0.20)
WT_Cand_2875,6.814,0.174,High-Confidence (Std <= 0.20)
WT_Cand_2876,5.804,0.019,High-Confidence (Std <= 0.20)
WT_Cand_2877,5.773,0.171,High-Confidence (Std <= 0.20)
WT_Cand_2878,6.082,0.255,Low-Confidence (Filtered Out)
WT_Cand_2879,7.186,0.597,Low-Confidence (Filtered Out)
WT_Cand_2880,6.635,0.166,High-Confidence (Std <= 0.20)
WT_Cand_2881,4.276,0.3,Low-Confidence (Filtered Out)
WT_Cand_2882,4.411,0.237,Low-Confidence (Filtered Out)
WT_Cand_2883,6.152,0.066,High-Confidence (Std <= 0.20)
WT_Cand_2884,7.376,0.175,High-Confidence (Std <= 0.20)
WT_Cand_2885,3.69,0.452,Low-Confidence (Filtered Out)
WT_Cand_2886,6.275,0.434,Low-Confidence (Filtered Out)
WT_Cand_2887,6.245,0.434,Low-Confidence (Filtered Out)
WT_Cand_2888,8.447,0.948,Low-Confidence (Filtered Out)
WT_Cand_2889,6.407,0.252,Low-Confidence (Filtered Out)
WT_Cand_2890,7.29,0.098,High-Confidence (Std <= 0.20)
WT_Cand_2891,7.012,0.257,Low-Confidence (Filtered Out)
WT_Cand_2892,4.4,0.056,High-Confidence (Std <= 0.20)
WT_Cand_2893,7.733,0.223,Low-Confidence (Filtered Out)
WT_Cand_2894,7.098,0.053,High-Confidence (Std <= 0.20)
WT_Cand_2895,7.435,0.075,High-Confidence (Std <= 0.20)
WT_Cand_2896,11.365,0.016,High-Confidence (Std <= 0.20)
WT_Cand_2897,4.453,0.21,Low-Confidence (Filtered Out)
WT_Cand_2898,8.833,0.417,Low-Confidence (Filtered Out)
WT_Cand_2899,6.519,0.167,High-Confidence (Std <= 0.20)
WT_Cand_2900,7.18,0.148,High-Confidence (Std <= 0.20)
WT_Cand_2901,6.798,0.081,High-Confidence (Std <= 0.20)
WT_Cand_2902,6.362,0.324,Low-Confidence (Filtered Out)
WT_Cand_2903,6.195,0.368,Low-Confidence (Filtered Out)
WT_Cand_2904,7.229,0.028,High-Confidence (Std <= 0.20)
WT_Cand_2905,5.105,0.18,High-Confidence (Std <= 0.20)
WT_Cand_2906,7.713,0.315,Low-Confidence (Filtered Out)
WT_Cand_2907,6.371,0.097,High-Confidence (Std <= 0.20)
WT_Cand_2908,5.55,0.023,High-Confidence (Std <= 0.20)
WT_Cand_2909,6.332,0.05,High-Confidence (Std <= 0.20)
WT_Cand_2910,8.296,0.47,Low-Confidence (Filtered Out)
WT_Cand_2911,6.234,0.358,Low-Confidence (Filtered Out)
WT_Cand_2912,7.262,0.394,Low-Confidence (Filtered Out)
WT_Cand_2913,6.009,0.035,High-Confidence (Std <= 0.20)
WT_Cand_2914,7.722,0.313,Low-Confidence (Filtered Out)
WT_Cand_2915,7.638,0.493,Low-Confidence (Filtered Out)
WT_Cand_2916,8.976,0.075,High-Confidence (Std <= 0.20)
WT_Cand_2917,6.648,0.124,High-Confidence (Std <= 0.20)
WT_Cand_2918,7.619,0.187,High-Confidence (Std <= 0.20)
WT_Cand_2919,6.963,0.214,Low-Confidence (Filtered Out)
WT_Cand_2920,8.34,0.102,High-Confidence (Std <= 0.20)
WT_Cand_2921,6.023,0.342,Low-Confidence (Filtered Out)
WT_Cand_2922,7.707,0.244,Low-Confidence (Filtered Out)
WT_Cand_2923,6.626,0.06,High-Confidence (Std <= 0.20)
WT_Cand_2924,6.776,0.324,Low-Confidence (Filtered Out)
WT_Cand_2925,6.956,0.133,High-Confidence (Std <= 0.20)
WT_Cand_2926,7.14,0.253,Low-Confidence (Filtered Out)
WT_Cand_2927,6.716,0.066,High-Confidence (Std <= 0.20)
WT_Cand_2928,7.097,0.07,High-Confidence (Std <= 0.20)
WT_Cand_2929,8.665,0.02,High-Confidence (Std <= 0.20)
WT_Cand_2930,7.983,0.377,Low-Confidence (Filtered Out)
WT_Cand_2931,7.85,0.3,Low-Confidence (Filtered Out)
WT_Cand_2932,6.326,0.188,High-Confidence (Std <= 0.20)
WT_Cand_2933,5.827,0.033,High-Confidence (Std <= 0.20)
WT_Cand_2934,7.949,0.427,Low-Confidence (Filtered Out)
WT_Cand_2935,7.857,0.249,Low-Confidence (Filtered Out)
WT_Cand_2936,8.544,0.102,High-Confidence (Std <= 0.20)
WT_Cand_2937,6.155,0.203,Low-Confidence (Filtered Out)
WT_Cand_2938,6.586,0.13,High-Confidence (Std <= 0.20)
WT_Cand_2939,4.965,0.249,Low-Confidence (Filtered Out)
WT_Cand_2940,6.399,0.054,High-Confidence (Std <= 0.20)
WT_Cand_2941,7.996,0.01,High-Confidence (Std <= 0.20)
WT_Cand_2942,6.314,0.231,Low-Confidence (Filtered Out)
WT_Cand_2943,7.587,0.262,Low-Confidence (Filtered Out)
WT_Cand_2944,6.631,0.02,High-Confidence (Std <= 0.20)
WT_Cand_2945,7.223,0.004,High-Confidence (Std <= 0.20)
WT_Cand_2946,5.53,0.19,High-Confidence (Std <= 0.20)
WT_Cand_2947,6.948,0.237,Low-Confidence (Filtered Out)
WT_Cand_2948,3.41,0.125,High-Confidence (Std <= 0.20)
WT_Cand_2949,6.635,0.058,High-Confidence (Std <= 0.20)
WT_Cand_2950,4.975,0.6,Low-Confidence (Filtered Out)
WT_Cand_2951,8.237,0.22,Low-Confidence (Filtered Out)
WT_Cand_2952,7.744,0.373,Low-Confidence (Filtered Out)
WT_Cand_2953,7.387,0.044,High-Confidence (Std <= 0.20)
WT_Cand_2954,8.599,0.417,Low-Confidence (Filtered Out)
WT_Cand_2955,5.759,0.213,Low-Confidence (Filtered Out)
WT_Cand_2956,8.859,0.556,Low-Confidence (Filtered Out)
WT_Cand_2957,7.922,0.253,Low-Confidence (Filtered Out)
WT_Cand_2958,6.578,0.164,High-Confidence (Std <= 0.20)
WT_Cand_2959,8.156,0.14,High-Confidence (Std <= 0.20)
WT_Cand_2960,5.578,0.078,High-Confidence (Std <= 0.20)
WT_Cand_2961,5.902,0.141,High-Confidence (Std <= 0.20)
WT_Cand_2962,6.15,0.257,Low-Confidence (Filtered Out)
WT_Cand_2963,6.242,0.294,Low-Confidence (Filtered Out)
WT_Cand_2964,5.635,0.066,High-Confidence (Std <= 0.20)
WT_Cand_2965,8.257,0.029,High-Confidence (Std <= 0.20)
WT_Cand_2966,6.552,0.198,High-Confidence (Std <= 0.20)
WT_Cand_2967,7.255,0.018,High-Confidence (Std <= 0.20)
WT_Cand_2968,6.194,0.144,High-Confidence (Std <= 0.20)
WT_Cand_2969,4.756,0.034,High-Confidence (Std <= 0.20)
WT_Cand_2970,7.161,0.284,Low-Confidence (Filtered Out)
WT_Cand_2971,4.651,0.101,High-Confidence (Std <= 0.20)
WT_Cand_2972,6.771,0.114,High-Confidence (Std <= 0.20)
WT_Cand_2973,5.276,0.026,High-Confidence (Std <= 0.20)
WT_Cand_2974,9.135,0.346,Low-Confidence (Filtered Out)
WT_Cand_2975,7.898,0.18,High-Confidence (Std <= 0.20)
WT_Cand_2976,6.972,0.186,High-Confidence (Std <= 0.20)
WT_Cand_2977,8.303,0.036,High-Confidence (Std <= 0.20)
WT_Cand_2978,5.877,0.016,High-Confidence (Std <= 0.20)
WT_Cand_2979,7.475,0.065,High-Confidence (Std <= 0.20)
WT_Cand_2980,7.08,0.099,High-Confidence (Std <= 0.20)
WT_Cand_2981,7.154,0.063,High-Confidence (Std <= 0.20)
WT_Cand_2982,8.313,0.558,Low-Confidence (Filtered Out)
WT_Cand_2983,7.692,0.353,Low-Confidence (Filtered Out)
WT_Cand_2984,7.182,0.147,High-Confidence (Std <= 0.20)
WT_Cand_2985,4.947,0.071,High-Confidence (Std <= 0.20)
WT_Cand_2986,5.746,0.045,High-Confidence (Std <= 0.20)
WT_Cand_2987,6.709,0.141,High-Confidence (Std <= 0.20)
WT_Cand_2988,6.957,0.191,High-Confidence (Std <= 0.20)
WT_Cand_2989,5.55,0.094,High-Confidence (Std <= 0.20)
WT_Cand_2990,9.623,0.215,Low-Confidence (Filtered Out)
WT_Cand_2991,8.594,0.087,High-Confidence (Std <= 0.20)
WT_Cand_2992,7.542,0.045,High-Confidence (Std <= 0.20)
WT_Cand_2993,6.933,0.216,Low-Confidence (Filtered Out)
WT_Cand_2994,6.606,0.015,High-Confidence (Std <= 0.20)
WT_Cand_2995,5.755,0.028,High-Confidence (Std <= 0.20)
WT_Cand_2996,6.939,0.054,High-Confidence (Std <= 0.20)
WT_Cand_2997,7.146,0.08,High-Confidence (Std <= 0.20)
WT_Cand_2998,5.422,0.257,Low-Confidence (Filtered Out)
WT_Cand_2999,7.234,0.026,High-Confidence (Std <= 0.20)
WT_Cand_3000,6.671,0.115,High-Confidence (Std <= 0.20)
WT_Cand_3001,4.656,0.193,High-Confidence (Std <= 0.20)
WT_Cand_3002,5.861,0.179,High-Confidence (Std <= 0.20)
WT_Cand_3003,6.374,0.258,Low-Confidence (Filtered Out)
WT_Cand_3004,9.021,0.118,High-Confidence (Std <= 0.20)
WT_Cand_3005,7.49,0.077,High-Confidence (Std <= 0.20)
WT_Cand_3006,5.314,0.395,Low-Confidence (Filtered Out)
WT_Cand_3007,7.409,0.074,High-Confidence (Std <= 0.20)
WT_Cand_3008,5.071,0.064,High-Confidence (Std <= 0.20)
WT_Cand_3009,8.095,0.059,High-Confidence (Std <= 0.20)
WT_Cand_3010,6.308,0.056,High-Confidence (Std <= 0.20)
WT_Cand_3011,6.742,0.467,Low-Confidence (Filtered Out)
WT_Cand_3012,8.375,0.526,Low-Confidence (Filtered Out)
WT_Cand_3013,5.37,0.283,Low-Confidence (Filtered Out)
WT_Cand_3014,5.243,0.223,Low-Confidence (Filtered Out)
WT_Cand_3015,6.179,0.064,High-Confidence (Std <= 0.20)
WT_Cand_3016,8.044,0.092,High-Confidence (Std <= 0.20)
WT_Cand_3017,5.103,0.022,High-Confidence (Std <= 0.20)
WT_Cand_3018,3.593,0.116,High-Confidence (Std <= 0.20)
WT_Cand_3019,6.331,0.033,High-Confidence (Std <= 0.20)
WT_Cand_3020,7.485,0.169,High-Confidence (Std <= 0.20)
WT_Cand_3021,8.23,0.069,High-Confidence (Std <= 0.20)
WT_Cand_3022,6.317,0.181,High-Confidence (Std <= 0.20)
WT_Cand_3023,6.377,0.057,High-Confidence (Std <= 0.20)
WT_Cand_3024,8.177,0.017,High-Confidence (Std <= 0.20)
WT_Cand_3025,4.7,0.047,High-Confidence (Std <= 0.20)
WT_Cand_3026,6.403,0.195,High-Confidence (Std <= 0.20)
WT_Cand_3027,7.069,0.206,Low-Confidence (Filtered Out)
WT_Cand_3028,7.367,0.189,High-Confidence (Std <= 0.20)
WT_Cand_3029,6.264,0.167,High-Confidence (Std <= 0.20)
WT_Cand_3030,6.89,0.147,High-Confidence (Std <= 0.20)
WT_Cand_3031,3.988,0.245,Low-Confidence (Filtered Out)
WT_Cand_3032,6.093,0.004,High-Confidence (Std <= 0.20)
WT_Cand_3033,7.372,0.451,Low-Confidence (Filtered Out)
WT_Cand_3034,5.72,0.113,High-Confidence (Std <= 0.20)
WT_Cand_3035,6.918,0.247,Low-Confidence (Filtered Out)
WT_Cand_3036,7.364,0.136,High-Confidence (Std <= 0.20)
WT_Cand_3037,6.456,0.068,High-Confidence (Std <= 0.20)
WT_Cand_3038,7.046,0.105,High-Confidence (Std <= 0.20)
WT_Cand_3039,5.743,0.044,High-Confidence (Std <= 0.20)
WT_Cand_3040,6.612,0.053,High-Confidence (Std <= 0.20)
WT_Cand_3041,7.552,0.214,Low-Confidence (Filtered Out)
WT_Cand_3042,7.031,0.17,High-Confidence (Std <= 0.20)
WT_Cand_3043,6.175,0.014,High-Confidence (Std <= 0.20)
WT_Cand_3044,7.108,0.056,High-Confidence (Std <= 0.20)
WT_Cand_3045,7.672,0.112,High-Confidence (Std <= 0.20)
WT_Cand_3046,4.493,0.137,High-Confidence (Std <= 0.20)
WT_Cand_3047,8.183,0.585,Low-Confidence (Filtered Out)
WT_Cand_3048,6.463,0.166,High-Confidence (Std <= 0.20)
WT_Cand_3049,7.339,0.011,High-Confidence (Std <= 0.20)
WT_Cand_3050,8.227,0.144,High-Confidence (Std <= 0.20)
WT_Cand_3051,5.273,0.034,High-Confidence (Std <= 0.20)
WT_Cand_3052,6.034,0.117,High-Confidence (Std <= 0.20)
WT_Cand_3053,6.518,0.625,Low-Confidence (Filtered Out)
WT_Cand_3054,5.949,0.087,High-Confidence (Std <= 0.20)
WT_Cand_3055,8.845,0.294,Low-Confidence (Filtered Out)
WT_Cand_3056,5.865,0.142,High-Confidence (Std <= 0.20)
WT_Cand_3057,6.211,0.435,Low-Confidence (Filtered Out)
WT_Cand_3058,7.085,0.226,Low-Confidence (Filtered Out)
WT_Cand_3059,5.468,0.324,Low-Confidence (Filtered Out)
WT_Cand_3060,6.395,0.193,High-Confidence (Std <= 0.20)
WT_Cand_3061,7.215,0.085,High-Confidence (Std <= 0.20)
WT_Cand_3062,6.467,0.397,Low-Confidence (Filtered Out)
WT_Cand_3063,6.743,0.175,High-Confidence (Std <= 0.20)
WT_Cand_3064,6.241,0.091,High-Confidence (Std <= 0.20)
WT_Cand_3065,5.108,0.068,High-Confidence (Std <= 0.20)
WT_Cand_3066,7.22,0.18,High-Confidence (Std <= 0.20)
WT_Cand_3067,8.868,0.346,Low-Confidence (Filtered Out)
WT_Cand_3068,6.871,0.207,Low-Confidence (Filtered Out)
WT_Cand_3069,7.109,0.098,High-Confidence (Std <= 0.20)
WT_Cand_3070,7.647,0.2,High-Confidence (Std <= 0.20)
WT_Cand_3071,5.39,0.271,Low-Confidence (Filtered Out)
WT_Cand_3072,8.808,0.02,High-Confidence (Std <= 0.20)
WT_Cand_3073,7.083,0.034,High-Confidence (Std <= 0.20)
WT_Cand_3074,8.727,0.251,Low-Confidence (Filtered Out)
WT_Cand_3075,6.007,0.032,High-Confidence (Std <= 0.20)
WT_Cand_3076,8.941,0.117,High-Confidence (Std <= 0.20)
WT_Cand_3077,7.741,0.156,High-Confidence (Std <= 0.20)
WT_Cand_3078,7.486,0.048,High-Confidence (Std <= 0.20)
WT_Cand_3079,7.119,0.122,High-Confidence (Std <= 0.20)
WT_Cand_3080,6.564,0.158,High-Confidence (Std <= 0.20)
WT_Cand_3081,8.231,0.358,Low-Confidence (Filtered Out)
WT_Cand_3082,7.011,0.33,Low-Confidence (Filtered Out)
WT_Cand_3083,4.588,0.18,High-Confidence (Std <= 0.20)
WT_Cand_3084,5.565,0.077,High-Confidence (Std <= 0.20)
WT_Cand_3085,6.636,0.335,Low-Confidence (Filtered Out)
WT_Cand_3086,7.206,0.344,Low-Confidence (Filtered Out)
WT_Cand_3087,6.785,0.066,High-Confidence (Std <= 0.20)
WT_Cand_3088,8.252,0.166,High-Confidence (Std <= 0.20)
WT_Cand_3089,4.606,0.091,High-Confidence (Std <= 0.20)
WT_Cand_3090,7.015,0.185,High-Confidence (Std <= 0.20)
WT_Cand_3091,4.759,0.061,High-Confidence (Std <= 0.20)
WT_Cand_3092,7.724,0.268,Low-Confidence (Filtered Out)
WT_Cand_3093,6.741,0.186,High-Confidence (Std <= 0.20)
WT_Cand_3094,7.333,0.061,High-Confidence (Std <= 0.20)
WT_Cand_3095,5.857,0.25,Low-Confidence (Filtered Out)
WT_Cand_3096,8.321,0.077,High-Confidence (Std <= 0.20)
WT_Cand_3097,8.048,0.014,High-Confidence (Std <= 0.20)
WT_Cand_3098,7.521,0.047,High-Confidence (Std <= 0.20)
WT_Cand_3099,6.701,0.292,Low-Confidence (Filtered Out)
WT_Cand_3100,7.517,0.474,Low-Confidence (Filtered Out)
WT_Cand_3101,6.037,0.482,Low-Confidence (Filtered Out)
WT_Cand_3102,7.834,0.081,High-Confidence (Std <= 0.20)
WT_Cand_3103,8.747,0.117,High-Confidence (Std <= 0.20)
WT_Cand_3104,8.081,0.093,High-Confidence (Std <= 0.20)
WT_Cand_3105,6.011,0.138,High-Confidence (Std <= 0.20)
WT_Cand_3106,7.266,0.031,High-Confidence (Std <= 0.20)
WT_Cand_3107,5.363,0.084,High-Confidence (Std <= 0.20)
WT_Cand_3108,7.508,0.167,High-Confidence (Std <= 0.20)
WT_Cand_3109,7.368,0.293,Low-Confidence (Filtered Out)
WT_Cand_3110,4.7,0.18,High-Confidence (Std <= 0.20)
WT_Cand_3111,5.514,0.112,High-Confidence (Std <= 0.20)
WT_Cand_3112,6.524,0.049,High-Confidence (Std <= 0.20)
WT_Cand_3113,6.504,0.307,Low-Confidence (Filtered Out)
WT_Cand_3114,5.459,0.025,High-Confidence (Std <= 0.20)
WT_Cand_3115,7.297,0.033,High-Confidence (Std <= 0.20)
WT_Cand_3116,7.139,0.229,Low-Confidence (Filtered Out)
WT_Cand_3117,6.627,0.256,Low-Confidence (Filtered Out)
WT_Cand_3118,5.981,0.004,High-Confidence (Std <= 0.20)
WT_Cand_3119,8.056,0.113,High-Confidence (Std <= 0.20)
WT_Cand_3120,8.754,0.011,High-Confidence (Std <= 0.20)
WT_Cand_3121,6.294,0.12,High-Confidence (Std <= 0.20)
WT_Cand_3122,6.146,0.097,High-Confidence (Std <= 0.20)
WT_Cand_3123,7.415,0.401,Low-Confidence (Filtered Out)
WT_Cand_3124,6.438,0.203,Low-Confidence (Filtered Out)
WT_Cand_3125,6.69,0.208,Low-Confidence (Filtered Out)
WT_Cand_3126,7.701,0.352,Low-Confidence (Filtered Out)
WT_Cand_3127,4.654,0.362,Low-Confidence (Filtered Out)
WT_Cand_3128,8.366,0.158,High-Confidence (Std <= 0.20)
WT_Cand_3129,6.934,0.074,High-Confidence (Std <= 0.20)
WT_Cand_3130,6.377,0.281,Low-Confidence (Filtered Out)
WT_Cand_3131,6.747,0.27,Low-Confidence (Filtered Out)
WT_Cand_3132,6.807,0.227,Low-Confidence (Filtered Out)
WT_Cand_3133,4.859,0.158,High-Confidence (Std <= 0.20)
WT_Cand_3134,8.569,0.118,High-Confidence (Std <= 0.20)
WT_Cand_3135,6.898,0.363,Low-Confidence (Filtered Out)
WT_Cand_3136,7.359,0.097,High-Confidence (Std <= 0.20)
WT_Cand_3137,7.944,0.071,High-Confidence (Std <= 0.20)
WT_Cand_3138,5.676,0.112,High-Confidence (Std <= 0.20)
WT_Cand_3139,7.394,0.06,High-Confidence (Std <= 0.20)
WT_Cand_3140,6.542,0.271,Low-Confidence (Filtered Out)
WT_Cand_3141,7.824,0.158,High-Confidence (Std <= 0.20)
WT_Cand_3142,4.404,0.012,High-Confidence (Std <= 0.20)
WT_Cand_3143,6.736,0.203,Low-Confidence (Filtered Out)
WT_Cand_3144,6.157,0.115,High-Confidence (Std <= 0.20)
WT_Cand_3145,7.347,0.142,High-Confidence (Std <= 0.20)
WT_Cand_3146,7.391,0.175,High-Confidence (Std <= 0.20)
WT_Cand_3147,6.036,0.086,High-Confidence (Std <= 0.20)
WT_Cand_3148,6.031,0.07,High-Confidence (Std <= 0.20)
WT_Cand_3149,6.723,0.228,Low-Confidence (Filtered Out)
WT_Cand_3150,5.819,0.039,High-Confidence (Std <= 0.20)
WT_Cand_3151,7.818,0.052,High-Confidence (Std <= 0.20)
WT_Cand_3152,6.425,0.065,High-Confidence (Std <= 0.20)
WT_Cand_3153,3.507,0.304,Low-Confidence (Filtered Out)
WT_Cand_3154,6.419,0.374,Low-Confidence (Filtered Out)
WT_Cand_3155,5.656,0.065,High-Confidence (Std <= 0.20)
WT_Cand_3156,4.974,0.053,High-Confidence (Std <= 0.20)
WT_Cand_3157,5.427,0.156,High-Confidence (Std <= 0.20)
WT_Cand_3158,6.976,0.115,High-Confidence (Std <= 0.20)
WT_Cand_3159,8.378,0.275,Low-Confidence (Filtered Out)
WT_Cand_3160,7.21,0.213,Low-Confidence (Filtered Out)
WT_Cand_3161,6.153,0.503,Low-Confidence (Filtered Out)
WT_Cand_3162,7.374,0.056,High-Confidence (Std <= 0.20)
WT_Cand_3163,6.322,0.272,Low-Confidence (Filtered Out)
WT_Cand_3164,6.051,0.097,High-Confidence (Std <= 0.20)
WT_Cand_3165,5.522,0.05,High-Confidence (Std <= 0.20)
WT_Cand_3166,4.835,0.096,High-Confidence (Std <= 0.20)
WT_Cand_3167,6.402,0.106,High-Confidence (Std <= 0.20)
WT_Cand_3168,7.032,0.348,Low-Confidence (Filtered Out)
WT_Cand_3169,6.739,0.023,High-Confidence (Std <= 0.20)
WT_Cand_3170,6.372,0.067,High-Confidence (Std <= 0.20)
WT_Cand_3171,5.762,0.15,High-Confidence (Std <= 0.20)
WT_Cand_3172,7.549,0.046,High-Confidence (Std <= 0.20)
WT_Cand_3173,5.335,0.467,Low-Confidence (Filtered Out)
WT_Cand_3174,7.742,0.522,Low-Confidence (Filtered Out)
WT_Cand_3175,5.697,0.139,High-Confidence (Std <= 0.20)
WT_Cand_3176,5.985,0.229,Low-Confidence (Filtered Out)
WT_Cand_3177,5.163,0.411,Low-Confidence (Filtered Out)
WT_Cand_3178,6.273,0.122,High-Confidence (Std <= 0.20)
WT_Cand_3179,7.972,0.218,Low-Confidence (Filtered Out)
WT_Cand_3180,7.443,0.04,High-Confidence (Std <= 0.20)
WT_Cand_3181,7.975,0.013,High-Confidence (Std <= 0.20)
WT_Cand_3182,7.45,0.298,Low-Confidence (Filtered Out)
WT_Cand_3183,5.581,0.13,High-Confidence (Std <= 0.20)
WT_Cand_3184,6.47,0.51,Low-Confidence (Filtered Out)
WT_Cand_3185,5.953,0.078,High-Confidence (Std <= 0.20)
WT_Cand_3186,8.38,0.036,High-Confidence (Std <= 0.20)
WT_Cand_3187,5.474,0.275,Low-Confidence (Filtered Out)
WT_Cand_3188,7.878,0.48,Low-Confidence (Filtered Out)
WT_Cand_3189,7.877,0.04,High-Confidence (Std <= 0.20)
WT_Cand_3190,8.954,0.055,High-Confidence (Std <= 0.20)
WT_Cand_3191,6.379,0.399,Low-Confidence (Filtered Out)
WT_Cand_3192,7.669,0.631,Low-Confidence (Filtered Out)
WT_Cand_3193,9.474,0.219,Low-Confidence (Filtered Out)
WT_Cand_3194,6.14,0.071,High-Confidence (Std <= 0.20)
WT_Cand_3195,5.085,0.373,Low-Confidence (Filtered Out)
WT_Cand_3196,4.688,0.108,High-Confidence (Std <= 0.20)
WT_Cand_3197,7.67,0.074,High-Confidence (Std <= 0.20)
WT_Cand_3198,4.684,0.085,High-Confidence (Std <= 0.20)
WT_Cand_3199,6.422,0.247,Low-Confidence (Filtered Out)
WT_Cand_3200,7.353,0.146,High-Confidence (Std <= 0.20)
WT_Cand_3201,7.063,0.209,Low-Confidence (Filtered Out)
WT_Cand_3202,7.339,0.281,Low-Confidence (Filtered Out)
WT_Cand_3203,7.106,0.113,High-Confidence (Std <= 0.20)
WT_Cand_3204,8.321,0.31,Low-Confidence (Filtered Out)
WT_Cand_3205,5.755,0.142,High-Confidence (Std <= 0.20)
WT_Cand_3206,6.071,0.087,High-Confidence (Std <= 0.20)
WT_Cand_3207,5.961,0.027,High-Confidence (Std <= 0.20)
WT_Cand_3208,7.805,0.109,High-Confidence (Std <= 0.20)
WT_Cand_3209,7.885,0.431,Low-Confidence (Filtered Out)
WT_Cand_3210,7.369,0.27,Low-Confidence (Filtered Out)
WT_Cand_3211,8.211,0.208,Low-Confidence (Filtered Out)
WT_Cand_3212,5.495,0.045,High-Confidence (Std <= 0.20)
WT_Cand_3213,8.767,0.084,High-Confidence (Std <= 0.20)
WT_Cand_3214,8.602,0.24,Low-Confidence (Filtered Out)
WT_Cand_3215,7.696,0.291,Low-Confidence (Filtered Out)
WT_Cand_3216,8.899,0.275,Low-Confidence (Filtered Out)
WT_Cand_3217,4.945,0.175,High-Confidence (Std <= 0.20)
WT_Cand_3218,6.247,0.063,High-Confidence (Std <= 0.20)
WT_Cand_3219,6.004,0.291,Low-Confidence (Filtered Out)
WT_Cand_3220,7.68,0.083,High-Confidence (Std <= 0.20)
WT_Cand_3221,5.642,0.294,Low-Confidence (Filtered Out)
WT_Cand_3222,7.721,0.109,High-Confidence (Std <= 0.20)
WT_Cand_3223,8.426,0.491,Low-Confidence (Filtered Out)
WT_Cand_3224,7.649,0.098,High-Confidence (Std <= 0.20)
WT_Cand_3225,7.176,0.096,High-Confidence (Std <= 0.20)
WT_Cand_3226,5.714,0.131,High-Confidence (Std <= 0.20)
WT_Cand_3227,5.876,0.065,High-Confidence (Std <= 0.20)
WT_Cand_3228,8.287,0.053,High-Confidence (Std <= 0.20)
WT_Cand_3229,7.746,0.062,High-Confidence (Std <= 0.20)
WT_Cand_3230,6.805,0.388,Low-Confidence (Filtered Out)
WT_Cand_3231,6.369,0.056,High-Confidence (Std <= 0.20)
WT_Cand_3232,4.52,0.097,High-Confidence (Std <= 0.20)
WT_Cand_3233,5.619,0.673,Low-Confidence (Filtered Out)
WT_Cand_3234,9.048,0.301,Low-Confidence (Filtered Out)
WT_Cand_3235,5.377,0.297,Low-Confidence (Filtered Out)
WT_Cand_3236,7.068,0.6,Low-Confidence (Filtered Out)
WT_Cand_3237,8.009,0.127,High-Confidence (Std <= 0.20)
WT_Cand_3238,5.407,0.014,High-Confidence (Std <= 0.20)
WT_Cand_3239,7.062,0.276,Low-Confidence (Filtered Out)
WT_Cand_3240,7.929,0.115,High-Confidence (Std <= 0.20)
WT_Cand_3241,6.864,0.677,Low-Confidence (Filtered Out)
WT_Cand_3242,10.149,0.012,High-Confidence (Std <= 0.20)
WT_Cand_3243,4.931,0.053,High-Confidence (Std <= 0.20)
WT_Cand_3244,8.068,0.08,High-Confidence (Std <= 0.20)
WT_Cand_3245,6.651,0.13,High-Confidence (Std <= 0.20)
WT_Cand_3246,7.738,0.032,High-Confidence (Std <= 0.20)
WT_Cand_3247,7.358,0.192,High-Confidence (Std <= 0.20)
WT_Cand_3248,6.007,0.076,High-Confidence (Std <= 0.20)
WT_Cand_3249,7.113,0.317,Low-Confidence (Filtered Out)
WT_Cand_3250,4.713,0.409,Low-Confidence (Filtered Out)
WT_Cand_3251,7.544,0.103,High-Confidence (Std <= 0.20)
WT_Cand_3252,7.193,0.219,Low-Confidence (Filtered Out)
WT_Cand_3253,7.584,0.141,High-Confidence (Std <= 0.20)
WT_Cand_3254,8.067,0.131,High-Confidence (Std <= 0.20)
WT_Cand_3255,7.273,0.029,High-Confidence (Std <= 0.20)
WT_Cand_3256,7.02,0.125,High-Confidence (Std <= 0.20)
WT_Cand_3257,5.837,0.293,Low-Confidence (Filtered Out)
WT_Cand_3258,6.031,0.196,High-Confidence (Std <= 0.20)
WT_Cand_3259,8.215,0.054,High-Confidence (Std <= 0.20)
WT_Cand_3260,8.502,0.029,High-Confidence (Std <= 0.20)
WT_Cand_3261,6.576,0.121,High-Confidence (Std <= 0.20)
WT_Cand_3262,6.903,0.066,High-Confidence (Std <= 0.20)
WT_Cand_3263,5.81,0.074,High-Confidence (Std <= 0.20)
WT_Cand_3264,8.199,0.067,High-Confidence (Std <= 0.20)
WT_Cand_3265,7.615,0.142,High-Confidence (Std <= 0.20)
WT_Cand_3266,9.082,0.232,Low-Confidence (Filtered Out)
WT_Cand_3267,5.84,0.063,High-Confidence (Std <= 0.20)
WT_Cand_3268,6.415,0.06,High-Confidence (Std <= 0.20)
WT_Cand_3269,7.116,0.036,High-Confidence (Std <= 0.20)
WT_Cand_3270,7.593,0.164,High-Confidence (Std <= 0.20)
WT_Cand_3271,6.602,0.287,Low-Confidence (Filtered Out)
WT_Cand_3272,5.846,0.126,High-Confidence (Std <= 0.20)
WT_Cand_3273,7.864,0.233,Low-Confidence (Filtered Out)
WT_Cand_3274,7.679,0.352,Low-Confidence (Filtered Out)
WT_Cand_3275,5.796,0.174,High-Confidence (Std <= 0.20)
WT_Cand_3276,8.409,0.056,High-Confidence (Std <= 0.20)
WT_Cand_3277,8.196,0.049,High-Confidence (Std <= 0.20)
WT_Cand_3278,7.004,0.06,High-Confidence (Std <= 0.20)
WT_Cand_3279,6.942,0.537,Low-Confidence (Filtered Out)
WT_Cand_3280,7.487,0.652,Low-Confidence (Filtered Out)
WT_Cand_3281,5.859,0.099,High-Confidence (Std <= 0.20)
WT_Cand_3282,6.885,0.338,Low-Confidence (Filtered Out)
WT_Cand_3283,4.375,0.387,Low-Confidence (Filtered Out)
WT_Cand_3284,7.858,0.03,High-Confidence (Std <= 0.20)
WT_Cand_3285,5.054,0.514,Low-Confidence (Filtered Out)
WT_Cand_3286,8.579,0.111,High-Confidence (Std <= 0.20)
WT_Cand_3287,6.47,0.106,High-Confidence (Std <= 0.20)
WT_Cand_3288,6.607,0.038,High-Confidence (Std <= 0.20)
WT_Cand_3289,6.128,0.539,Low-Confidence (Filtered Out)
WT_Cand_3290,6.519,0.15,High-Confidence (Std <= 0.20)
WT_Cand_3291,8.481,0.368,Low-Confidence (Filtered Out)
WT_Cand_3292,3.989,0.101,High-Confidence (Std <= 0.20)
WT_Cand_3293,8.319,0.154,High-Confidence (Std <= 0.20)
WT_Cand_3294,7.239,0.073,High-Confidence (Std <= 0.20)
WT_Cand_3295,5.462,0.082,High-Confidence (Std <= 0.20)
WT_Cand_3296,5.613,0.205,Low-Confidence (Filtered Out)
WT_Cand_3297,8.778,0.263,Low-Confidence (Filtered Out)
WT_Cand_3298,5.763,0.013,High-Confidence (Std <= 0.20)
WT_Cand_3299,5.524,0.014,High-Confidence (Std <= 0.20)
WT_Cand_3300,8.158,0.085,High-Confidence (Std <= 0.20)
WT_Cand_3301,7.239,0.181,High-Confidence (Std <= 0.20)
WT_Cand_3302,5.771,0.392,Low-Confidence (Filtered Out)
WT_Cand_3303,7.099,0.148,High-Confidence (Std <= 0.20)
WT_Cand_3304,5.67,0.11,High-Confidence (Std <= 0.20)
WT_Cand_3305,8.116,0.229,Low-Confidence (Filtered Out)
WT_Cand_3306,8.071,0.055,High-Confidence (Std <= 0.20)
WT_Cand_3307,7.462,0.151,High-Confidence (Std <= 0.20)
WT_Cand_3308,7.266,0.124,High-Confidence (Std <= 0.20)
WT_Cand_3309,8.875,0.162,High-Confidence (Std <= 0.20)
WT_Cand_3310,6.85,0.354,Low-Confidence (Filtered Out)
WT_Cand_3311,5.491,0.018,High-Confidence (Std <= 0.20)
WT_Cand_3312,7.367,0.13,High-Confidence (Std <= 0.20)
WT_Cand_3313,9.249,0.262,Low-Confidence (Filtered Out)
WT_Cand_3314,5.683,0.217,Low-Confidence (Filtered Out)
WT_Cand_3315,6.434,0.021,High-Confidence (Std <= 0.20)
WT_Cand_3316,7.329,0.014,High-Confidence (Std <= 0.20)
WT_Cand_3317,6.788,0.247,Low-Confidence (Filtered Out)
WT_Cand_3318,5.72,0.019,High-Confidence (Std <= 0.20)
WT_Cand_3319,8.14,0.153,High-Confidence (Std <= 0.20)
WT_Cand_3320,9.518,0.336,Low-Confidence (Filtered Out)
WT_Cand_3321,7.076,0.027,High-Confidence (Std <= 0.20)
WT_Cand_3322,5.81,0.501,Low-Confidence (Filtered Out)
WT_Cand_3323,5.069,0.24,Low-Confidence (Filtered Out)
WT_Cand_3324,7.147,0.928,Low-Confidence (Filtered Out)
WT_Cand_3325,8.119,0.088,High-Confidence (Std <= 0.20)
WT_Cand_3326,7.396,0.405,Low-Confidence (Filtered Out)
WT_Cand_3327,6.847,0.098,High-Confidence (Std <= 0.20)
WT_Cand_3328,6.172,0.145,High-Confidence (Std <= 0.20)
WT_Cand_3329,5.594,0.071,High-Confidence (Std <= 0.20)
WT_Cand_3330,7.81,0.139,High-Confidence (Std <= 0.20)
WT_Cand_3331,7.901,0.301,Low-Confidence (Filtered Out)
WT_Cand_3332,5.072,0.515,Low-Confidence (Filtered Out)
WT_Cand_3333,8.678,0.057,High-Confidence (Std <= 0.20)
WT_Cand_3334,7.51,0.166,High-Confidence (Std <= 0.20)
WT_Cand_3335,8.46,0.081,High-Confidence (Std <= 0.20)
WT_Cand_3336,5.307,0.173,High-Confidence (Std <= 0.20)
WT_Cand_3337,5.279,0.337,Low-Confidence (Filtered Out)
WT_Cand_3338,6.679,0.088,High-Confidence (Std <= 0.20)
WT_Cand_3339,7.428,0.209,Low-Confidence (Filtered Out)
WT_Cand_3340,8.916,0.053,High-Confidence (Std <= 0.20)
WT_Cand_3341,7.662,0.359,Low-Confidence (Filtered Out)
WT_Cand_3342,6.571,0.27,Low-Confidence (Filtered Out)
WT_Cand_3343,5.67,0.064,High-Confidence (Std <= 0.20)
WT_Cand_3344,8.265,0.062,High-Confidence (Std <= 0.20)
WT_Cand_3345,5.741,0.423,Low-Confidence (Filtered Out)
WT_Cand_3346,8.723,0.626,Low-Confidence (Filtered Out)
WT_Cand_3347,6.523,0.067,High-Confidence (Std <= 0.20)
WT_Cand_3348,8.679,0.303,Low-Confidence (Filtered Out)
WT_Cand_3349,7.631,0.102,High-Confidence (Std <= 0.20)
WT_Cand_3350,6.692,0.424,Low-Confidence (Filtered Out)
WT_Cand_3351,6.253,0.107,High-Confidence (Std <= 0.20)
WT_Cand_3352,6.458,0.253,Low-Confidence (Filtered Out)
WT_Cand_3353,7.343,0.161,High-Confidence (Std <= 0.20)
WT_Cand_3354,6.939,0.008,High-Confidence (Std <= 0.20)
WT_Cand_3355,6.167,0.058,High-Confidence (Std <= 0.20)
WT_Cand_3356,6.66,0.249,Low-Confidence (Filtered Out)
WT_Cand_3357,6.94,0.225,Low-Confidence (Filtered Out)
WT_Cand_3358,4.402,0.18,High-Confidence (Std <= 0.20)
WT_Cand_3359,7.377,0.528,Low-Confidence (Filtered Out)
WT_Cand_3360,5.723,0.287,Low-Confidence (Filtered Out)
WT_Cand_3361,5.524,0.259,Low-Confidence (Filtered Out)
WT_Cand_3362,4.91,0.008,High-Confidence (Std <= 0.20)
WT_Cand_3363,4.787,0.298,Low-Confidence (Filtered Out)
WT_Cand_3364,5.291,0.022,High-Confidence (Std <= 0.20)
WT_Cand_3365,6.035,0.139,High-Confidence (Std <= 0.20)
WT_Cand_3366,9.096,0.023,High-Confidence (Std <= 0.20)
WT_Cand_3367,6.245,0.213,Low-Confidence (Filtered Out)
WT_Cand_3368,7.054,0.348,Low-Confidence (Filtered Out)
WT_Cand_3369,7.311,0.129,High-Confidence (Std <= 0.20)
WT_Cand_3370,7.001,0.133,High-Confidence (Std <= 0.20)
WT_Cand_3371,6.761,0.052,High-Confidence (Std <= 0.20)
WT_Cand_3372,5.475,0.344,Low-Confidence (Filtered Out)
WT_Cand_3373,8.519,0.161,High-Confidence (Std <= 0.20)
WT_Cand_3374,8.928,0.127,High-Confidence (Std <= 0.20)
WT_Cand_3375,4.915,0.195,High-Confidence (Std <= 0.20)
WT_Cand_3376,5.672,0.275,Low-Confidence (Filtered Out)
WT_Cand_3377,6.528,0.121,High-Confidence (Std <= 0.20)
WT_Cand_3378,5.741,0.3,Low-Confidence (Filtered Out)
WT_Cand_3379,7.432,0.135,High-Confidence (Std <= 0.20)
WT_Cand_3380,6.012,0.19,High-Confidence (Std <= 0.20)
WT_Cand_3381,9.34,0.042,High-Confidence (Std <= 0.20)
WT_Cand_3382,8.219,0.093,High-Confidence (Std <= 0.20)
WT_Cand_3383,7.094,0.019,High-Confidence (Std <= 0.20)
WT_Cand_3384,8.031,0.148,High-Confidence (Std <= 0.20)
WT_Cand_3385,8.122,0.263,Low-Confidence (Filtered Out)
WT_Cand_3386,6.201,0.115,High-Confidence (Std <= 0.20)
WT_Cand_3387,5.911,0.128,High-Confidence (Std <= 0.20)
WT_Cand_3388,6.94,0.198,High-Confidence (Std <= 0.20)
WT_Cand_3389,7.841,0.217,Low-Confidence (Filtered Out)
WT_Cand_3390,7.01,0.018,High-Confidence (Std <= 0.20)
WT_Cand_3391,5.036,0.077,High-Confidence (Std <= 0.20)
WT_Cand_3392,5.927,0.022,High-Confidence (Std <= 0.20)
WT_Cand_3393,6.765,0.096,High-Confidence (Std <= 0.20)
WT_Cand_3394,6.763,0.458,Low-Confidence (Filtered Out)
WT_Cand_3395,9.118,0.266,Low-Confidence (Filtered Out)
WT_Cand_3396,5.256,0.139,High-Confidence (Std <= 0.20)
WT_Cand_3397,7.431,0.556,Low-Confidence (Filtered Out)
WT_Cand_3398,8.562,0.183,High-Confidence (Std <= 0.20)
WT_Cand_3399,9.462,0.786,Low-Confidence (Filtered Out)
WT_Cand_3400,6.385,0.158,High-Confidence (Std <= 0.20)
WT_Cand_3401,7.415,0.076,High-Confidence (Std <= 0.20)
WT_Cand_3402,7.505,0.038,High-Confidence (Std <= 0.20)
WT_Cand_3403,7.075,0.243,Low-Confidence (Filtered Out)
WT_Cand_3404,6.736,0.095,High-Confidence (Std <= 0.20)
WT_Cand_3405,7.351,0.158,High-Confidence (Std <= 0.20)
WT_Cand_3406,3.938,0.212,Low-Confidence (Filtered Out)
WT_Cand_3407,7.634,0.057,High-Confidence (Std <= 0.20)
WT_Cand_3408,6.995,0.18,High-Confidence (Std <= 0.20)
WT_Cand_3409,6.594,0.117,High-Confidence (Std <= 0.20)
WT_Cand_3410,9.204,0.024,High-Confidence (Std <= 0.20)
WT_Cand_3411,6.074,0.222,Low-Confidence (Filtered Out)
WT_Cand_3412,6.386,0.247,Low-Confidence (Filtered Out)
WT_Cand_3413,9.14,0.394,Low-Confidence (Filtered Out)
WT_Cand_3414,5.893,0.039,High-Confidence (Std <= 0.20)
WT_Cand_3415,6.217,0.637,Low-Confidence (Filtered Out)
WT_Cand_3416,6.681,0.064,High-Confidence (Std <= 0.20)
WT_Cand_3417,7.817,0.01,High-Confidence (Std <= 0.20)
WT_Cand_3418,7.089,0.144,High-Confidence (Std <= 0.20)
WT_Cand_3419,5.363,0.196,High-Confidence (Std <= 0.20)
WT_Cand_3420,6.238,0.122,High-Confidence (Std <= 0.20)
WT_Cand_3421,6.152,0.039,High-Confidence (Std <= 0.20)
WT_Cand_3422,6.761,0.087,High-Confidence (Std <= 0.20)
WT_Cand_3423,7.34,0.186,High-Confidence (Std <= 0.20)
WT_Cand_3424,7.331,0.706,Low-Confidence (Filtered Out)
WT_Cand_3425,4.808,0.041,High-Confidence (Std <= 0.20)
WT_Cand_3426,8.074,0.075,High-Confidence (Std <= 0.20)
WT_Cand_3427,7.14,0.029,High-Confidence (Std <= 0.20)
WT_Cand_3428,8.442,0.095,High-Confidence (Std <= 0.20)
WT_Cand_3429,7.361,0.13,High-Confidence (Std <= 0.20)
WT_Cand_3430,8.117,0.316,Low-Confidence (Filtered Out)
WT_Cand_3431,7.387,0.189,High-Confidence (Std <= 0.20)
WT_Cand_3432,8.398,0.442,Low-Confidence (Filtered Out)
WT_Cand_3433,7.451,0.135,High-Confidence (Std <= 0.20)
WT_Cand_3434,6.737,0.197,High-Confidence (Std <= 0.20)
WT_Cand_3435,9.463,0.016,High-Confidence (Std <= 0.20)
WT_Cand_3436,7.872,0.308,Low-Confidence (Filtered Out)
WT_Cand_3437,7.51,0.135,High-Confidence (Std <= 0.20)
WT_Cand_3438,5.382,0.072,High-Confidence (Std <= 0.20)
WT_Cand_3439,5.368,0.035,High-Confidence (Std <= 0.20)
WT_Cand_3440,7.187,0.084,High-Confidence (Std <= 0.20)
WT_Cand_3441,7.017,0.13,High-Confidence (Std <= 0.20)
WT_Cand_3442,6.144,0.571,Low-Confidence (Filtered Out)
WT_Cand_3443,7.012,0.12,High-Confidence (Std <= 0.20)
WT_Cand_3444,8.677,0.171,High-Confidence (Std <= 0.20)
WT_Cand_3445,7.65,0.126,High-Confidence (Std <= 0.20)
WT_Cand_3446,5.538,0.171,High-Confidence (Std <= 0.20)
WT_Cand_3447,6.722,0.162,High-Confidence (Std <= 0.20)
WT_Cand_3448,5.924,0.138,High-Confidence (Std <= 0.20)
WT_Cand_3449,6.404,0.069,High-Confidence (Std <= 0.20)
WT_Cand_3450,6.374,0.251,Low-Confidence (Filtered Out)
WT_Cand_3451,6.301,0.041,High-Confidence (Std <= 0.20)
WT_Cand_3452,5.407,0.214,Low-Confidence (Filtered Out)
WT_Cand_3453,6.703,0.255,Low-Confidence (Filtered Out)
WT_Cand_3454,6.205,0.011,High-Confidence (Std <= 0.20)
WT_Cand_3455,3.481,0.036,High-Confidence (Std <= 0.20)
WT_Cand_3456,9.211,0.014,High-Confidence (Std <= 0.20)
WT_Cand_3457,8.102,0.381,Low-Confidence (Filtered Out)
WT_Cand_3458,6.417,0.08,High-Confidence (Std <= 0.20)
WT_Cand_3459,6.872,0.365,Low-Confidence (Filtered Out)
WT_Cand_3460,5.503,0.099,High-Confidence (Std <= 0.20)
WT_Cand_3461,8.8,0.045,High-Confidence (Std <= 0.20)
WT_Cand_3462,9.032,0.066,High-Confidence (Std <= 0.20)
WT_Cand_3463,7.03,0.159,High-Confidence (Std <= 0.20)
WT_Cand_3464,8.027,0.252,Low-Confidence (Filtered Out)
WT_Cand_3465,7.052,0.142,High-Confidence (Std <= 0.20)
WT_Cand_3466,5.313,0.3,Low-Confidence (Filtered Out)
WT_Cand_3467,6.376,0.117,High-Confidence (Std <= 0.20)
WT_Cand_3468,7.002,0.13,High-Confidence (Std <= 0.20)
WT_Cand_3469,6.327,0.061,High-Confidence (Std <= 0.20)
WT_Cand_3470,6.599,0.054,High-Confidence (Std <= 0.20)
WT_Cand_3471,6.745,0.267,Low-Confidence (Filtered Out)
WT_Cand_3472,6.757,0.041,High-Confidence (Std <= 0.20)
WT_Cand_3473,6.91,0.099,High-Confidence (Std <= 0.20)
WT_Cand_3474,5.63,0.277,Low-Confidence (Filtered Out)
WT_Cand_3475,6.025,0.018,High-Confidence (Std <= 0.20)
WT_Cand_3476,5.373,0.388,Low-Confidence (Filtered Out)
WT_Cand_3477,7.974,0.046,High-Confidence (Std <= 0.20)
WT_Cand_3478,4.429,0.39,Low-Confidence (Filtered Out)
WT_Cand_3479,8.177,0.041,High-Confidence (Std <= 0.20)
WT_Cand_3480,8.444,0.266,Low-Confidence (Filtered Out)
WT_Cand_3481,6.502,0.078,High-Confidence (Std <= 0.20)
WT_Cand_3482,3.856,0.588,Low-Confidence (Filtered Out)
WT_Cand_3483,6.434,0.11,High-Confidence (Std <= 0.20)
WT_Cand_3484,6.776,0.035,High-Confidence (Std <= 0.20)
WT_Cand_3485,5.688,0.214,Low-Confidence (Filtered Out)
WT_Cand_3486,6.257,0.087,High-Confidence (Std <= 0.20)
WT_Cand_3487,8.61,0.233,Low-Confidence (Filtered Out)
WT_Cand_3488,7.615,0.385,Low-Confidence (Filtered Out)
WT_Cand_3489,5.787,0.272,Low-Confidence (Filtered Out)
WT_Cand_3490,5.013,0.017,High-Confidence (Std <= 0.20)
WT_Cand_3491,6.474,0.04,High-Confidence (Std <= 0.20)
WT_Cand_3492,6.605,0.175,High-Confidence (Std <= 0.20)
WT_Cand_3493,7.421,0.191,High-Confidence (Std <= 0.20)
WT_Cand_3494,6.234,0.03,High-Confidence (Std <= 0.20)
WT_Cand_3495,7.438,0.045,High-Confidence (Std <= 0.20)
WT_Cand_3496,9.075,0.408,Low-Confidence (Filtered Out)
WT_Cand_3497,7.788,0.069,High-Confidence (Std <= 0.20)
WT_Cand_3498,6.795,0.251,Low-Confidence (Filtered Out)
WT_Cand_3499,6.639,0.343,Low-Confidence (Filtered Out)
WT_Cand_3500,6.44,0.066,High-Confidence (Std <= 0.20)
WT_Cand_3501,8.208,0.126,High-Confidence (Std <= 0.20)
WT_Cand_3502,6.129,0.251,Low-Confidence (Filtered Out)
WT_Cand_3503,6.902,0.016,High-Confidence (Std <= 0.20)
WT_Cand_3504,6.909,0.104,High-Confidence (Std <= 0.20)
WT_Cand_3505,6.273,0.371,Low-Confidence (Filtered Out)
WT_Cand_3506,5.272,0.187,High-Confidence (Std <= 0.20)
WT_Cand_3507,7.221,0.189,High-Confidence (Std <= 0.20)
WT_Cand_3508,6.78,0.301,Low-Confidence (Filtered Out)
WT_Cand_3509,7.425,0.077,High-Confidence (Std <= 0.20)
WT_Cand_3510,6.236,0.043,High-Confidence (Std <= 0.20)
WT_Cand_3511,8.254,0.178,High-Confidence (Std <= 0.20)
WT_Cand_3512,5.842,0.083,High-Confidence (Std <= 0.20)
WT_Cand_3513,8.819,0.077,High-Confidence (Std <= 0.20)
WT_Cand_3514,4.84,0.042,High-Confidence (Std <= 0.20)
WT_Cand_3515,7.35,0.212,Low-Confidence (Filtered Out)
WT_Cand_3516,7.397,0.113,High-Confidence (Std <= 0.20)
WT_Cand_3517,5.935,0.043,High-Confidence (Std <= 0.20)
WT_Cand_3518,7.338,0.316,Low-Confidence (Filtered Out)
WT_Cand_3519,8.321,0.097,High-Confidence (Std <= 0.20)
WT_Cand_3520,4.301,0.217,Low-Confidence (Filtered Out)
WT_Cand_3521,7.428,0.485,Low-Confidence (Filtered Out)
WT_Cand_3522,3.983,0.312,Low-Confidence (Filtered Out)
WT_Cand_3523,5.739,0.445,Low-Confidence (Filtered Out)
WT_Cand_3524,8.724,0.307,Low-Confidence (Filtered Out)
WT_Cand_3525,6.181,0.104,High-Confidence (Std <= 0.20)
WT_Cand_3526,5.5,0.057,High-Confidence (Std <= 0.20)
WT_Cand_3527,6.622,0.099,High-Confidence (Std <= 0.20)
WT_Cand_3528,9.228,0.106,High-Confidence (Std <= 0.20)
WT_Cand_3529,4.744,0.383,Low-Confidence (Filtered Out)
WT_Cand_3530,5.641,0.085,High-Confidence (Std <= 0.20)
WT_Cand_3531,8.572,0.031,High-Confidence (Std <= 0.20)
WT_Cand_3532,8.986,0.169,High-Confidence (Std <= 0.20)
WT_Cand_3533,6.731,0.144,High-Confidence (Std <= 0.20)
WT_Cand_3534,5.425,0.06,High-Confidence (Std <= 0.20)
WT_Cand_3535,9.26,0.093,High-Confidence (Std <= 0.20)
WT_Cand_3536,8.684,0.212,Low-Confidence (Filtered Out)
WT_Cand_3537,7.631,0.101,High-Confidence (Std <= 0.20)
WT_Cand_3538,5.916,0.06,High-Confidence (Std <= 0.20)
WT_Cand_3539,6.794,0.645,Low-Confidence (Filtered Out)
WT_Cand_3540,6.666,0.529,Low-Confidence (Filtered Out)
WT_Cand_3541,7.23,0.291,Low-Confidence (Filtered Out)
WT_Cand_3542,8.519,0.111,High-Confidence (Std <= 0.20)
WT_Cand_3543,7.861,0.057,High-Confidence (Std <= 0.20)
WT_Cand_3544,5.611,0.059,High-Confidence (Std <= 0.20)
WT_Cand_3545,8.433,0.11,High-Confidence (Std <= 0.20)
WT_Cand_3546,7.21,0.085,High-Confidence (Std <= 0.20)
WT_Cand_3547,7.64,0.136,High-Confidence (Std <= 0.20)
WT_Cand_3548,8.537,0.13,High-Confidence (Std <= 0.20)
WT_Cand_3549,5.572,0.047,High-Confidence (Std <= 0.20)
WT_Cand_3550,6.809,0.049,High-Confidence (Std <= 0.20)
WT_Cand_3551,6.239,0.102,High-Confidence (Std <= 0.20)
WT_Cand_3552,5.047,0.126,High-Confidence (Std <= 0.20)
WT_Cand_3553,7.249,0.427,Low-Confidence (Filtered Out)
WT_Cand_3554,9.738,0.178,High-Confidence (Std <= 0.20)
WT_Cand_3555,4.734,0.172,High-Confidence (Std <= 0.20)
WT_Cand_3556,6.813,0.184,High-Confidence (Std <= 0.20)
WT_Cand_3557,7.587,0.351,Low-Confidence (Filtered Out)
WT_Cand_3558,6.992,1.525,Low-Confidence (Filtered Out)
WT_Cand_3559,6.72,0.078,High-Confidence (Std <= 0.20)
WT_Cand_3560,5.356,0.608,Low-Confidence (Filtered Out)
WT_Cand_3561,7.118,0.025,High-Confidence (Std <= 0.20)
WT_Cand_3562,5.98,0.103,High-Confidence (Std <= 0.20)
WT_Cand_3563,4.332,0.245,Low-Confidence (Filtered Out)
WT_Cand_3564,8.224,0.305,Low-Confidence (Filtered Out)
WT_Cand_3565,7.952,0.031,High-Confidence (Std <= 0.20)
WT_Cand_3566,6.909,0.335,Low-Confidence (Filtered Out)
WT_Cand_3567,7.113,0.188,High-Confidence (Std <= 0.20)
WT_Cand_3568,8.085,0.276,Low-Confidence (Filtered Out)
WT_Cand_3569,7.108,0.375,Low-Confidence (Filtered Out)
WT_Cand_3570,7.89,0.251,Low-Confidence (Filtered Out)
WT_Cand_3571,6.508,0.024,High-Confidence (Std <= 0.20)
WT_Cand_3572,8.359,0.093,High-Confidence (Std <= 0.20)
WT_Cand_3573,7.219,0.028,High-Confidence (Std <= 0.20)
WT_Cand_3574,7.073,0.009,High-Confidence (Std <= 0.20)
WT_Cand_3575,5.389,0.038,High-Confidence (Std <= 0.20)
WT_Cand_3576,7.18,0.1,High-Confidence (Std <= 0.20)
WT_Cand_3577,5.893,0.574,Low-Confidence (Filtered Out)
WT_Cand_3578,6.116,0.134,High-Confidence (Std <= 0.20)
WT_Cand_3579,5.912,0.189,High-Confidence (Std <= 0.20)
WT_Cand_3580,5.624,0.081,High-Confidence (Std <= 0.20)
WT_Cand_3581,9.293,0.112,High-Confidence (Std <= 0.20)
WT_Cand_3582,8.381,0.146,High-Confidence (Std <= 0.20)
WT_Cand_3583,9.058,0.107,High-Confidence (Std <= 0.20)
WT_Cand_3584,5.444,0.225,Low-Confidence (Filtered Out)
WT_Cand_3585,6.932,0.072,High-Confidence (Std <= 0.20)
WT_Cand_3586,5.362,0.026,High-Confidence (Std <= 0.20)
WT_Cand_3587,6.05,0.018,High-Confidence (Std <= 0.20)
WT_Cand_3588,5.794,0.286,Low-Confidence (Filtered Out)
WT_Cand_3589,8.276,0.003,High-Confidence (Std <= 0.20)
WT_Cand_3590,6.394,0.111,High-Confidence (Std <= 0.20)
WT_Cand_3591,8.079,0.04,High-Confidence (Std <= 0.20)
WT_Cand_3592,7.545,0.232,Low-Confidence (Filtered Out)
WT_Cand_3593,9.499,0.138,High-Confidence (Std <= 0.20)
WT_Cand_3594,5.149,0.141,High-Confidence (Std <= 0.20)
WT_Cand_3595,8.298,0.152,High-Confidence (Std <= 0.20)
WT_Cand_3596,8.168,0.147,High-Confidence (Std <= 0.20)
WT_Cand_3597,5.731,0.025,High-Confidence (Std <= 0.20)
WT_Cand_3598,8.008,0.086,High-Confidence (Std <= 0.20)
WT_Cand_3599,7.237,0.054,High-Confidence (Std <= 0.20)
WT_Cand_3600,6.588,0.066,High-Confidence (Std <= 0.20)
WT_Cand_3601,5.902,0.149,High-Confidence (Std <= 0.20)
WT_Cand_3602,6.023,0.287,Low-Confidence (Filtered Out)
WT_Cand_3603,9.207,0.279,Low-Confidence (Filtered Out)
WT_Cand_3604,6.851,0.173,High-Confidence (Std <= 0.20)
WT_Cand_3605,7.749,0.091,High-Confidence (Std <= 0.20)
WT_Cand_3606,5.94,0.141,High-Confidence (Std <= 0.20)
WT_Cand_3607,5.953,0.251,Low-Confidence (Filtered Out)
WT_Cand_3608,8.094,0.065,High-Confidence (Std <= 0.20)
WT_Cand_3609,5.298,0.135,High-Confidence (Std <= 0.20)
WT_Cand_3610,6.373,0.08,High-Confidence (Std <= 0.20)
WT_Cand_3611,6.889,0.064,High-Confidence (Std <= 0.20)
WT_Cand_3612,6.978,0.128,High-Confidence (Std <= 0.20)
WT_Cand_3613,6.644,0.091,High-Confidence (Std <= 0.20)
WT_Cand_3614,7.305,0.177,High-Confidence (Std <= 0.20)
WT_Cand_3615,7.647,0.093,High-Confidence (Std <= 0.20)
WT_Cand_3616,7.695,0.117,High-Confidence (Std <= 0.20)
WT_Cand_3617,5.716,0.025,High-Confidence (Std <= 0.20)
WT_Cand_3618,6.523,0.261,Low-Confidence (Filtered Out)
WT_Cand_3619,8.224,0.265,Low-Confidence (Filtered Out)
WT_Cand_3620,7.879,0.054,High-Confidence (Std <= 0.20)
WT_Cand_3621,5.271,0.06,High-Confidence (Std <= 0.20)
WT_Cand_3622,7.254,0.156,High-Confidence (Std <= 0.20)
WT_Cand_3623,4.575,0.083,High-Confidence (Std <= 0.20)
WT_Cand_3624,6.904,0.172,High-Confidence (Std <= 0.20)
WT_Cand_3625,9.032,0.399,Low-Confidence (Filtered Out)
WT_Cand_3626,5.76,0.057,High-Confidence (Std <= 0.20)
WT_Cand_3627,5.891,0.277,Low-Confidence (Filtered Out)
WT_Cand_3628,7.729,0.047,High-Confidence (Std <= 0.20)
WT_Cand_3629,5.076,0.066,High-Confidence (Std <= 0.20)
WT_Cand_3630,6.122,0.158,High-Confidence (Std <= 0.20)
WT_Cand_3631,7.536,0.222,Low-Confidence (Filtered Out)
WT_Cand_3632,6.121,0.389,Low-Confidence (Filtered Out)
WT_Cand_3633,6.579,0.495,Low-Confidence (Filtered Out)
WT_Cand_3634,7.706,0.102,High-Confidence (Std <= 0.20)
WT_Cand_3635,7.335,0.134,High-Confidence (Std <= 0.20)
WT_Cand_3636,7.157,0.18,High-Confidence (Std <= 0.20)
WT_Cand_3637,6.46,0.129,High-Confidence (Std <= 0.20)
WT_Cand_3638,7.276,0.101,High-Confidence (Std <= 0.20)
WT_Cand_3639,6.708,0.078,High-Confidence (Std <= 0.20)
WT_Cand_3640,7.376,0.225,Low-Confidence (Filtered Out)
WT_Cand_3641,6.279,0.392,Low-Confidence (Filtered Out)
WT_Cand_3642,6.64,0.021,High-Confidence (Std <= 0.20)
WT_Cand_3643,5.712,0.109,High-Confidence (Std <= 0.20)
WT_Cand_3644,6.81,0.022,High-Confidence (Std <= 0.20)
WT_Cand_3645,5.917,0.214,Low-Confidence (Filtered Out)
WT_Cand_3646,5.569,0.064,High-Confidence (Std <= 0.20)
WT_Cand_3647,7.147,0.351,Low-Confidence (Filtered Out)
WT_Cand_3648,7.095,0.117,High-Confidence (Std <= 0.20)
WT_Cand_3649,7.75,0.216,Low-Confidence (Filtered Out)
WT_Cand_3650,6.354,0.056,High-Confidence (Std <= 0.20)
WT_Cand_3651,7.319,0.152,High-Confidence (Std <= 0.20)
WT_Cand_3652,7.483,0.151,High-Confidence (Std <= 0.20)
WT_Cand_3653,7.361,0.19,High-Confidence (Std <= 0.20)
WT_Cand_3654,5.9,0.072,High-Confidence (Std <= 0.20)
WT_Cand_3655,7.022,0.327,Low-Confidence (Filtered Out)
WT_Cand_3656,7.269,0.18,High-Confidence (Std <= 0.20)
WT_Cand_3657,6.858,0.377,Low-Confidence (Filtered Out)
WT_Cand_3658,4.451,0.026,High-Confidence (Std <= 0.20)
WT_Cand_3659,7.035,0.153,High-Confidence (Std <= 0.20)
WT_Cand_3660,9.394,0.113,High-Confidence (Std <= 0.20)
WT_Cand_3661,6.436,0.503,Low-Confidence (Filtered Out)
WT_Cand_3662,6.013,0.229,Low-Confidence (Filtered Out)
WT_Cand_3663,7.279,0.13,High-Confidence (Std <= 0.20)
WT_Cand_3664,7.209,0.218,Low-Confidence (Filtered Out)
WT_Cand_3665,8.222,0.088,High-Confidence (Std <= 0.20)
WT_Cand_3666,5.403,0.196,High-Confidence (Std <= 0.20)
WT_Cand_3667,7.691,0.721,Low-Confidence (Filtered Out)
WT_Cand_3668,7.529,0.077,High-Confidence (Std <= 0.20)
WT_Cand_3669,6.687,0.151,High-Confidence (Std <= 0.20)
WT_Cand_3670,7.239,0.061,High-Confidence (Std <= 0.20)
WT_Cand_3671,8.034,0.05,High-Confidence (Std <= 0.20)
WT_Cand_3672,7.853,0.28,Low-Confidence (Filtered Out)
WT_Cand_3673,5.536,0.038,High-Confidence (Std <= 0.20)
WT_Cand_3674,7.793,0.193,High-Confidence (Std <= 0.20)
WT_Cand_3675,6.776,0.266,Low-Confidence (Filtered Out)
WT_Cand_3676,6.934,0.092,High-Confidence (Std <= 0.20)
WT_Cand_3677,6.934,0.367,Low-Confidence (Filtered Out)
WT_Cand_3678,6.677,0.343,Low-Confidence (Filtered Out)
WT_Cand_3679,8.22,0.091,High-Confidence (Std <= 0.20)
WT_Cand_3680,6.754,0.031,High-Confidence (Std <= 0.20)
WT_Cand_3681,5.563,0.206,Low-Confidence (Filtered Out)
WT_Cand_3682,6.397,0.127,High-Confidence (Std <= 0.20)
WT_Cand_3683,7.055,0.159,High-Confidence (Std <= 0.20)
WT_Cand_3684,8.264,0.204,Low-Confidence (Filtered Out)
WT_Cand_3685,7.544,0.024,High-Confidence (Std <= 0.20)
WT_Cand_3686,5.872,0.086,High-Confidence (Std <= 0.20)
WT_Cand_3687,9.708,0.465,Low-Confidence (Filtered Out)
WT_Cand_3688,7.154,0.163,High-Confidence (Std <= 0.20)
WT_Cand_3689,8.317,0.216,Low-Confidence (Filtered Out)
WT_Cand_3690,6.676,0.151,High-Confidence (Std <= 0.20)
WT_Cand_3691,7.463,0.211,Low-Confidence (Filtered Out)
WT_Cand_3692,7.815,0.337,Low-Confidence (Filtered Out)
WT_Cand_3693,8.251,0.01,High-Confidence (Std <= 0.20)
WT_Cand_3694,8.066,0.252,Low-Confidence (Filtered Out)
WT_Cand_3695,7.853,0.128,High-Confidence (Std <= 0.20)
WT_Cand_3696,6.488,0.288,Low-Confidence (Filtered Out)
WT_Cand_3697,6.192,0.095,High-Confidence (Std <= 0.20)
WT_Cand_3698,7.232,0.092,High-Confidence (Std <= 0.20)
WT_Cand_3699,7.923,0.036,High-Confidence (Std <= 0.20)
WT_Cand_3700,6.594,0.132,High-Confidence (Std <= 0.20)
WT_Cand_3701,8.075,0.033,High-Confidence (Std <= 0.20)
WT_Cand_3702,8.521,0.121,High-Confidence (Std <= 0.20)
WT_Cand_3703,5.796,0.159,High-Confidence (Std <= 0.20)
WT_Cand_3704,5.888,0.067,High-Confidence (Std <= 0.20)
WT_Cand_3705,6.689,0.02,High-Confidence (Std <= 0.20)
WT_Cand_3706,7.204,0.014,High-Confidence (Std <= 0.20)
WT_Cand_3707,6.247,0.048,High-Confidence (Std <= 0.20)
WT_Cand_3708,8.405,0.012,High-Confidence (Std <= 0.20)
WT_Cand_3709,7.338,0.155,High-Confidence (Std <= 0.20)
WT_Cand_3710,6.895,0.735,Low-Confidence (Filtered Out)
WT_Cand_3711,5.199,0.035,High-Confidence (Std <= 0.20)
WT_Cand_3712,5.337,0.15,High-Confidence (Std <= 0.20)
WT_Cand_3713,7.173,0.179,High-Confidence (Std <= 0.20)
WT_Cand_3714,4.398,0.022,High-Confidence (Std <= 0.20)
WT_Cand_3715,8.015,0.161,High-Confidence (Std <= 0.20)
WT_Cand_3716,6.668,0.081,High-Confidence (Std <= 0.20)
WT_Cand_3717,10.58,0.443,Low-Confidence (Filtered Out)
WT_Cand_3718,9.504,0.014,High-Confidence (Std <= 0.20)
WT_Cand_3719,6.641,0.083,High-Confidence (Std <= 0.20)
WT_Cand_3720,6.728,0.058,High-Confidence (Std <= 0.20)
WT_Cand_3721,7.995,0.185,High-Confidence (Std <= 0.20)
WT_Cand_3722,8.809,0.004,High-Confidence (Std <= 0.20)
WT_Cand_3723,4.966,0.432,Low-Confidence (Filtered Out)
WT_Cand_3724,4.796,0.179,High-Confidence (Std <= 0.20)
WT_Cand_3725,6.135,0.168,High-Confidence (Std <= 0.20)
WT_Cand_3726,7.52,0.037,High-Confidence (Std <= 0.20)
WT_Cand_3727,7.421,0.263,Low-Confidence (Filtered Out)
WT_Cand_3728,8.08,0.242,Low-Confidence (Filtered Out)
WT_Cand_3729,5.47,0.361,Low-Confidence (Filtered Out)
WT_Cand_3730,4.186,0.102,High-Confidence (Std <= 0.20)
WT_Cand_3731,7.837,0.02,High-Confidence (Std <= 0.20)
WT_Cand_3732,5.898,0.07,High-Confidence (Std <= 0.20)
WT_Cand_3733,4.529,0.297,Low-Confidence (Filtered Out)
WT_Cand_3734,7.017,0.083,High-Confidence (Std <= 0.20)
WT_Cand_3735,7.762,0.585,Low-Confidence (Filtered Out)
WT_Cand_3736,6.71,0.269,Low-Confidence (Filtered Out)
WT_Cand_3737,6.323,0.526,Low-Confidence (Filtered Out)
WT_Cand_3738,6.667,0.088,High-Confidence (Std <= 0.20)
WT_Cand_3739,6.424,0.199,High-Confidence (Std <= 0.20)
WT_Cand_3740,5.3,0.048,High-Confidence (Std <= 0.20)
WT_Cand_3741,6.028,0.28,Low-Confidence (Filtered Out)
WT_Cand_3742,7.449,0.212,Low-Confidence (Filtered Out)
WT_Cand_3743,7.22,0.256,Low-Confidence (Filtered Out)
WT_Cand_3744,7.043,0.096,High-Confidence (Std <= 0.20)
WT_Cand_3745,5.706,0.156,High-Confidence (Std <= 0.20)
WT_Cand_3746,6.641,0.148,High-Confidence (Std <= 0.20)
WT_Cand_3747,4.346,0.097,High-Confidence (Std <= 0.20)
WT_Cand_3748,7.055,0.164,High-Confidence (Std <= 0.20)
WT_Cand_3749,8.493,0.19,High-Confidence (Std <= 0.20)
WT_Cand_3750,5.155,0.221,Low-Confidence (Filtered Out)
WT_Cand_3751,6.176,0.094,High-Confidence (Std <= 0.20)
WT_Cand_3752,7.228,0.268,Low-Confidence (Filtered Out)
WT_Cand_3753,8.291,0.254,Low-Confidence (Filtered Out)
WT_Cand_3754,6.335,0.224,Low-Confidence (Filtered Out)
WT_Cand_3755,6.054,0.285,Low-Confidence (Filtered Out)
WT_Cand_3756,4.586,0.118,High-Confidence (Std <= 0.20)
WT_Cand_3757,6.969,0.041,High-Confidence (Std <= 0.20)
WT_Cand_3758,9.198,0.255,Low-Confidence (Filtered Out)
WT_Cand_3759,7.169,0.079,High-Confidence (Std <= 0.20)
WT_Cand_3760,6.824,0.022,High-Confidence (Std <= 0.20)
WT_Cand_3761,7.22,0.081,High-Confidence (Std <= 0.20)
WT_Cand_3762,6.837,0.161,High-Confidence (Std <= 0.20)
WT_Cand_3763,5.915,0.406,Low-Confidence (Filtered Out)
WT_Cand_3764,7.797,0.191,High-Confidence (Std <= 0.20)
WT_Cand_3765,7.11,0.284,Low-Confidence (Filtered Out)
WT_Cand_3766,6.87,0.251,Low-Confidence (Filtered Out)
WT_Cand_3767,5.728,0.184,High-Confidence (Std <= 0.20)
WT_Cand_3768,8.349,0.109,High-Confidence (Std <= 0.20)
WT_Cand_3769,7.614,0.048,High-Confidence (Std <= 0.20)
WT_Cand_3770,6.214,0.639,Low-Confidence (Filtered Out)
WT_Cand_3771,8.002,0.083,High-Confidence (Std <= 0.20)
WT_Cand_3772,6.278,0.107,High-Confidence (Std <= 0.20)
WT_Cand_3773,5.951,0.125,High-Confidence (Std <= 0.20)
WT_Cand_3774,5.976,0.081,High-Confidence (Std <= 0.20)
WT_Cand_3775,4.813,0.215,Low-Confidence (Filtered Out)
WT_Cand_3776,7.392,0.083,High-Confidence (Std <= 0.20)
WT_Cand_3777,4.744,0.105,High-Confidence (Std <= 0.20)
WT_Cand_3778,5.437,0.076,High-Confidence (Std <= 0.20)
WT_Cand_3779,4.463,0.103,High-Confidence (Std <= 0.20)
WT_Cand_3780,6.751,0.038,High-Confidence (Std <= 0.20)
WT_Cand_3781,6.677,0.028,High-Confidence (Std <= 0.20)
WT_Cand_3782,6.474,0.474,Low-Confidence (Filtered Out)
WT_Cand_3783,5.651,0.285,Low-Confidence (Filtered Out)
WT_Cand_3784,5.502,0.419,Low-Confidence (Filtered Out)
WT_Cand_3785,7.384,0.448,Low-Confidence (Filtered Out)
WT_Cand_3786,6.217,0.055,High-Confidence (Std <= 0.20)
WT_Cand_3787,7.214,0.405,Low-Confidence (Filtered Out)
WT_Cand_3788,5.832,0.326,Low-Confidence (Filtered Out)
WT_Cand_3789,7.058,0.102,High-Confidence (Std <= 0.20)
WT_Cand_3790,8.349,0.19,High-Confidence (Std <= 0.20)
WT_Cand_3791,7.524,0.278,Low-Confidence (Filtered Out)
WT_Cand_3792,6.376,0.231,Low-Confidence (Filtered Out)
WT_Cand_3793,7.146,0.126,High-Confidence (Std <= 0.20)
WT_Cand_3794,6.573,0.163,High-Confidence (Std <= 0.20)
WT_Cand_3795,6.859,0.209,Low-Confidence (Filtered Out)
WT_Cand_3796,6.476,0.099,High-Confidence (Std <= 0.20)
WT_Cand_3797,6.661,0.228,Low-Confidence (Filtered Out)
WT_Cand_3798,7.094,0.07,High-Confidence (Std <= 0.20)
WT_Cand_3799,5.708,0.415,Low-Confidence (Filtered Out)
WT_Cand_3800,5.682,0.314,Low-Confidence (Filtered Out)
WT_Cand_3801,5.253,0.282,Low-Confidence (Filtered Out)
WT_Cand_3802,5.01,0.197,High-Confidence (Std <= 0.20)
WT_Cand_3803,5.45,0.173,High-Confidence (Std <= 0.20)
WT_Cand_3804,7.033,0.323,Low-Confidence (Filtered Out)
WT_Cand_3805,5.823,0.043,High-Confidence (Std <= 0.20)
WT_Cand_3806,7.441,0.061,High-Confidence (Std <= 0.20)
WT_Cand_3807,6.89,0.233,Low-Confidence (Filtered Out)
WT_Cand_3808,4.586,0.137,High-Confidence (Std <= 0.20)
WT_Cand_3809,7.603,0.082,High-Confidence (Std <= 0.20)
WT_Cand_3810,7.782,0.343,Low-Confidence (Filtered Out)
WT_Cand_3811,5.707,0.159,High-Confidence (Std <= 0.20)
WT_Cand_3812,7.333,0.189,High-Confidence (Std <= 0.20)
WT_Cand_3813,5.865,0.349,Low-Confidence (Filtered Out)
WT_Cand_3814,6.962,0.125,High-Confidence (Std <= 0.20)
WT_Cand_3815,5.396,0.591,Low-Confidence (Filtered Out)
WT_Cand_3816,4.788,0.048,High-Confidence (Std <= 0.20)
WT_Cand_3817,6.41,0.341,Low-Confidence (Filtered Out)
WT_Cand_3818,6.708,0.087,High-Confidence (Std <= 0.20)
WT_Cand_3819,6.393,0.3,Low-Confidence (Filtered Out)
WT_Cand_3820,5.488,0.071,High-Confidence (Std <= 0.20)
WT_Cand_3821,6.39,0.028,High-Confidence (Std <= 0.20)
WT_Cand_3822,7.16,0.303,Low-Confidence (Filtered Out)
WT_Cand_3823,6.798,0.102,High-Confidence (Std <= 0.20)
WT_Cand_3824,7.06,0.029,High-Confidence (Std <= 0.20)
WT_Cand_3825,6.079,0.314,Low-Confidence (Filtered Out)
WT_Cand_3826,8.197,0.172,High-Confidence (Std <= 0.20)
WT_Cand_3827,5.497,0.102,High-Confidence (Std <= 0.20)
WT_Cand_3828,7.411,0.198,High-Confidence (Std <= 0.20)
WT_Cand_3829,8.209,0.124,High-Confidence (Std <= 0.20)
WT_Cand_3830,7.403,0.11,High-Confidence (Std <= 0.20)
WT_Cand_3831,6.617,0.275,Low-Confidence (Filtered Out)
WT_Cand_3832,6.242,0.174,High-Confidence (Std <= 0.20)
WT_Cand_3833,8.042,0.066,High-Confidence (Std <= 0.20)
WT_Cand_3834,5.214,0.141,High-Confidence (Std <= 0.20)
WT_Cand_3835,5.734,0.272,Low-Confidence (Filtered Out)
WT_Cand_3836,6.393,0.046,High-Confidence (Std <= 0.20)
WT_Cand_3837,8.273,0.367,Low-Confidence (Filtered Out)
WT_Cand_3838,7.287,0.169,High-Confidence (Std <= 0.20)
WT_Cand_3839,5.737,0.158,High-Confidence (Std <= 0.20)
WT_Cand_3840,6.493,0.165,High-Confidence (Std <= 0.20)
WT_Cand_3841,6.144,0.491,Low-Confidence (Filtered Out)
WT_Cand_3842,6.034,0.142,High-Confidence (Std <= 0.20)
WT_Cand_3843,7.976,0.103,High-Confidence (Std <= 0.20)
WT_Cand_3844,5.272,0.126,High-Confidence (Std <= 0.20)
WT_Cand_3845,8.7,0.303,Low-Confidence (Filtered Out)
WT_Cand_3846,7.802,0.241,Low-Confidence (Filtered Out)
WT_Cand_3847,8.104,0.144,High-Confidence (Std <= 0.20)
WT_Cand_3848,6.318,0.68,Low-Confidence (Filtered Out)
WT_Cand_3849,6.678,0.225,Low-Confidence (Filtered Out)
WT_Cand_3850,5.202,0.058,High-Confidence (Std <= 0.20)
WT_Cand_3851,6.247,0.011,High-Confidence (Std <= 0.20)
WT_Cand_3852,7.418,0.244,Low-Confidence (Filtered Out)
WT_Cand_3853,8.34,0.11,High-Confidence (Std <= 0.20)
WT_Cand_3854,5.577,0.027,High-Confidence (Std <= 0.20)
WT_Cand_3855,6.43,0.13,High-Confidence (Std <= 0.20)
WT_Cand_3856,6.676,0.257,Low-Confidence (Filtered Out)
WT_Cand_3857,5.245,0.122,High-Confidence (Std <= 0.20)
WT_Cand_3858,7.53,0.137,High-Confidence (Std <= 0.20)
WT_Cand_3859,6.017,0.009,High-Confidence (Std <= 0.20)
WT_Cand_3860,6.625,0.244,Low-Confidence (Filtered Out)
WT_Cand_3861,6.33,0.019,High-Confidence (Std <= 0.20)
WT_Cand_3862,5.942,0.081,High-Confidence (Std <= 0.20)
WT_Cand_3863,6.842,0.182,High-Confidence (Std <= 0.20)
WT_Cand_3864,6.602,0.065,High-Confidence (Std <= 0.20)
WT_Cand_3865,6.422,0.08,High-Confidence (Std <= 0.20)
WT_Cand_3866,6.012,0.175,High-Confidence (Std <= 0.20)
WT_Cand_3867,7.217,0.187,High-Confidence (Std <= 0.20)
WT_Cand_3868,8.752,0.148,High-Confidence (Std <= 0.20)
WT_Cand_3869,7.011,0.008,High-Confidence (Std <= 0.20)
WT_Cand_3870,7.996,0.014,High-Confidence (Std <= 0.20)
WT_Cand_3871,5.251,0.303,Low-Confidence (Filtered Out)
WT_Cand_3872,7.031,0.1,High-Confidence (Std <= 0.20)
WT_Cand_3873,5.588,0.765,Low-Confidence (Filtered Out)
WT_Cand_3874,5.152,0.175,High-Confidence (Std <= 0.20)
WT_Cand_3875,6.0,0.583,Low-Confidence (Filtered Out)
WT_Cand_3876,8.221,0.12,High-Confidence (Std <= 0.20)
WT_Cand_3877,7.943,0.088,High-Confidence (Std <= 0.20)
WT_Cand_3878,7.129,0.246,Low-Confidence (Filtered Out)
WT_Cand_3879,5.087,0.352,Low-Confidence (Filtered Out)
WT_Cand_3880,6.624,0.12,High-Confidence (Std <= 0.20)
WT_Cand_3881,7.197,0.24,Low-Confidence (Filtered Out)
WT_Cand_3882,7.052,0.02,High-Confidence (Std <= 0.20)
WT_Cand_3883,4.73,0.058,High-Confidence (Std <= 0.20)
WT_Cand_3884,5.826,0.203,Low-Confidence (Filtered Out)
WT_Cand_3885,6.776,0.1,High-Confidence (Std <= 0.20)
WT_Cand_3886,7.467,0.181,High-Confidence (Std <= 0.20)
WT_Cand_3887,4.324,0.206,Low-Confidence (Filtered Out)
WT_Cand_3888,6.664,0.237,Low-Confidence (Filtered Out)
WT_Cand_3889,7.015,0.298,Low-Confidence (Filtered Out)
WT_Cand_3890,7.827,0.303,Low-Confidence (Filtered Out)
WT_Cand_3891,7.647,0.045,High-Confidence (Std <= 0.20)
WT_Cand_3892,7.52,0.123,High-Confidence (Std <= 0.20)
WT_Cand_3893,5.93,0.119,High-Confidence (Std <= 0.20)
WT_Cand_3894,4.656,0.135,High-Confidence (Std <= 0.20)
WT_Cand_3895,6.398,0.11,High-Confidence (Std <= 0.20)
WT_Cand_3896,8.002,0.143,High-Confidence (Std <= 0.20)
WT_Cand_3897,8.452,0.077,High-Confidence (Std <= 0.20)
WT_Cand_3898,7.667,0.283,Low-Confidence (Filtered Out)
WT_Cand_3899,7.344,0.206,Low-Confidence (Filtered Out)
WT_Cand_3900,7.287,0.076,High-Confidence (Std <= 0.20)
WT_Cand_3901,6.21,0.145,High-Confidence (Std <= 0.20)
WT_Cand_3902,6.7,0.541,Low-Confidence (Filtered Out)
WT_Cand_3903,8.769,0.048,High-Confidence (Std <= 0.20)
WT_Cand_3904,5.766,0.06,High-Confidence (Std <= 0.20)
WT_Cand_3905,8.707,0.293,Low-Confidence (Filtered Out)
WT_Cand_3906,6.48,0.458,Low-Confidence (Filtered Out)
WT_Cand_3907,8.374,0.188,High-Confidence (Std <= 0.20)
WT_Cand_3908,5.232,0.154,High-Confidence (Std <= 0.20)
WT_Cand_3909,7.524,0.038,High-Confidence (Std <= 0.20)
WT_Cand_3910,6.003,0.093,High-Confidence (Std <= 0.20)
WT_Cand_3911,5.222,0.088,High-Confidence (Std <= 0.20)
WT_Cand_3912,7.101,0.093,High-Confidence (Std <= 0.20)
WT_Cand_3913,8.011,0.068,High-Confidence (Std <= 0.20)
WT_Cand_3914,5.878,0.035,High-Confidence (Std <= 0.20)
WT_Cand_3915,5.126,0.249,Low-Confidence (Filtered Out)
WT_Cand_3916,6.744,0.198,High-Confidence (Std <= 0.20)
WT_Cand_3917,6.749,0.035,High-Confidence (Std <= 0.20)
WT_Cand_3918,7.481,0.147,High-Confidence (Std <= 0.20)
WT_Cand_3919,7.942,0.106,High-Confidence (Std <= 0.20)
WT_Cand_3920,6.782,0.499,Low-Confidence (Filtered Out)
WT_Cand_3921,8.984,0.377,Low-Confidence (Filtered Out)
WT_Cand_3922,7.108,0.497,Low-Confidence (Filtered Out)
WT_Cand_3923,6.452,0.091,High-Confidence (Std <= 0.20)
WT_Cand_3924,4.997,0.016,High-Confidence (Std <= 0.20)
WT_Cand_3925,6.548,0.043,High-Confidence (Std <= 0.20)
WT_Cand_3926,6.463,0.093,High-Confidence (Std <= 0.20)
WT_Cand_3927,7.954,0.113,High-Confidence (Std <= 0.20)
WT_Cand_3928,7.382,0.506,Low-Confidence (Filtered Out)
WT_Cand_3929,5.494,0.281,Low-Confidence (Filtered Out)
WT_Cand_3930,7.048,0.198,High-Confidence (Std <= 0.20)
WT_Cand_3931,7.622,0.382,Low-Confidence (Filtered Out)
WT_Cand_3932,8.607,0.227,Low-Confidence (Filtered Out)
WT_Cand_3933,7.871,0.268,Low-Confidence (Filtered Out)
WT_Cand_3934,7.725,0.106,High-Confidence (Std <= 0.20)
WT_Cand_3935,6.919,0.027,High-Confidence (Std <= 0.20)
WT_Cand_3936,7.297,0.02,High-Confidence (Std <= 0.20)
WT_Cand_3937,8.287,0.02,High-Confidence (Std <= 0.20)
WT_Cand_3938,5.317,0.246,Low-Confidence (Filtered Out)
WT_Cand_3939,6.448,0.062,High-Confidence (Std <= 0.20)
WT_Cand_3940,5.962,0.107,High-Confidence (Std <= 0.20)
WT_Cand_3941,7.286,0.031,High-Confidence (Std <= 0.20)
WT_Cand_3942,8.265,0.344,Low-Confidence (Filtered Out)
WT_Cand_3943,6.163,0.14,High-Confidence (Std <= 0.20)
WT_Cand_3944,4.101,0.174,High-Confidence (Std <= 0.20)
WT_Cand_3945,6.376,0.189,High-Confidence (Std <= 0.20)
WT_Cand_3946,7.9,0.21,Low-Confidence (Filtered Out)
WT_Cand_3947,7.468,0.358,Low-Confidence (Filtered Out)
WT_Cand_3948,7.342,0.253,Low-Confidence (Filtered Out)
WT_Cand_3949,6.528,0.05,High-Confidence (Std <= 0.20)
WT_Cand_3950,5.379,0.059,High-Confidence (Std <= 0.20)
WT_Cand_3951,7.443,0.901,Low-Confidence (Filtered Out)
WT_Cand_3952,5.891,0.31,Low-Confidence (Filtered Out)
WT_Cand_3953,9.362,0.692,Low-Confidence (Filtered Out)
WT_Cand_3954,7.506,0.114,High-Confidence (Std <= 0.20)
WT_Cand_3955,6.182,0.457,Low-Confidence (Filtered Out)
WT_Cand_3956,6.147,0.215,Low-Confidence (Filtered Out)
WT_Cand_3957,6.743,0.184,High-Confidence (Std <= 0.20)
WT_Cand_3958,6.575,0.146,High-Confidence (Std <= 0.20)
WT_Cand_3959,8.134,0.278,Low-Confidence (Filtered Out)
WT_Cand_3960,7.064,0.224,Low-Confidence (Filtered Out)
WT_Cand_3961,6.009,0.12,High-Confidence (Std <= 0.20)
WT_Cand_3962,9.024,0.08,High-Confidence (Std <= 0.20)
WT_Cand_3963,6.907,0.124,High-Confidence (Std <= 0.20)
WT_Cand_3964,7.734,0.142,High-Confidence (Std <= 0.20)
WT_Cand_3965,6.151,0.097,High-Confidence (Std <= 0.20)
WT_Cand_3966,7.268,0.057,High-Confidence (Std <= 0.20)
WT_Cand_3967,7.208,0.151,High-Confidence (Std <= 0.20)
WT_Cand_3968,4.677,0.202,Low-Confidence (Filtered Out)
WT_Cand_3969,9.168,0.18,High-Confidence (Std <= 0.20)
WT_Cand_3970,8.334,0.042,High-Confidence (Std <= 0.20)
WT_Cand_3971,6.393,0.495,Low-Confidence (Filtered Out)
WT_Cand_3972,5.582,0.588,Low-Confidence (Filtered Out)
WT_Cand_3973,7.25,0.242,Low-Confidence (Filtered Out)
WT_Cand_3974,6.95,0.283,Low-Confidence (Filtered Out)
WT_Cand_3975,7.259,0.175,High-Confidence (Std <= 0.20)
WT_Cand_3976,7.07,0.193,High-Confidence (Std <= 0.20)
WT_Cand_3977,7.432,0.018,High-Confidence (Std <= 0.20)
WT_Cand_3978,8.514,0.131,High-Confidence (Std <= 0.20)
WT_Cand_3979,7.503,0.132,High-Confidence (Std <= 0.20)
WT_Cand_3980,5.643,0.574,Low-Confidence (Filtered Out)
WT_Cand_3981,8.417,0.108,High-Confidence (Std <= 0.20)
WT_Cand_3982,8.737,0.489,Low-Confidence (Filtered Out)
WT_Cand_3983,10.475,0.146,High-Confidence (Std <= 0.20)
WT_Cand_3984,5.558,0.094,High-Confidence (Std <= 0.20)
WT_Cand_3985,7.129,0.02,High-Confidence (Std <= 0.20)
WT_Cand_3986,4.456,0.19,High-Confidence (Std <= 0.20)
WT_Cand_3987,7.486,0.066,High-Confidence (Std <= 0.20)
WT_Cand_3988,6.22,0.024,High-Confidence (Std <= 0.20)
WT_Cand_3989,9.062,0.241,Low-Confidence (Filtered Out)
WT_Cand_3990,5.959,0.197,High-Confidence (Std <= 0.20)
WT_Cand_3991,4.907,0.212,Low-Confidence (Filtered Out)
WT_Cand_3992,6.308,0.144,High-Confidence (Std <= 0.20)
WT_Cand_3993,4.578,0.073,High-Confidence (Std <= 0.20)
WT_Cand_3994,7.714,0.049,High-Confidence (Std <= 0.20)
WT_Cand_3995,4.475,0.444,Low-Confidence (Filtered Out)
WT_Cand_3996,6.883,0.258,Low-Confidence (Filtered Out)
WT_Cand_3997,4.461,0.313,Low-Confidence (Filtered Out)
WT_Cand_3998,6.482,0.125,High-Confidence (Std <= 0.20)
WT_Cand_3999,8.74,0.064,High-Confidence (Std <= 0.20)
WT_Cand_4000,7.265,0.056,High-Confidence (Std <= 0.20)
WT_Cand_4001,5.857,0.154,High-Confidence (Std <= 0.20)
WT_Cand_4002,6.814,0.066,High-Confidence (Std <= 0.20)
WT_Cand_4003,6.871,0.016,High-Confidence (Std <= 0.20)
WT_Cand_4004,7.394,0.231,Low-Confidence (Filtered Out)
WT_Cand_4005,5.278,0.313,Low-Confidence (Filtered Out)
WT_Cand_4006,7.531,0.084,High-Confidence (Std <= 0.20)
WT_Cand_4007,3.74,0.023,High-Confidence (Std <= 0.20)
WT_Cand_4008,6.126,0.166,High-Confidence (Std <= 0.20)
WT_Cand_4009,6.288,0.124,High-Confidence (Std <= 0.20)
WT_Cand_4010,7.578,0.1,High-Confidence (Std <= 0.20)
WT_Cand_4011,6.876,0.208,Low-Confidence (Filtered Out)
WT_Cand_4012,5.234,0.159,High-Confidence (Std <= 0.20)
WT_Cand_4013,5.717,0.201,Low-Confidence (Filtered Out)
WT_Cand_4014,7.078,0.152,High-Confidence (Std <= 0.20)
WT_Cand_4015,6.759,0.066,High-Confidence (Std <= 0.20)
WT_Cand_4016,6.184,0.061,High-Confidence (Std <= 0.20)
WT_Cand_4017,6.297,0.145,High-Confidence (Std <= 0.20)
WT_Cand_4018,7.651,0.296,Low-Confidence (Filtered Out)
WT_Cand_4019,6.255,0.156,High-Confidence (Std <= 0.20)
WT_Cand_4020,6.749,0.075,High-Confidence (Std <= 0.20)
WT_Cand_4021,9.345,0.166,High-Confidence (Std <= 0.20)
WT_Cand_4022,5.213,0.171,High-Confidence (Std <= 0.20)
WT_Cand_4023,4.72,0.067,High-Confidence (Std <= 0.20)
WT_Cand_4024,7.751,0.582,Low-Confidence (Filtered Out)
WT_Cand_4025,6.07,0.284,Low-Confidence (Filtered Out)
WT_Cand_4026,6.484,0.126,High-Confidence (Std <= 0.20)
WT_Cand_4027,5.952,0.55,Low-Confidence (Filtered Out)
WT_Cand_4028,6.551,0.191,High-Confidence (Std <= 0.20)
WT_Cand_4029,8.688,0.178,High-Confidence (Std <= 0.20)
WT_Cand_4030,7.772,0.411,Low-Confidence (Filtered Out)
WT_Cand_4031,7.842,0.285,Low-Confidence (Filtered Out)
WT_Cand_4032,5.221,0.215,Low-Confidence (Filtered Out)
WT_Cand_4033,5.526,0.097,High-Confidence (Std <= 0.20)
WT_Cand_4034,3.585,0.143,High-Confidence (Std <= 0.20)
WT_Cand_4035,5.919,0.124,High-Confidence (Std <= 0.20)
WT_Cand_4036,7.95,0.076,High-Confidence (Std <= 0.20)
WT_Cand_4037,7.444,0.723,Low-Confidence (Filtered Out)
WT_Cand_4038,6.595,0.287,Low-Confidence (Filtered Out)
WT_Cand_4039,6.824,0.119,High-Confidence (Std <= 0.20)
WT_Cand_4040,6.058,0.197,High-Confidence (Std <= 0.20)
WT_Cand_4041,7.085,0.125,High-Confidence (Std <= 0.20)
WT_Cand_4042,7.731,0.065,High-Confidence (Std <= 0.20)
WT_Cand_4043,4.992,0.015,High-Confidence (Std <= 0.20)
WT_Cand_4044,7.195,0.212,Low-Confidence (Filtered Out)
WT_Cand_4045,7.922,0.147,High-Confidence (Std <= 0.20)
WT_Cand_4046,6.373,0.351,Low-Confidence (Filtered Out)
WT_Cand_4047,7.656,0.085,High-Confidence (Std <= 0.20)
WT_Cand_4048,10.087,0.352,Low-Confidence (Filtered Out)
WT_Cand_4049,6.73,0.383,Low-Confidence (Filtered Out)
WT_Cand_4050,7.302,0.315,Low-Confidence (Filtered Out)
WT_Cand_4051,6.001,0.275,Low-Confidence (Filtered Out)
WT_Cand_4052,7.058,0.134,High-Confidence (Std <= 0.20)
WT_Cand_4053,7.379,0.347,Low-Confidence (Filtered Out)
WT_Cand_4054,7.074,0.305,Low-Confidence (Filtered Out)
WT_Cand_4055,5.677,0.161,High-Confidence (Std <= 0.20)
WT_Cand_4056,7.087,0.024,High-Confidence (Std <= 0.20)
WT_Cand_4057,8.532,0.114,High-Confidence (Std <= 0.20)
WT_Cand_4058,7.366,0.319,Low-Confidence (Filtered Out)
WT_Cand_4059,7.956,0.188,High-Confidence (Std <= 0.20)
WT_Cand_4060,6.577,0.094,High-Confidence (Std <= 0.20)
WT_Cand_4061,7.712,0.152,High-Confidence (Std <= 0.20)
WT_Cand_4062,7.171,0.16,High-Confidence (Std <= 0.20)
WT_Cand_4063,5.756,0.062,High-Confidence (Std <= 0.20)
WT_Cand_4064,7.216,0.091,High-Confidence (Std <= 0.20)
WT_Cand_4065,5.71,0.684,Low-Confidence (Filtered Out)
WT_Cand_4066,6.122,0.003,High-Confidence (Std <= 0.20)
WT_Cand_4067,7.068,0.15,High-Confidence (Std <= 0.20)
WT_Cand_4068,7.192,0.319,Low-Confidence (Filtered Out)
WT_Cand_4069,5.482,0.148,High-Confidence (Std <= 0.20)
WT_Cand_4070,8.062,0.082,High-Confidence (Std <= 0.20)
WT_Cand_4071,7.508,0.106,High-Confidence (Std <= 0.20)
WT_Cand_4072,6.04,0.562,Low-Confidence (Filtered Out)
WT_Cand_4073,5.082,0.251,Low-Confidence (Filtered Out)
WT_Cand_4074,6.683,0.238,Low-Confidence (Filtered Out)
WT_Cand_4075,6.337,0.134,High-Confidence (Std <= 0.20)
WT_Cand_4076,6.98,0.18,High-Confidence (Std <= 0.20)
WT_Cand_4077,6.432,0.052,High-Confidence (Std <= 0.20)
WT_Cand_4078,4.541,0.586,Low-Confidence (Filtered Out)
WT_Cand_4079,6.403,0.264,Low-Confidence (Filtered Out)
WT_Cand_4080,6.499,0.149,High-Confidence (Std <= 0.20)
WT_Cand_4081,7.579,0.169,High-Confidence (Std <= 0.20)
WT_Cand_4082,6.047,0.222,Low-Confidence (Filtered Out)
WT_Cand_4083,8.78,0.051,High-Confidence (Std <= 0.20)
WT_Cand_4084,4.652,0.112,High-Confidence (Std <= 0.20)
WT_Cand_4085,8.358,0.053,High-Confidence (Std <= 0.20)
WT_Cand_4086,6.592,0.263,Low-Confidence (Filtered Out)
WT_Cand_4087,7.839,0.035,High-Confidence (Std <= 0.20)
WT_Cand_4088,6.942,0.057,High-Confidence (Std <= 0.20)
WT_Cand_4089,8.16,0.29,Low-Confidence (Filtered Out)
WT_Cand_4090,6.405,0.18,High-Confidence (Std <= 0.20)
WT_Cand_4091,5.587,0.516,Low-Confidence (Filtered Out)
WT_Cand_4092,8.484,0.11,High-Confidence (Std <= 0.20)
WT_Cand_4093,6.719,0.129,High-Confidence (Std <= 0.20)
WT_Cand_4094,7.105,0.437,Low-Confidence (Filtered Out)
WT_Cand_4095,8.27,0.355,Low-Confidence (Filtered Out)
WT_Cand_4096,5.663,0.295,Low-Confidence (Filtered Out)
WT_Cand_4097,7.535,0.07,High-Confidence (Std <= 0.20)
WT_Cand_4098,6.172,0.077,High-Confidence (Std <= 0.20)
WT_Cand_4099,6.698,0.138,High-Confidence (Std <= 0.20)
WT_Cand_4100,6.933,0.135,High-Confidence (Std <= 0.20)
WT_Cand_4101,5.125,0.072,High-Confidence (Std <= 0.20)
WT_Cand_4102,5.954,0.159,High-Confidence (Std <= 0.20)
WT_Cand_4103,8.404,0.021,High-Confidence (Std <= 0.20)
WT_Cand_4104,7.869,0.373,Low-Confidence (Filtered Out)
WT_Cand_4105,6.778,0.036,High-Confidence (Std <= 0.20)
WT_Cand_4106,7.13,0.073,High-Confidence (Std <= 0.20)
WT_Cand_4107,6.512,0.167,High-Confidence (Std <= 0.20)
WT_Cand_4108,8.41,0.061,High-Confidence (Std <= 0.20)
WT_Cand_4109,6.62,0.343,Low-Confidence (Filtered Out)
WT_Cand_4110,7.117,0.123,High-Confidence (Std <= 0.20)
WT_Cand_4111,8.168,0.185,High-Confidence (Std <= 0.20)
WT_Cand_4112,5.956,0.137,High-Confidence (Std <= 0.20)
WT_Cand_4113,8.643,0.206,Low-Confidence (Filtered Out)
WT_Cand_4114,5.09,0.425,Low-Confidence (Filtered Out)
WT_Cand_4115,8.724,0.138,High-Confidence (Std <= 0.20)
WT_Cand_4116,6.421,0.241,Low-Confidence (Filtered Out)
WT_Cand_4117,6.571,0.126,High-Confidence (Std <= 0.20)
WT_Cand_4118,4.676,0.049,High-Confidence (Std <= 0.20)
WT_Cand_4119,6.327,0.186,High-Confidence (Std <= 0.20)
WT_Cand_4120,5.654,0.057,High-Confidence (Std <= 0.20)
WT_Cand_4121,6.151,0.117,High-Confidence (Std <= 0.20)
WT_Cand_4122,6.692,0.02,High-Confidence (Std <= 0.20)
WT_Cand_4123,7.951,0.172,High-Confidence (Std <= 0.20)
WT_Cand_4124,7.089,0.131,High-Confidence (Std <= 0.20)
WT_Cand_4125,7.204,0.165,High-Confidence (Std <= 0.20)
WT_Cand_4126,5.59,0.169,High-Confidence (Std <= 0.20)
WT_Cand_4127,5.837,0.22,Low-Confidence (Filtered Out)
WT_Cand_4128,8.919,0.248,Low-Confidence (Filtered Out)
WT_Cand_4129,6.005,0.749,Low-Confidence (Filtered Out)
WT_Cand_4130,8.755,0.491,Low-Confidence (Filtered Out)
WT_Cand_4131,6.57,0.243,Low-Confidence (Filtered Out)
WT_Cand_4132,6.853,0.112,High-Confidence (Std <= 0.20)
WT_Cand_4133,8.081,0.114,High-Confidence (Std <= 0.20)
WT_Cand_4134,8.313,0.008,High-Confidence (Std <= 0.20)
WT_Cand_4135,6.723,0.056,High-Confidence (Std <= 0.20)
WT_Cand_4136,6.404,0.127,High-Confidence (Std <= 0.20)
WT_Cand_4137,6.786,0.185,High-Confidence (Std <= 0.20)
WT_Cand_4138,7.239,0.977,Low-Confidence (Filtered Out)
WT_Cand_4139,7.875,0.214,Low-Confidence (Filtered Out)
WT_Cand_4140,6.855,0.251,Low-Confidence (Filtered Out)
WT_Cand_4141,7.562,0.047,High-Confidence (Std <= 0.20)
WT_Cand_4142,8.734,0.087,High-Confidence (Std <= 0.20)
WT_Cand_4143,7.289,0.128,High-Confidence (Std <= 0.20)
WT_Cand_4144,7.208,0.031,High-Confidence (Std <= 0.20)
WT_Cand_4145,5.103,0.209,Low-Confidence (Filtered Out)
WT_Cand_4146,3.825,0.073,High-Confidence (Std <= 0.20)
WT_Cand_4147,7.297,0.04,High-Confidence (Std <= 0.20)
WT_Cand_4148,6.741,0.299,Low-Confidence (Filtered Out)
WT_Cand_4149,6.258,0.129,High-Confidence (Std <= 0.20)
WT_Cand_4150,7.13,0.193,High-Confidence (Std <= 0.20)
WT_Cand_4151,6.781,0.041,High-Confidence (Std <= 0.20)
WT_Cand_4152,8.147,0.274,Low-Confidence (Filtered Out)
WT_Cand_4153,6.949,0.227,Low-Confidence (Filtered Out)
WT_Cand_4154,5.991,0.159,High-Confidence (Std <= 0.20)
WT_Cand_4155,7.989,0.268,Low-Confidence (Filtered Out)
WT_Cand_4156,6.6,0.087,High-Confidence (Std <= 0.20)
WT_Cand_4157,7.456,0.106,High-Confidence (Std <= 0.20)
WT_Cand_4158,6.301,0.102,High-Confidence (Std <= 0.20)
WT_Cand_4159,6.103,0.023,High-Confidence (Std <= 0.20)
WT_Cand_4160,6.947,0.123,High-Confidence (Std <= 0.20)
WT_Cand_4161,6.865,0.148,High-Confidence (Std <= 0.20)
WT_Cand_4162,7.402,0.081,High-Confidence (Std <= 0.20)
WT_Cand_4163,6.541,0.129,High-Confidence (Std <= 0.20)
WT_Cand_4164,4.738,0.137,High-Confidence (Std <= 0.20)
WT_Cand_4165,6.352,0.255,Low-Confidence (Filtered Out)
WT_Cand_4166,7.763,0.266,Low-Confidence (Filtered Out)
WT_Cand_4167,6.508,0.448,Low-Confidence (Filtered Out)
WT_Cand_4168,6.567,0.088,High-Confidence (Std <= 0.20)
WT_Cand_4169,7.984,0.36,Low-Confidence (Filtered Out)
WT_Cand_4170,6.031,0.313,Low-Confidence (Filtered Out)
WT_Cand_4171,5.076,0.036,High-Confidence (Std <= 0.20)
WT_Cand_4172,6.665,0.332,Low-Confidence (Filtered Out)
WT_Cand_4173,6.293,0.036,High-Confidence (Std <= 0.20)
WT_Cand_4174,5.739,0.163,High-Confidence (Std <= 0.20)
WT_Cand_4175,6.648,0.379,Low-Confidence (Filtered Out)
WT_Cand_4176,7.415,0.009,High-Confidence (Std <= 0.20)
WT_Cand_4177,6.839,0.235,Low-Confidence (Filtered Out)
WT_Cand_4178,7.203,0.041,High-Confidence (Std <= 0.20)
WT_Cand_4179,8.935,0.457,Low-Confidence (Filtered Out)
WT_Cand_4180,6.456,0.305,Low-Confidence (Filtered Out)
WT_Cand_4181,7.17,0.027,High-Confidence (Std <= 0.20)
WT_Cand_4182,6.264,0.094,High-Confidence (Std <= 0.20)
WT_Cand_4183,5.877,0.401,Low-Confidence (Filtered Out)
WT_Cand_4184,6.177,0.198,High-Confidence (Std <= 0.20)
WT_Cand_4185,6.299,0.262,Low-Confidence (Filtered Out)
WT_Cand_4186,7.263,0.106,High-Confidence (Std <= 0.20)
WT_Cand_4187,9.551,0.316,Low-Confidence (Filtered Out)
WT_Cand_4188,6.027,0.538,Low-Confidence (Filtered Out)
WT_Cand_4189,6.371,0.049,High-Confidence (Std <= 0.20)
WT_Cand_4190,6.777,0.1,High-Confidence (Std <= 0.20)
WT_Cand_4191,7.305,0.198,High-Confidence (Std <= 0.20)
WT_Cand_4192,7.153,0.126,High-Confidence (Std <= 0.20)
WT_Cand_4193,8.327,0.194,High-Confidence (Std <= 0.20)
WT_Cand_4194,4.06,0.229,Low-Confidence (Filtered Out)
WT_Cand_4195,4.105,0.127,High-Confidence (Std <= 0.20)
WT_Cand_4196,6.28,0.084,High-Confidence (Std <= 0.20)
WT_Cand_4197,8.112,0.163,High-Confidence (Std <= 0.20)
WT_Cand_4198,5.05,0.034,High-Confidence (Std <= 0.20)
WT_Cand_4199,3.391,0.075,High-Confidence (Std <= 0.20)
WT_Cand_4200,7.507,0.11,High-Confidence (Std <= 0.20)
WT_Cand_4201,7.13,0.151,High-Confidence (Std <= 0.20)
WT_Cand_4202,5.596,0.431,Low-Confidence (Filtered Out)
WT_Cand_4203,5.717,0.018,High-Confidence (Std <= 0.20)
WT_Cand_4204,5.735,0.156,High-Confidence (Std <= 0.20)
WT_Cand_4205,6.977,0.262,Low-Confidence (Filtered Out)
WT_Cand_4206,6.13,0.12,High-Confidence (Std <= 0.20)
WT_Cand_4207,7.418,0.087,High-Confidence (Std <= 0.20)
WT_Cand_4208,3.567,0.137,High-Confidence (Std <= 0.20)
WT_Cand_4209,5.865,0.089,High-Confidence (Std <= 0.20)
WT_Cand_4210,5.555,0.052,High-Confidence (Std <= 0.20)
WT_Cand_4211,6.555,0.067,High-Confidence (Std <= 0.20)
WT_Cand_4212,6.231,0.068,High-Confidence (Std <= 0.20)
WT_Cand_4213,7.768,0.744,Low-Confidence (Filtered Out)
WT_Cand_4214,4.712,0.179,High-Confidence (Std <= 0.20)
WT_Cand_4215,6.902,0.13,High-Confidence (Std <= 0.20)
WT_Cand_4216,7.492,0.055,High-Confidence (Std <= 0.20)
WT_Cand_4217,8.985,0.488,Low-Confidence (Filtered Out)
WT_Cand_4218,6.296,0.25,Low-Confidence (Filtered Out)
WT_Cand_4219,7.223,0.276,Low-Confidence (Filtered Out)
WT_Cand_4220,4.776,0.438,Low-Confidence (Filtered Out)
WT_Cand_4221,4.099,0.09,High-Confidence (Std <= 0.20)
WT_Cand_4222,7.821,0.447,Low-Confidence (Filtered Out)
WT_Cand_4223,6.844,0.193,High-Confidence (Std <= 0.20)
WT_Cand_4224,8.205,0.348,Low-Confidence (Filtered Out)
WT_Cand_4225,5.271,0.151,High-Confidence (Std <= 0.20)
WT_Cand_4226,7.448,0.092,High-Confidence (Std <= 0.20)
WT_Cand_4227,8.999,0.273,Low-Confidence (Filtered Out)
WT_Cand_4228,7.333,0.046,High-Confidence (Std <= 0.20)
WT_Cand_4229,7.168,0.248,Low-Confidence (Filtered Out)
WT_Cand_4230,6.86,0.025,High-Confidence (Std <= 0.20)
WT_Cand_4231,5.043,0.063,High-Confidence (Std <= 0.20)
WT_Cand_4232,8.409,0.124,High-Confidence (Std <= 0.20)
WT_Cand_4233,6.148,0.284,Low-Confidence (Filtered Out)
WT_Cand_4234,7.43,0.072,High-Confidence (Std <= 0.20)
WT_Cand_4235,5.053,0.216,Low-Confidence (Filtered Out)
WT_Cand_4236,5.494,0.129,High-Confidence (Std <= 0.20)
WT_Cand_4237,8.5,0.334,Low-Confidence (Filtered Out)
WT_Cand_4238,6.451,0.056,High-Confidence (Std <= 0.20)
WT_Cand_4239,8.521,0.107,High-Confidence (Std <= 0.20)
WT_Cand_4240,6.76,0.39,Low-Confidence (Filtered Out)
WT_Cand_4241,4.732,0.05,High-Confidence (Std <= 0.20)
WT_Cand_4242,7.876,0.24,Low-Confidence (Filtered Out)
WT_Cand_4243,6.172,0.014,High-Confidence (Std <= 0.20)
WT_Cand_4244,7.653,0.416,Low-Confidence (Filtered Out)
WT_Cand_4245,6.879,0.064,High-Confidence (Std <= 0.20)
WT_Cand_4246,5.075,0.071,High-Confidence (Std <= 0.20)
WT_Cand_4247,7.039,0.033,High-Confidence (Std <= 0.20)
WT_Cand_4248,9.376,0.226,Low-Confidence (Filtered Out)
WT_Cand_4249,7.417,0.165,High-Confidence (Std <= 0.20)
WT_Cand_4250,6.784,0.053,High-Confidence (Std <= 0.20)
WT_Cand_4251,8.087,0.14,High-Confidence (Std <= 0.20)
WT_Cand_4252,7.092,0.691,Low-Confidence (Filtered Out)
WT_Cand_4253,7.091,0.328,Low-Confidence (Filtered Out)
WT_Cand_4254,5.595,0.387,Low-Confidence (Filtered Out)
WT_Cand_4255,7.119,0.069,High-Confidence (Std <= 0.20)
WT_Cand_4256,8.041,0.058,High-Confidence (Std <= 0.20)
WT_Cand_4257,5.889,0.018,High-Confidence (Std <= 0.20)
WT_Cand_4258,8.488,0.189,High-Confidence (Std <= 0.20)
WT_Cand_4259,6.745,0.11,High-Confidence (Std <= 0.20)
WT_Cand_4260,5.829,0.411,Low-Confidence (Filtered Out)
WT_Cand_4261,7.997,0.388,Low-Confidence (Filtered Out)
WT_Cand_4262,6.52,0.222,Low-Confidence (Filtered Out)
WT_Cand_4263,7.723,0.038,High-Confidence (Std <= 0.20)
WT_Cand_4264,6.514,0.034,High-Confidence (Std <= 0.20)
WT_Cand_4265,6.781,0.007,High-Confidence (Std <= 0.20)
WT_Cand_4266,7.418,0.055,High-Confidence (Std <= 0.20)
WT_Cand_4267,7.185,0.038,High-Confidence (Std <= 0.20)
WT_Cand_4268,4.555,0.235,Low-Confidence (Filtered Out)
WT_Cand_4269,5.561,0.104,High-Confidence (Std <= 0.20)
WT_Cand_4270,7.919,0.083,High-Confidence (Std <= 0.20)
WT_Cand_4271,6.698,0.129,High-Confidence (Std <= 0.20)
WT_Cand_4272,6.248,0.149,High-Confidence (Std <= 0.20)
WT_Cand_4273,5.288,0.076,High-Confidence (Std <= 0.20)
WT_Cand_4274,5.608,0.108,High-Confidence (Std <= 0.20)
WT_Cand_4275,4.525,0.254,Low-Confidence (Filtered Out)
WT_Cand_4276,6.734,0.293,Low-Confidence (Filtered Out)
WT_Cand_4277,6.162,0.037,High-Confidence (Std <= 0.20)
WT_Cand_4278,5.738,0.119,High-Confidence (Std <= 0.20)
WT_Cand_4279,6.772,0.445,Low-Confidence (Filtered Out)
WT_Cand_4280,7.269,0.453,Low-Confidence (Filtered Out)
WT_Cand_4281,9.257,0.412,Low-Confidence (Filtered Out)
WT_Cand_4282,5.111,0.203,Low-Confidence (Filtered Out)
WT_Cand_4283,8.183,0.113,High-Confidence (Std <= 0.20)
WT_Cand_4284,7.969,0.009,High-Confidence (Std <= 0.20)
WT_Cand_4285,5.954,0.048,High-Confidence (Std <= 0.20)
WT_Cand_4286,7.084,0.132,High-Confidence (Std <= 0.20)
WT_Cand_4287,6.324,0.262,Low-Confidence (Filtered Out)
WT_Cand_4288,7.064,0.219,Low-Confidence (Filtered Out)
WT_Cand_4289,8.586,0.034,High-Confidence (Std <= 0.20)
WT_Cand_4290,7.546,0.089,High-Confidence (Std <= 0.20)
WT_Cand_4291,7.435,0.426,Low-Confidence (Filtered Out)
WT_Cand_4292,6.355,0.118,High-Confidence (Std <= 0.20)
WT_Cand_4293,5.143,0.221,Low-Confidence (Filtered Out)
WT_Cand_4294,6.61,0.094,High-Confidence (Std <= 0.20)
WT_Cand_4295,8.238,0.017,High-Confidence (Std <= 0.20)
WT_Cand_4296,5.094,0.172,High-Confidence (Std <= 0.20)
WT_Cand_4297,5.637,0.114,High-Confidence (Std <= 0.20)
WT_Cand_4298,6.995,0.123,High-Confidence (Std <= 0.20)
WT_Cand_4299,5.718,0.152,High-Confidence (Std <= 0.20)
WT_Cand_4300,5.939,0.052,High-Confidence (Std <= 0.20)
WT_Cand_4301,6.363,0.145,High-Confidence (Std <= 0.20)
WT_Cand_4302,5.28,0.055,High-Confidence (Std <= 0.20)
WT_Cand_4303,5.73,0.222,Low-Confidence (Filtered Out)
WT_Cand_4304,7.659,1.082,Low-Confidence (Filtered Out)
WT_Cand_4305,5.347,0.07,High-Confidence (Std <= 0.20)
WT_Cand_4306,5.012,0.43,Low-Confidence (Filtered Out)
WT_Cand_4307,6.125,0.132,High-Confidence (Std <= 0.20)
WT_Cand_4308,7.692,0.151,High-Confidence (Std <= 0.20)
WT_Cand_4309,6.624,0.118,High-Confidence (Std <= 0.20)
WT_Cand_4310,6.316,0.068,High-Confidence (Std <= 0.20)
WT_Cand_4311,6.901,0.086,High-Confidence (Std <= 0.20)
WT_Cand_4312,4.842,0.543,Low-Confidence (Filtered Out)
WT_Cand_4313,7.419,0.052,High-Confidence (Std <= 0.20)
WT_Cand_4314,7.291,0.313,Low-Confidence (Filtered Out)
WT_Cand_4315,6.379,0.099,High-Confidence (Std <= 0.20)
WT_Cand_4316,8.007,0.013,High-Confidence (Std <= 0.20)
WT_Cand_4317,5.553,0.144,High-Confidence (Std <= 0.20)
WT_Cand_4318,8.147,0.708,Low-Confidence (Filtered Out)
WT_Cand_4319,7.028,0.274,Low-Confidence (Filtered Out)
WT_Cand_4320,6.463,0.003,High-Confidence (Std <= 0.20)
WT_Cand_4321,6.827,0.253,Low-Confidence (Filtered Out)
WT_Cand_4322,6.727,0.109,High-Confidence (Std <= 0.20)
WT_Cand_4323,8.253,0.039,High-Confidence (Std <= 0.20)
WT_Cand_4324,5.612,0.094,High-Confidence (Std <= 0.20)
WT_Cand_4325,5.973,0.042,High-Confidence (Std <= 0.20)
WT_Cand_4326,8.042,0.014,High-Confidence (Std <= 0.20)
WT_Cand_4327,6.165,0.062,High-Confidence (Std <= 0.20)
WT_Cand_4328,7.886,0.078,High-Confidence (Std <= 0.20)
WT_Cand_4329,8.804,0.075,High-Confidence (Std <= 0.20)
WT_Cand_4330,6.388,0.092,High-Confidence (Std <= 0.20)
WT_Cand_4331,7.634,0.07,High-Confidence (Std <= 0.20)
WT_Cand_4332,5.523,0.137,High-Confidence (Std <= 0.20)
WT_Cand_4333,7.718,0.422,Low-Confidence (Filtered Out)
WT_Cand_4334,7.079,0.017,High-Confidence (Std <= 0.20)
WT_Cand_4335,7.394,0.192,High-Confidence (Std <= 0.20)
WT_Cand_4336,6.108,0.191,High-Confidence (Std <= 0.20)
WT_Cand_4337,4.94,0.043,High-Confidence (Std <= 0.20)
WT_Cand_4338,7.429,0.353,Low-Confidence (Filtered Out)
WT_Cand_4339,4.477,0.018,High-Confidence (Std <= 0.20)
WT_Cand_4340,6.485,0.254,Low-Confidence (Filtered Out)
WT_Cand_4341,7.932,0.152,High-Confidence (Std <= 0.20)
WT_Cand_4342,7.071,0.041,High-Confidence (Std <= 0.20)
WT_Cand_4343,9.091,0.429,Low-Confidence (Filtered Out)
WT_Cand_4344,8.029,0.016,High-Confidence (Std <= 0.20)
WT_Cand_4345,6.098,0.366,Low-Confidence (Filtered Out)
WT_Cand_4346,6.881,0.071,High-Confidence (Std <= 0.20)
WT_Cand_4347,6.796,0.109,High-Confidence (Std <= 0.20)
WT_Cand_4348,5.03,0.038,High-Confidence (Std <= 0.20)
WT_Cand_4349,5.769,0.077,High-Confidence (Std <= 0.20)
WT_Cand_4350,6.205,0.285,Low-Confidence (Filtered Out)
WT_Cand_4351,4.508,0.184,High-Confidence (Std <= 0.20)
WT_Cand_4352,6.905,0.512,Low-Confidence (Filtered Out)
WT_Cand_4353,6.564,0.047,High-Confidence (Std <= 0.20)
WT_Cand_4354,4.926,0.095,High-Confidence (Std <= 0.20)
WT_Cand_4355,7.315,0.196,High-Confidence (Std <= 0.20)
WT_Cand_4356,7.673,0.197,High-Confidence (Std <= 0.20)
WT_Cand_4357,7.111,0.103,High-Confidence (Std <= 0.20)
WT_Cand_4358,6.477,0.033,High-Confidence (Std <= 0.20)
WT_Cand_4359,7.53,0.378,Low-Confidence (Filtered Out)
WT_Cand_4360,7.632,0.047,High-Confidence (Std <= 0.20)
WT_Cand_4361,7.204,0.073,High-Confidence (Std <= 0.20)
WT_Cand_4362,5.902,0.104,High-Confidence (Std <= 0.20)
WT_Cand_4363,7.168,0.18,High-Confidence (Std <= 0.20)
WT_Cand_4364,8.225,0.041,High-Confidence (Std <= 0.20)
WT_Cand_4365,6.164,0.1,High-Confidence (Std <= 0.20)
WT_Cand_4366,9.263,0.27,Low-Confidence (Filtered Out)
WT_Cand_4367,6.246,0.453,Low-Confidence (Filtered Out)
WT_Cand_4368,6.887,0.061,High-Confidence (Std <= 0.20)
WT_Cand_4369,6.077,0.015,High-Confidence (Std <= 0.20)
WT_Cand_4370,7.107,0.192,High-Confidence (Std <= 0.20)
WT_Cand_4371,4.846,0.022,High-Confidence (Std <= 0.20)
WT_Cand_4372,6.222,0.171,High-Confidence (Std <= 0.20)
WT_Cand_4373,5.594,0.112,High-Confidence (Std <= 0.20)
WT_Cand_4374,7.006,0.105,High-Confidence (Std <= 0.20)
WT_Cand_4375,7.994,0.044,High-Confidence (Std <= 0.20)
WT_Cand_4376,7.593,0.524,Low-Confidence (Filtered Out)
WT_Cand_4377,4.123,0.089,High-Confidence (Std <= 0.20)
WT_Cand_4378,9.198,0.248,Low-Confidence (Filtered Out)
WT_Cand_4379,7.19,0.147,High-Confidence (Std <= 0.20)
WT_Cand_4380,5.957,0.22,Low-Confidence (Filtered Out)
WT_Cand_4381,7.031,0.413,Low-Confidence (Filtered Out)
WT_Cand_4382,7.053,0.044,High-Confidence (Std <= 0.20)
WT_Cand_4383,6.083,0.057,High-Confidence (Std <= 0.20)
WT_Cand_4384,7.078,0.08,High-Confidence (Std <= 0.20)
WT_Cand_4385,6.151,0.407,Low-Confidence (Filtered Out)
WT_Cand_4386,6.385,0.264,Low-Confidence (Filtered Out)
WT_Cand_4387,6.061,0.116,High-Confidence (Std <= 0.20)
WT_Cand_4388,5.202,0.1,High-Confidence (Std <= 0.20)
WT_Cand_4389,7.018,0.084,High-Confidence (Std <= 0.20)
WT_Cand_4390,7.523,0.19,High-Confidence (Std <= 0.20)
WT_Cand_4391,7.442,0.391,Low-Confidence (Filtered Out)
WT_Cand_4392,7.793,0.203,Low-Confidence (Filtered Out)
WT_Cand_4393,7.223,0.138,High-Confidence (Std <= 0.20)
WT_Cand_4394,6.237,0.229,Low-Confidence (Filtered Out)
WT_Cand_4395,7.816,0.07,High-Confidence (Std <= 0.20)
WT_Cand_4396,5.289,0.448,Low-Confidence (Filtered Out)
WT_Cand_4397,5.814,0.447,Low-Confidence (Filtered Out)
WT_Cand_4398,5.741,0.131,High-Confidence (Std <= 0.20)
WT_Cand_4399,8.092,0.064,High-Confidence (Std <= 0.20)
WT_Cand_4400,7.934,0.064,High-Confidence (Std <= 0.20)
WT_Cand_4401,7.41,0.097,High-Confidence (Std <= 0.20)
WT_Cand_4402,8.083,0.177,High-Confidence (Std <= 0.20)
WT_Cand_4403,5.839,0.012,High-Confidence (Std <= 0.20)
WT_Cand_4404,7.251,0.112,High-Confidence (Std <= 0.20)
WT_Cand_4405,6.706,0.276,Low-Confidence (Filtered Out)
WT_Cand_4406,7.824,0.091,High-Confidence (Std <= 0.20)
WT_Cand_4407,6.717,0.055,High-Confidence (Std <= 0.20)
WT_Cand_4408,6.407,0.165,High-Confidence (Std <= 0.20)
WT_Cand_4409,7.472,0.114,High-Confidence (Std <= 0.20)
WT_Cand_4410,7.858,0.228,Low-Confidence (Filtered Out)
WT_Cand_4411,6.081,0.034,High-Confidence (Std <= 0.20)
WT_Cand_4412,6.78,0.17,High-Confidence (Std <= 0.20)
WT_Cand_4413,5.633,0.391,Low-Confidence (Filtered Out)
WT_Cand_4414,3.977,0.176,High-Confidence (Std <= 0.20)
WT_Cand_4415,7.081,0.062,High-Confidence (Std <= 0.20)
WT_Cand_4416,7.55,0.004,High-Confidence (Std <= 0.20)
WT_Cand_4417,7.151,0.049,High-Confidence (Std <= 0.20)
WT_Cand_4418,4.608,0.102,High-Confidence (Std <= 0.20)
WT_Cand_4419,6.447,0.017,High-Confidence (Std <= 0.20)
WT_Cand_4420,4.299,0.126,High-Confidence (Std <= 0.20)
WT_Cand_4421,8.425,0.1,High-Confidence (Std <= 0.20)
WT_Cand_4422,5.601,0.209,Low-Confidence (Filtered Out)
WT_Cand_4423,8.294,0.25,Low-Confidence (Filtered Out)
WT_Cand_4424,7.938,0.477,Low-Confidence (Filtered Out)
WT_Cand_4425,5.814,0.106,High-Confidence (Std <= 0.20)
WT_Cand_4426,5.547,0.031,High-Confidence (Std <= 0.20)
WT_Cand_4427,7.253,0.039,High-Confidence (Std <= 0.20)
WT_Cand_4428,5.879,0.353,Low-Confidence (Filtered Out)
WT_Cand_4429,6.968,0.146,High-Confidence (Std <= 0.20)
WT_Cand_4430,6.295,0.115,High-Confidence (Std <= 0.20)
WT_Cand_4431,4.802,0.305,Low-Confidence (Filtered Out)
WT_Cand_4432,4.285,0.067,High-Confidence (Std <= 0.20)
WT_Cand_4433,7.111,0.411,Low-Confidence (Filtered Out)
WT_Cand_4434,6.204,0.077,High-Confidence (Std <= 0.20)
WT_Cand_4435,6.214,0.281,Low-Confidence (Filtered Out)
WT_Cand_4436,7.65,0.141,High-Confidence (Std <= 0.20)
WT_Cand_4437,8.199,0.156,High-Confidence (Std <= 0.20)
WT_Cand_4438,6.537,0.105,High-Confidence (Std <= 0.20)
WT_Cand_4439,6.458,0.407,Low-Confidence (Filtered Out)
WT_Cand_4440,7.425,0.056,High-Confidence (Std <= 0.20)
WT_Cand_4441,5.29,0.32,Low-Confidence (Filtered Out)
WT_Cand_4442,7.107,0.045,High-Confidence (Std <= 0.20)
WT_Cand_4443,7.485,0.011,High-Confidence (Std <= 0.20)
WT_Cand_4444,7.632,0.204,Low-Confidence (Filtered Out)
WT_Cand_4445,4.623,0.123,High-Confidence (Std <= 0.20)
WT_Cand_4446,5.974,0.135,High-Confidence (Std <= 0.20)
WT_Cand_4447,5.84,0.024,High-Confidence (Std <= 0.20)
WT_Cand_4448,6.965,0.123,High-Confidence (Std <= 0.20)
WT_Cand_4449,7.403,0.071,High-Confidence (Std <= 0.20)
WT_Cand_4450,8.571,0.558,Low-Confidence (Filtered Out)
WT_Cand_4451,6.281,0.23,Low-Confidence (Filtered Out)
WT_Cand_4452,6.278,0.143,High-Confidence (Std <= 0.20)
WT_Cand_4453,8.172,0.288,Low-Confidence (Filtered Out)
WT_Cand_4454,7.191,0.097,High-Confidence (Std <= 0.20)
WT_Cand_4455,8.308,0.15,High-Confidence (Std <= 0.20)
WT_Cand_4456,7.182,0.093,High-Confidence (Std <= 0.20)
WT_Cand_4457,5.519,0.074,High-Confidence (Std <= 0.20)
WT_Cand_4458,5.317,0.175,High-Confidence (Std <= 0.20)
WT_Cand_4459,5.066,0.287,Low-Confidence (Filtered Out)
WT_Cand_4460,7.611,0.13,High-Confidence (Std <= 0.20)
WT_Cand_4461,8.217,0.054,High-Confidence (Std <= 0.20)
WT_Cand_4462,8.977,0.108,High-Confidence (Std <= 0.20)
WT_Cand_4463,7.82,0.072,High-Confidence (Std <= 0.20)
WT_Cand_4464,8.187,0.095,High-Confidence (Std <= 0.20)
WT_Cand_4465,6.183,0.077,High-Confidence (Std <= 0.20)
WT_Cand_4466,5.52,0.233,Low-Confidence (Filtered Out)
WT_Cand_4467,7.828,0.66,Low-Confidence (Filtered Out)
WT_Cand_4468,7.33,0.091,High-Confidence (Std <= 0.20)
WT_Cand_4469,6.974,0.143,High-Confidence (Std <= 0.20)
WT_Cand_4470,7.295,0.078,High-Confidence (Std <= 0.20)
WT_Cand_4471,7.222,0.064,High-Confidence (Std <= 0.20)
WT_Cand_4472,8.326,0.078,High-Confidence (Std <= 0.20)
WT_Cand_4473,8.339,0.006,High-Confidence (Std <= 0.20)
WT_Cand_4474,7.476,0.23,Low-Confidence (Filtered Out)
WT_Cand_4475,7.823,0.028,High-Confidence (Std <= 0.20)
WT_Cand_4476,7.441,0.197,High-Confidence (Std <= 0.20)
WT_Cand_4477,6.32,0.134,High-Confidence (Std <= 0.20)
WT_Cand_4478,7.72,0.119,High-Confidence (Std <= 0.20)
WT_Cand_4479,5.246,0.238,Low-Confidence (Filtered Out)
WT_Cand_4480,8.062,0.185,High-Confidence (Std <= 0.20)
WT_Cand_4481,5.476,0.226,Low-Confidence (Filtered Out)
WT_Cand_4482,7.179,0.221,Low-Confidence (Filtered Out)
WT_Cand_4483,5.878,0.22,Low-Confidence (Filtered Out)
WT_Cand_4484,7.486,0.159,High-Confidence (Std <= 0.20)
WT_Cand_4485,6.811,0.441,Low-Confidence (Filtered Out)
WT_Cand_4486,5.016,0.155,High-Confidence (Std <= 0.20)
WT_Cand_4487,7.334,0.604,Low-Confidence (Filtered Out)
WT_Cand_4488,6.185,0.066,High-Confidence (Std <= 0.20)
WT_Cand_4489,7.863,0.039,High-Confidence (Std <= 0.20)
WT_Cand_4490,6.852,0.239,Low-Confidence (Filtered Out)
WT_Cand_4491,7.305,0.006,High-Confidence (Std <= 0.20)
WT_Cand_4492,5.749,0.258,Low-Confidence (Filtered Out)
WT_Cand_4493,6.172,0.021,High-Confidence (Std <= 0.20)
WT_Cand_4494,6.323,0.121,High-Confidence (Std <= 0.20)
WT_Cand_4495,7.835,0.257,Low-Confidence (Filtered Out)
WT_Cand_4496,8.779,0.024,High-Confidence (Std <= 0.20)
WT_Cand_4497,5.924,0.109,High-Confidence (Std <= 0.20)
WT_Cand_4498,8.088,0.275,Low-Confidence (Filtered Out)
WT_Cand_4499,4.355,0.008,High-Confidence (Std <= 0.20)
WT_Cand_4500,5.477,0.161,High-Confidence (Std <= 0.20)
WT_Cand_4501,5.747,0.078,High-Confidence (Std <= 0.20)
WT_Cand_4502,5.295,0.358,Low-Confidence (Filtered Out)
WT_Cand_4503,5.029,0.092,High-Confidence (Std <= 0.20)
WT_Cand_4504,7.325,0.669,Low-Confidence (Filtered Out)
WT_Cand_4505,6.604,0.142,High-Confidence (Std <= 0.20)
WT_Cand_4506,7.286,0.127,High-Confidence (Std <= 0.20)
WT_Cand_4507,7.644,0.072,High-Confidence (Std <= 0.20)
WT_Cand_4508,7.155,0.096,High-Confidence (Std <= 0.20)
WT_Cand_4509,7.606,0.244,Low-Confidence (Filtered Out)
WT_Cand_4510,6.77,0.104,High-Confidence (Std <= 0.20)
WT_Cand_4511,5.485,0.069,High-Confidence (Std <= 0.20)
WT_Cand_4512,8.066,0.028,High-Confidence (Std <= 0.20)
WT_Cand_4513,6.173,0.086,High-Confidence (Std <= 0.20)
WT_Cand_4514,5.774,0.233,Low-Confidence (Filtered Out)
WT_Cand_4515,6.645,0.067,High-Confidence (Std <= 0.20)
WT_Cand_4516,5.8,0.864,Low-Confidence (Filtered Out)
WT_Cand_4517,6.37,0.407,Low-Confidence (Filtered Out)
WT_Cand_4518,7.246,0.007,High-Confidence (Std <= 0.20)
WT_Cand_4519,7.251,0.1,High-Confidence (Std <= 0.20)
WT_Cand_4520,5.817,0.082,High-Confidence (Std <= 0.20)
WT_Cand_4521,6.289,0.014,High-Confidence (Std <= 0.20)
WT_Cand_4522,8.085,0.085,High-Confidence (Std <= 0.20)
WT_Cand_4523,7.421,0.085,High-Confidence (Std <= 0.20)
WT_Cand_4524,9.236,0.253,Low-Confidence (Filtered Out)
WT_Cand_4525,8.207,0.304,Low-Confidence (Filtered Out)
WT_Cand_4526,8.166,0.259,Low-Confidence (Filtered Out)
WT_Cand_4527,5.254,0.398,Low-Confidence (Filtered Out)
WT_Cand_4528,7.728,0.14,High-Confidence (Std <= 0.20)
WT_Cand_4529,6.789,0.14,High-Confidence (Std <= 0.20)
WT_Cand_4530,6.216,0.24,Low-Confidence (Filtered Out)
WT_Cand_4531,7.043,0.086,High-Confidence (Std <= 0.20)
WT_Cand_4532,7.937,0.167,High-Confidence (Std <= 0.20)
WT_Cand_4533,7.426,0.16,High-Confidence (Std <= 0.20)
WT_Cand_4534,5.84,0.189,High-Confidence (Std <= 0.20)
WT_Cand_4535,7.704,0.319,Low-Confidence (Filtered Out)
WT_Cand_4536,6.117,0.058,High-Confidence (Std <= 0.20)
WT_Cand_4537,7.099,0.061,High-Confidence (Std <= 0.20)
WT_Cand_4538,6.501,0.618,Low-Confidence (Filtered Out)
WT_Cand_4539,6.598,0.058,High-Confidence (Std <= 0.20)
WT_Cand_4540,7.731,0.091,High-Confidence (Std <= 0.20)
WT_Cand_4541,5.654,0.205,Low-Confidence (Filtered Out)
WT_Cand_4542,9.087,0.01,High-Confidence (Std <= 0.20)
WT_Cand_4543,4.756,0.078,High-Confidence (Std <= 0.20)
WT_Cand_4544,6.163,0.038,High-Confidence (Std <= 0.20)
WT_Cand_4545,7.276,0.026,High-Confidence (Std <= 0.20)
WT_Cand_4546,7.522,0.314,Low-Confidence (Filtered Out)
WT_Cand_4547,6.734,0.26,Low-Confidence (Filtered Out)
WT_Cand_4548,6.784,0.048,High-Confidence (Std <= 0.20)
WT_Cand_4549,7.322,0.325,Low-Confidence (Filtered Out)
WT_Cand_4550,6.584,0.343,Low-Confidence (Filtered Out)
WT_Cand_4551,8.452,0.398,Low-Confidence (Filtered Out)
WT_Cand_4552,7.815,0.349,Low-Confidence (Filtered Out)
WT_Cand_4553,7.854,0.17,High-Confidence (Std <= 0.20)
WT_Cand_4554,5.739,0.088,High-Confidence (Std <= 0.20)
WT_Cand_4555,6.759,0.259,Low-Confidence (Filtered Out)
WT_Cand_4556,6.504,0.096,High-Confidence (Std <= 0.20)
WT_Cand_4557,5.694,0.177,High-Confidence (Std <= 0.20)
WT_Cand_4558,7.264,0.085,High-Confidence (Std <= 0.20)
WT_Cand_4559,6.232,0.127,High-Confidence (Std <= 0.20)
WT_Cand_4560,7.604,0.036,High-Confidence (Std <= 0.20)
WT_Cand_4561,5.619,0.245,Low-Confidence (Filtered Out)
WT_Cand_4562,8.827,0.187,High-Confidence (Std <= 0.20)
WT_Cand_4563,5.819,0.023,High-Confidence (Std <= 0.20)
WT_Cand_4564,7.102,0.097,High-Confidence (Std <= 0.20)
WT_Cand_4565,7.761,0.285,Low-Confidence (Filtered Out)
WT_Cand_4566,6.194,0.048,High-Confidence (Std <= 0.20)
WT_Cand_4567,7.83,0.05,High-Confidence (Std <= 0.20)
WT_Cand_4568,5.436,0.108,High-Confidence (Std <= 0.20)
WT_Cand_4569,8.52,0.068,High-Confidence (Std <= 0.20)
WT_Cand_4570,6.866,0.451,Low-Confidence (Filtered Out)
WT_Cand_4571,6.164,0.068,High-Confidence (Std <= 0.20)
WT_Cand_4572,6.506,0.078,High-Confidence (Std <= 0.20)
WT_Cand_4573,7.78,0.003,High-Confidence (Std <= 0.20)
WT_Cand_4574,6.178,0.104,High-Confidence (Std <= 0.20)
WT_Cand_4575,5.988,0.255,Low-Confidence (Filtered Out)
WT_Cand_4576,6.595,0.237,Low-Confidence (Filtered Out)
WT_Cand_4577,5.496,0.247,Low-Confidence (Filtered Out)
WT_Cand_4578,8.944,0.223,Low-Confidence (Filtered Out)
WT_Cand_4579,6.199,0.516,Low-Confidence (Filtered Out)
WT_Cand_4580,7.806,0.174,High-Confidence (Std <= 0.20)
WT_Cand_4581,7.091,0.076,High-Confidence (Std <= 0.20)
WT_Cand_4582,5.718,0.082,High-Confidence (Std <= 0.20)
WT_Cand_4583,6.843,0.1,High-Confidence (Std <= 0.20)
WT_Cand_4584,7.752,0.06,High-Confidence (Std <= 0.20)
WT_Cand_4585,6.633,0.189,High-Confidence (Std <= 0.20)
WT_Cand_4586,8.222,0.088,High-Confidence (Std <= 0.20)
WT_Cand_4587,8.025,0.336,Low-Confidence (Filtered Out)
WT_Cand_4588,7.907,0.035,High-Confidence (Std <= 0.20)
WT_Cand_4589,6.321,0.01,High-Confidence (Std <= 0.20)
WT_Cand_4590,5.608,0.084,High-Confidence (Std <= 0.20)
WT_Cand_4591,6.144,0.012,High-Confidence (Std <= 0.20)
WT_Cand_4592,7.076,0.054,High-Confidence (Std <= 0.20)
WT_Cand_4593,7.478,0.156,High-Confidence (Std <= 0.20)
WT_Cand_4594,4.353,0.019,High-Confidence (Std <= 0.20)
WT_Cand_4595,6.841,0.144,High-Confidence (Std <= 0.20)
WT_Cand_4596,7.032,0.07,High-Confidence (Std <= 0.20)
WT_Cand_4597,6.531,0.221,Low-Confidence (Filtered Out)
WT_Cand_4598,8.335,0.025,High-Confidence (Std <= 0.20)
WT_Cand_4599,7.335,0.07,High-Confidence (Std <= 0.20)
WT_Cand_4600,8.357,0.059,High-Confidence (Std <= 0.20)
WT_Cand_4601,6.602,0.156,High-Confidence (Std <= 0.20)
WT_Cand_4602,7.928,0.077,High-Confidence (Std <= 0.20)
WT_Cand_4603,8.73,0.216,Low-Confidence (Filtered Out)
WT_Cand_4604,8.358,0.16,High-Confidence (Std <= 0.20)
WT_Cand_4605,5.594,0.128,High-Confidence (Std <= 0.20)
WT_Cand_4606,6.558,0.102,High-Confidence (Std <= 0.20)
WT_Cand_4607,6.453,0.475,Low-Confidence (Filtered Out)
WT_Cand_4608,7.413,0.143,High-Confidence (Std <= 0.20)
WT_Cand_4609,7.639,0.183,High-Confidence (Std <= 0.20)
WT_Cand_4610,5.885,0.18,High-Confidence (Std <= 0.20)
WT_Cand_4611,6.928,0.078,High-Confidence (Std <= 0.20)
WT_Cand_4612,4.527,0.009,High-Confidence (Std <= 0.20)
WT_Cand_4613,8.508,0.446,Low-Confidence (Filtered Out)
WT_Cand_4614,6.261,0.089,High-Confidence (Std <= 0.20)
WT_Cand_4615,6.914,0.175,High-Confidence (Std <= 0.20)
WT_Cand_4616,6.494,0.466,Low-Confidence (Filtered Out)
WT_Cand_4617,8.168,0.081,High-Confidence (Std <= 0.20)
WT_Cand_4618,3.587,0.109,High-Confidence (Std <= 0.20)
WT_Cand_4619,6.831,0.351,Low-Confidence (Filtered Out)
WT_Cand_4620,6.728,0.073,High-Confidence (Std <= 0.20)
WT_Cand_4621,6.328,0.039,High-Confidence (Std <= 0.20)
WT_Cand_4622,8.835,0.018,High-Confidence (Std <= 0.20)
WT_Cand_4623,5.83,0.803,Low-Confidence (Filtered Out)
WT_Cand_4624,7.738,0.426,Low-Confidence (Filtered Out)
WT_Cand_4625,7.26,0.248,Low-Confidence (Filtered Out)
WT_Cand_4626,8.301,0.454,Low-Confidence (Filtered Out)
WT_Cand_4627,6.083,0.128,High-Confidence (Std <= 0.20)
WT_Cand_4628,6.007,0.093,High-Confidence (Std <= 0.20)
WT_Cand_4629,8.11,0.1,High-Confidence (Std <= 0.20)
WT_Cand_4630,7.339,0.404,Low-Confidence (Filtered Out)
WT_Cand_4631,5.073,0.056,High-Confidence (Std <= 0.20)
WT_Cand_4632,6.23,0.057,High-Confidence (Std <= 0.20)
WT_Cand_4633,7.294,0.056,High-Confidence (Std <= 0.20)
WT_Cand_4634,7.813,0.001,High-Confidence (Std <= 0.20)
WT_Cand_4635,6.069,0.097,High-Confidence (Std <= 0.20)
WT_Cand_4636,3.499,0.362,Low-Confidence (Filtered Out)
WT_Cand_4637,7.452,0.201,Low-Confidence (Filtered Out)
WT_Cand_4638,5.447,0.225,Low-Confidence (Filtered Out)
WT_Cand_4639,4.53,0.178,High-Confidence (Std <= 0.20)
WT_Cand_4640,3.593,0.112,High-Confidence (Std <= 0.20)
WT_Cand_4641,7.786,0.117,High-Confidence (Std <= 0.20)
WT_Cand_4642,6.998,0.183,High-Confidence (Std <= 0.20)
WT_Cand_4643,6.59,0.083,High-Confidence (Std <= 0.20)
WT_Cand_4644,8.447,0.051,High-Confidence (Std <= 0.20)
WT_Cand_4645,7.583,0.092,High-Confidence (Std <= 0.20)
WT_Cand_4646,8.709,0.031,High-Confidence (Std <= 0.20)
WT_Cand_4647,5.248,0.06,High-Confidence (Std <= 0.20)
WT_Cand_4648,6.81,0.314,Low-Confidence (Filtered Out)
WT_Cand_4649,4.991,0.11,High-Confidence (Std <= 0.20)
WT_Cand_4650,6.586,0.177,High-Confidence (Std <= 0.20)
WT_Cand_4651,6.564,0.202,Low-Confidence (Filtered Out)
WT_Cand_4652,7.571,0.139,High-Confidence (Std <= 0.20)
WT_Cand_4653,6.902,0.276,Low-Confidence (Filtered Out)
WT_Cand_4654,7.567,0.072,High-Confidence (Std <= 0.20)
WT_Cand_4655,7.659,0.184,High-Confidence (Std <= 0.20)
WT_Cand_4656,9.328,0.044,High-Confidence (Std <= 0.20)
WT_Cand_4657,6.487,0.004,High-Confidence (Std <= 0.20)
WT_Cand_4658,5.768,0.068,High-Confidence (Std <= 0.20)
WT_Cand_4659,7.133,0.116,High-Confidence (Std <= 0.20)
WT_Cand_4660,5.927,0.048,High-Confidence (Std <= 0.20)
WT_Cand_4661,8.554,0.446,Low-Confidence (Filtered Out)
WT_Cand_4662,6.524,0.122,High-Confidence (Std <= 0.20)
WT_Cand_4663,6.2,0.231,Low-Confidence (Filtered Out)
WT_Cand_4664,6.308,0.375,Low-Confidence (Filtered Out)
WT_Cand_4665,7.676,0.141,High-Confidence (Std <= 0.20)
WT_Cand_4666,6.669,0.073,High-Confidence (Std <= 0.20)
WT_Cand_4667,6.112,0.038,High-Confidence (Std <= 0.20)
WT_Cand_4668,8.765,0.018,High-Confidence (Std <= 0.20)
WT_Cand_4669,5.865,0.25,Low-Confidence (Filtered Out)
WT_Cand_4670,6.891,0.273,Low-Confidence (Filtered Out)
WT_Cand_4671,7.6,0.387,Low-Confidence (Filtered Out)
WT_Cand_4672,4.974,0.336,Low-Confidence (Filtered Out)
WT_Cand_4673,7.402,0.483,Low-Confidence (Filtered Out)
WT_Cand_4674,5.637,0.275,Low-Confidence (Filtered Out)
WT_Cand_4675,7.796,0.163,High-Confidence (Std <= 0.20)
WT_Cand_4676,5.743,0.087,High-Confidence (Std <= 0.20)
WT_Cand_4677,7.647,0.125,High-Confidence (Std <= 0.20)
WT_Cand_4678,8.122,0.139,High-Confidence (Std <= 0.20)
WT_Cand_4679,7.841,0.432,Low-Confidence (Filtered Out)
WT_Cand_4680,7.139,0.344,Low-Confidence (Filtered Out)
WT_Cand_4681,6.584,0.058,High-Confidence (Std <= 0.20)
WT_Cand_4682,6.187,0.185,High-Confidence (Std <= 0.20)
WT_Cand_4683,8.542,0.236,Low-Confidence (Filtered Out)
WT_Cand_4684,6.046,0.215,Low-Confidence (Filtered Out)
WT_Cand_4685,5.657,0.096,High-Confidence (Std <= 0.20)
WT_Cand_4686,7.615,0.133,High-Confidence (Std <= 0.20)
WT_Cand_4687,5.934,0.301,Low-Confidence (Filtered Out)
WT_Cand_4688,5.757,0.102,High-Confidence (Std <= 0.20)
WT_Cand_4689,5.19,0.048,High-Confidence (Std <= 0.20)
WT_Cand_4690,6.295,0.232,Low-Confidence (Filtered Out)
WT_Cand_4691,6.755,0.124,High-Confidence (Std <= 0.20)
WT_Cand_4692,7.13,0.328,Low-Confidence (Filtered Out)
WT_Cand_4693,7.944,0.144,High-Confidence (Std <= 0.20)
WT_Cand_4694,7.456,0.001,High-Confidence (Std <= 0.20)
WT_Cand_4695,6.63,0.176,High-Confidence (Std <= 0.20)
WT_Cand_4696,6.622,0.194,High-Confidence (Std <= 0.20)
WT_Cand_4697,7.437,0.342,Low-Confidence (Filtered Out)
WT_Cand_4698,8.313,0.063,High-Confidence (Std <= 0.20)
WT_Cand_4699,6.995,0.086,High-Confidence (Std <= 0.20)
WT_Cand_4700,6.31,0.066,High-Confidence (Std <= 0.20)
WT_Cand_4701,5.708,0.324,Low-Confidence (Filtered Out)
WT_Cand_4702,5.188,0.041,High-Confidence (Std <= 0.20)
WT_Cand_4703,7.616,0.239,Low-Confidence (Filtered Out)
WT_Cand_4704,7.515,0.059,High-Confidence (Std <= 0.20)
WT_Cand_4705,7.514,0.134,High-Confidence (Std <= 0.20)
WT_Cand_4706,6.702,0.021,High-Confidence (Std <= 0.20)
WT_Cand_4707,8.468,0.225,Low-Confidence (Filtered Out)
WT_Cand_4708,6.293,0.118,High-Confidence (Std <= 0.20)
WT_Cand_4709,7.949,0.26,Low-Confidence (Filtered Out)
WT_Cand_4710,6.805,0.221,Low-Confidence (Filtered Out)
WT_Cand_4711,6.15,0.091,High-Confidence (Std <= 0.20)
WT_Cand_4712,7.531,0.062,High-Confidence (Std <= 0.20)
WT_Cand_4713,7.321,0.145,High-Confidence (Std <= 0.20)
WT_Cand_4714,7.261,0.079,High-Confidence (Std <= 0.20)
WT_Cand_4715,6.943,0.541,Low-Confidence (Filtered Out)
WT_Cand_4716,6.806,0.141,High-Confidence (Std <= 0.20)
WT_Cand_4717,9.597,0.361,Low-Confidence (Filtered Out)
WT_Cand_4718,8.212,0.179,High-Confidence (Std <= 0.20)
WT_Cand_4719,7.681,0.116,High-Confidence (Std <= 0.20)
WT_Cand_4720,6.979,0.058,High-Confidence (Std <= 0.20)
WT_Cand_4721,8.008,0.192,High-Confidence (Std <= 0.20)
WT_Cand_4722,7.446,0.047,High-Confidence (Std <= 0.20)
WT_Cand_4723,6.88,0.159,High-Confidence (Std <= 0.20)
WT_Cand_4724,6.501,0.197,High-Confidence (Std <= 0.20)
WT_Cand_4725,6.757,0.111,High-Confidence (Std <= 0.20)
WT_Cand_4726,3.204,0.26,Low-Confidence (Filtered Out)
WT_Cand_4727,7.092,0.083,High-Confidence (Std <= 0.20)
WT_Cand_4728,6.288,0.29,Low-Confidence (Filtered Out)
WT_Cand_4729,8.682,0.358,Low-Confidence (Filtered Out)
WT_Cand_4730,6.872,0.187,High-Confidence (Std <= 0.20)
WT_Cand_4731,5.483,0.256,Low-Confidence (Filtered Out)
WT_Cand_4732,6.793,0.218,Low-Confidence (Filtered Out)
WT_Cand_4733,5.647,0.186,High-Confidence (Std <= 0.20)
WT_Cand_4734,7.394,0.185,High-Confidence (Std <= 0.20)
WT_Cand_4735,7.185,0.041,High-Confidence (Std <= 0.20)
WT_Cand_4736,7.952,0.311,Low-Confidence (Filtered Out)
WT_Cand_4737,5.94,0.132,High-Confidence (Std <= 0.20)
WT_Cand_4738,6.889,0.146,High-Confidence (Std <= 0.20)
WT_Cand_4739,5.28,0.125,High-Confidence (Std <= 0.20)
WT_Cand_4740,7.657,0.06,High-Confidence (Std <= 0.20)
WT_Cand_4741,7.447,0.112,High-Confidence (Std <= 0.20)
WT_Cand_4742,7.42,0.375,Low-Confidence (Filtered Out)
WT_Cand_4743,6.852,0.067,High-Confidence (Std <= 0.20)
WT_Cand_4744,7.327,0.003,High-Confidence (Std <= 0.20)
WT_Cand_4745,8.695,0.018,High-Confidence (Std <= 0.20)
WT_Cand_4746,6.522,0.097,High-Confidence (Std <= 0.20)
WT_Cand_4747,7.009,0.014,High-Confidence (Std <= 0.20)
WT_Cand_4748,5.601,0.064,High-Confidence (Std <= 0.20)
WT_Cand_4749,5.851,0.33,Low-Confidence (Filtered Out)
WT_Cand_4750,6.962,0.453,Low-Confidence (Filtered Out)
WT_Cand_4751,8.12,0.022,High-Confidence (Std <= 0.20)
WT_Cand_4752,6.555,0.122,High-Confidence (Std <= 0.20)
WT_Cand_4753,6.579,0.104,High-Confidence (Std <= 0.20)
WT_Cand_4754,6.382,0.268,Low-Confidence (Filtered Out)
WT_Cand_4755,6.235,0.076,High-Confidence (Std <= 0.20)
WT_Cand_4756,7.189,0.263,Low-Confidence (Filtered Out)
WT_Cand_4757,5.128,0.458,Low-Confidence (Filtered Out)
WT_Cand_4758,8.323,0.711,Low-Confidence (Filtered Out)
WT_Cand_4759,6.085,0.011,High-Confidence (Std <= 0.20)
WT_Cand_4760,7.68,0.169,High-Confidence (Std <= 0.20)
WT_Cand_4761,5.39,0.149,High-Confidence (Std <= 0.20)
WT_Cand_4762,7.619,0.329,Low-Confidence (Filtered Out)
WT_Cand_4763,7.623,0.381,Low-Confidence (Filtered Out)
WT_Cand_4764,7.292,0.139,High-Confidence (Std <= 0.20)
WT_Cand_4765,5.706,0.496,Low-Confidence (Filtered Out)
WT_Cand_4766,7.137,0.122,High-Confidence (Std <= 0.20)
WT_Cand_4767,5.489,0.056,High-Confidence (Std <= 0.20)
WT_Cand_4768,6.559,0.265,Low-Confidence (Filtered Out)
WT_Cand_4769,8.034,0.038,High-Confidence (Std <= 0.20)
WT_Cand_4770,7.766,0.253,Low-Confidence (Filtered Out)
WT_Cand_4771,6.867,0.263,Low-Confidence (Filtered Out)
WT_Cand_4772,5.729,0.329,Low-Confidence (Filtered Out)
WT_Cand_4773,7.592,0.122,High-Confidence (Std <= 0.20)
WT_Cand_4774,6.872,0.305,Low-Confidence (Filtered Out)
WT_Cand_4775,4.182,0.008,High-Confidence (Std <= 0.20)
WT_Cand_4776,7.75,0.211,Low-Confidence (Filtered Out)
WT_Cand_4777,6.822,0.165,High-Confidence (Std <= 0.20)
WT_Cand_4778,8.233,0.365,Low-Confidence (Filtered Out)
WT_Cand_4779,5.59,0.707,Low-Confidence (Filtered Out)
WT_Cand_4780,3.197,0.544,Low-Confidence (Filtered Out)
WT_Cand_4781,7.171,0.024,High-Confidence (Std <= 0.20)
WT_Cand_4782,7.185,0.15,High-Confidence (Std <= 0.20)
WT_Cand_4783,4.906,0.081,High-Confidence (Std <= 0.20)
WT_Cand_4784,5.725,0.049,High-Confidence (Std <= 0.20)
WT_Cand_4785,10.019,0.207,Low-Confidence (Filtered Out)
WT_Cand_4786,6.499,0.068,High-Confidence (Std <= 0.20)
WT_Cand_4787,7.691,0.176,High-Confidence (Std <= 0.20)
WT_Cand_4788,6.102,0.108,High-Confidence (Std <= 0.20)
WT_Cand_4789,4.446,0.21,Low-Confidence (Filtered Out)
WT_Cand_4790,6.654,0.079,High-Confidence (Std <= 0.20)
WT_Cand_4791,6.545,0.319,Low-Confidence (Filtered Out)
WT_Cand_4792,6.39,0.116,High-Confidence (Std <= 0.20)
WT_Cand_4793,6.718,0.067,High-Confidence (Std <= 0.20)
WT_Cand_4794,7.154,0.136,High-Confidence (Std <= 0.20)
WT_Cand_4795,6.677,0.232,Low-Confidence (Filtered Out)
WT_Cand_4796,5.396,0.077,High-Confidence (Std <= 0.20)
WT_Cand_4797,7.409,0.144,High-Confidence (Std <= 0.20)
WT_Cand_4798,4.608,0.128,High-Confidence (Std <= 0.20)
WT_Cand_4799,4.492,0.048,High-Confidence (Std <= 0.20)
WT_Cand_4800,7.7,0.308,Low-Confidence (Filtered Out)
WT_Cand_4801,7.433,0.375,Low-Confidence (Filtered Out)
WT_Cand_4802,6.784,0.231,Low-Confidence (Filtered Out)
WT_Cand_4803,5.245,0.433,Low-Confidence (Filtered Out)
WT_Cand_4804,6.036,0.098,High-Confidence (Std <= 0.20)
WT_Cand_4805,6.548,0.107,High-Confidence (Std <= 0.20)
WT_Cand_4806,5.015,0.226,Low-Confidence (Filtered Out)
WT_Cand_4807,6.0,0.068,High-Confidence (Std <= 0.20)
WT_Cand_4808,7.6,0.015,High-Confidence (Std <= 0.20)
WT_Cand_4809,8.491,0.362,Low-Confidence (Filtered Out)
WT_Cand_4810,6.368,0.075,High-Confidence (Std <= 0.20)
WT_Cand_4811,7.72,0.352,Low-Confidence (Filtered Out)
WT_Cand_4812,4.649,0.256,Low-Confidence (Filtered Out)
WT_Cand_4813,7.608,0.224,Low-Confidence (Filtered Out)
WT_Cand_4814,5.925,0.292,Low-Confidence (Filtered Out)
WT_Cand_4815,7.203,0.094,High-Confidence (Std <= 0.20)
WT_Cand_4816,6.565,0.355,Low-Confidence (Filtered Out)
WT_Cand_4817,8.368,0.498,Low-Confidence (Filtered Out)
WT_Cand_4818,5.844,0.35,Low-Confidence (Filtered Out)
WT_Cand_4819,7.572,0.051,High-Confidence (Std <= 0.20)
WT_Cand_4820,6.529,0.187,High-Confidence (Std <= 0.20)
WT_Cand_4821,6.668,0.036,High-Confidence (Std <= 0.20)
WT_Cand_4822,6.639,0.26,Low-Confidence (Filtered Out)
WT_Cand_4823,5.877,0.109,High-Confidence (Std <= 0.20)
WT_Cand_4824,6.834,0.016,High-Confidence (Std <= 0.20)
WT_Cand_4825,6.778,0.098,High-Confidence (Std <= 0.20)
WT_Cand_4826,7.127,0.154,High-Confidence (Std <= 0.20)
WT_Cand_4827,6.947,0.072,High-Confidence (Std <= 0.20)
WT_Cand_4828,7.768,0.359,Low-Confidence (Filtered Out)
WT_Cand_4829,7.912,0.083,High-Confidence (Std <= 0.20)
WT_Cand_4830,5.642,0.069,High-Confidence (Std <= 0.20)
WT_Cand_4831,7.849,0.013,High-Confidence (Std <= 0.20)
WT_Cand_4832,5.486,0.299,Low-Confidence (Filtered Out)
WT_Cand_4833,7.526,0.168,High-Confidence (Std <= 0.20)
WT_Cand_4834,7.563,0.33,Low-Confidence (Filtered Out)
WT_Cand_4835,4.652,0.176,High-Confidence (Std <= 0.20)
WT_Cand_4836,6.957,0.425,Low-Confidence (Filtered Out)
WT_Cand_4837,6.311,0.248,Low-Confidence (Filtered Out)
WT_Cand_4838,5.977,0.224,Low-Confidence (Filtered Out)
WT_Cand_4839,8.403,0.15,High-Confidence (Std <= 0.20)
WT_Cand_4840,6.098,0.01,High-Confidence (Std <= 0.20)
WT_Cand_4841,5.923,0.078,High-Confidence (Std <= 0.20)
WT_Cand_4842,6.937,0.061,High-Confidence (Std <= 0.20)
WT_Cand_4843,7.638,0.147,High-Confidence (Std <= 0.20)
WT_Cand_4844,6.687,0.096,High-Confidence (Std <= 0.20)
WT_Cand_4845,8.191,0.321,Low-Confidence (Filtered Out)
WT_Cand_4846,7.461,0.292,Low-Confidence (Filtered Out)
WT_Cand_4847,4.345,0.117,High-Confidence (Std <= 0.20)
WT_Cand_4848,6.241,0.168,High-Confidence (Std <= 0.20)
WT_Cand_4849,6.204,0.073,High-Confidence (Std <= 0.20)
WT_Cand_4850,7.401,0.249,Low-Confidence (Filtered Out)
WT_Cand_4851,3.831,0.227,Low-Confidence (Filtered Out)
WT_Cand_4852,9.781,0.525,Low-Confidence (Filtered Out)
WT_Cand_4853,7.461,0.141,High-Confidence (Std <= 0.20)
WT_Cand_4854,7.021,0.405,Low-Confidence (Filtered Out)
WT_Cand_4855,8.209,0.043,High-Confidence (Std <= 0.20)
WT_Cand_4856,9.545,0.166,High-Confidence (Std <= 0.20)
WT_Cand_4857,7.851,0.114,High-Confidence (Std <= 0.20)
WT_Cand_4858,7.941,0.178,High-Confidence (Std <= 0.20)
WT_Cand_4859,7.0,0.202,Low-Confidence (Filtered Out)
WT_Cand_4860,6.687,0.028,High-Confidence (Std <= 0.20)
WT_Cand_4861,6.303,0.322,Low-Confidence (Filtered Out)
WT_Cand_4862,5.9,0.322,Low-Confidence (Filtered Out)
WT_Cand_4863,6.06,0.128,High-Confidence (Std <= 0.20)
WT_Cand_4864,5.297,0.134,High-Confidence (Std <= 0.20)
WT_Cand_4865,6.763,0.201,Low-Confidence (Filtered Out)
WT_Cand_4866,4.913,0.31,Low-Confidence (Filtered Out)
WT_Cand_4867,7.07,0.197,High-Confidence (Std <= 0.20)
WT_Cand_4868,6.808,0.288,Low-Confidence (Filtered Out)
WT_Cand_4869,7.019,0.064,High-Confidence (Std <= 0.20)
WT_Cand_4870,6.25,0.417,Low-Confidence (Filtered Out)
WT_Cand_4871,10.388,0.095,High-Confidence (Std <= 0.20)
WT_Cand_4872,8.414,0.229,Low-Confidence (Filtered Out)
WT_Cand_4873,5.419,0.151,High-Confidence (Std <= 0.20)
WT_Cand_4874,7.118,0.17,High-Confidence (Std <= 0.20)
WT_Cand_4875,6.151,0.157,High-Confidence (Std <= 0.20)
WT_Cand_4876,5.683,0.123,High-Confidence (Std <= 0.20)
WT_Cand_4877,5.309,0.442,Low-Confidence (Filtered Out)
WT_Cand_4878,7.347,0.055,High-Confidence (Std <= 0.20)
WT_Cand_4879,6.066,0.112,High-Confidence (Std <= 0.20)
WT_Cand_4880,7.963,0.329,Low-Confidence (Filtered Out)
WT_Cand_4881,7.993,0.327,Low-Confidence (Filtered Out)
WT_Cand_4882,8.43,0.185,High-Confidence (Std <= 0.20)
WT_Cand_4883,5.87,0.066,High-Confidence (Std <= 0.20)
WT_Cand_4884,7.397,0.184,High-Confidence (Std <= 0.20)
WT_Cand_4885,7.577,0.068,High-Confidence (Std <= 0.20)
WT_Cand_4886,6.305,0.047,High-Confidence (Std <= 0.20)
WT_Cand_4887,5.962,0.165,High-Confidence (Std <= 0.20)
WT_Cand_4888,8.701,0.023,High-Confidence (Std <= 0.20)
WT_Cand_4889,7.112,0.4,Low-Confidence (Filtered Out)
WT_Cand_4890,7.581,0.082,High-Confidence (Std <= 0.20)
WT_Cand_4891,5.905,0.124,High-Confidence (Std <= 0.20)
WT_Cand_4892,5.448,0.079,High-Confidence (Std <= 0.20)
WT_Cand_4893,6.195,0.042,High-Confidence (Std <= 0.20)
WT_Cand_4894,6.707,0.003,High-Confidence (Std <= 0.20)
WT_Cand_4895,5.626,0.055,High-Confidence (Std <= 0.20)
WT_Cand_4896,6.839,0.416,Low-Confidence (Filtered Out)
WT_Cand_4897,4.908,0.366,Low-Confidence (Filtered Out)
WT_Cand_4898,5.562,0.019,High-Confidence (Std <= 0.20)
WT_Cand_4899,7.622,0.4,Low-Confidence (Filtered Out)
WT_Cand_4900,7.544,0.178,High-Confidence (Std <= 0.20)
WT_Cand_4901,6.399,0.04,High-Confidence (Std <= 0.20)
WT_Cand_4902,5.68,0.248,Low-Confidence (Filtered Out)
WT_Cand_4903,5.668,0.132,High-Confidence (Std <= 0.20)
WT_Cand_4904,6.421,0.09,High-Confidence (Std <= 0.20)
WT_Cand_4905,7.591,0.097,High-Confidence (Std <= 0.20)
WT_Cand_4906,7.917,0.24,Low-Confidence (Filtered Out)
WT_Cand_4907,6.279,0.265,Low-Confidence (Filtered Out)
WT_Cand_4908,5.523,0.065,High-Confidence (Std <= 0.20)
WT_Cand_4909,7.158,0.207,Low-Confidence (Filtered Out)
WT_Cand_4910,5.903,0.19,High-Confidence (Std <= 0.20)
WT_Cand_4911,6.254,0.279,Low-Confidence (Filtered Out)
WT_Cand_4912,8.374,0.067,High-Confidence (Std <= 0.20)
WT_Cand_4913,7.801,0.133,High-Confidence (Std <= 0.20)
WT_Cand_4914,7.032,0.184,High-Confidence (Std <= 0.20)
WT_Cand_4915,5.387,0.273,Low-Confidence (Filtered Out)
WT_Cand_4916,7.093,0.372,Low-Confidence (Filtered Out)
WT_Cand_4917,8.072,0.259,Low-Confidence (Filtered Out)
WT_Cand_4918,6.418,0.216,Low-Confidence (Filtered Out)
WT_Cand_4919,8.404,0.167,High-Confidence (Std <= 0.20)
WT_Cand_4920,8.337,0.101,High-Confidence (Std <= 0.20)
WT_Cand_4921,8.763,0.355,Low-Confidence (Filtered Out)
WT_Cand_4922,7.201,0.064,High-Confidence (Std <= 0.20)
WT_Cand_4923,7.526,0.261,Low-Confidence (Filtered Out)
WT_Cand_4924,8.476,0.241,Low-Confidence (Filtered Out)
WT_Cand_4925,7.365,0.161,High-Confidence (Std <= 0.20)
WT_Cand_4926,6.274,0.358,Low-Confidence (Filtered Out)
WT_Cand_4927,6.334,0.181,High-Confidence (Std <= 0.20)
WT_Cand_4928,7.124,0.169,High-Confidence (Std <= 0.20)
WT_Cand_4929,5.366,0.21,Low-Confidence (Filtered Out)
WT_Cand_4930,6.685,0.301,Low-Confidence (Filtered Out)
WT_Cand_4931,8.111,0.006,High-Confidence (Std <= 0.20)
WT_Cand_4932,4.33,0.561,Low-Confidence (Filtered Out)
WT_Cand_4933,8.615,0.274,Low-Confidence (Filtered Out)
WT_Cand_4934,8.141,0.186,High-Confidence (Std <= 0.20)
WT_Cand_4935,6.321,0.011,High-Confidence (Std <= 0.20)
WT_Cand_4936,7.475,0.412,Low-Confidence (Filtered Out)
WT_Cand_4937,6.854,0.103,High-Confidence (Std <= 0.20)
WT_Cand_4938,8.264,0.043,High-Confidence (Std <= 0.20)
WT_Cand_4939,7.98,0.271,Low-Confidence (Filtered Out)
WT_Cand_4940,5.24,0.076,High-Confidence (Std <= 0.20)
WT_Cand_4941,7.525,0.336,Low-Confidence (Filtered Out)
WT_Cand_4942,6.614,0.024,High-Confidence (Std <= 0.20)
WT_Cand_4943,6.945,0.142,High-Confidence (Std <= 0.20)
WT_Cand_4944,6.013,0.186,High-Confidence (Std <= 0.20)
WT_Cand_4945,8.86,0.158,High-Confidence (Std <= 0.20)
WT_Cand_4946,8.046,0.071,High-Confidence (Std <= 0.20)
WT_Cand_4947,5.999,0.156,High-Confidence (Std <= 0.20)
WT_Cand_4948,5.315,0.185,High-Confidence (Std <= 0.20)
WT_Cand_4949,6.406,0.104,High-Confidence (Std <= 0.20)
WT_Cand_4950,7.35,0.233,Low-Confidence (Filtered Out)
WT_Cand_4951,7.126,0.191,High-Confidence (Std <= 0.20)
WT_Cand_4952,8.291,0.028,High-Confidence (Std <= 0.20)
WT_Cand_4953,7.758,0.118,High-Confidence (Std <= 0.20)
WT_Cand_4954,7.965,0.043,High-Confidence (Std <= 0.20)
WT_Cand_4955,7.226,0.159,High-Confidence (Std <= 0.20)
WT_Cand_4956,5.252,0.105,High-Confidence (Std <= 0.20)
WT_Cand_4957,6.625,0.256,Low-Confidence (Filtered Out)
WT_Cand_4958,8.069,0.167,High-Confidence (Std <= 0.20)
WT_Cand_4959,6.791,0.105,High-Confidence (Std <= 0.20)
WT_Cand_4960,7.429,0.161,High-Confidence (Std <= 0.20)
WT_Cand_4961,6.483,0.084,High-Confidence (Std <= 0.20)
WT_Cand_4962,5.666,0.204,Low-Confidence (Filtered Out)
WT_Cand_4963,6.708,0.167,High-Confidence (Std <= 0.20)
WT_Cand_4964,7.205,0.006,High-Confidence (Std <= 0.20)
WT_Cand_4965,6.096,0.722,Low-Confidence (Filtered Out)
WT_Cand_4966,6.579,0.139,High-Confidence (Std <= 0.20)
WT_Cand_4967,5.77,0.093,High-Confidence (Std <= 0.20)
WT_Cand_4968,8.137,0.133,High-Confidence (Std <= 0.20)
WT_Cand_4969,6.511,0.236,Low-Confidence (Filtered Out)
WT_Cand_4970,8.521,0.122,High-Confidence (Std <= 0.20)
WT_Cand_4971,8.608,0.113,High-Confidence (Std <= 0.20)
WT_Cand_4972,6.757,0.042,High-Confidence (Std <= 0.20)
WT_Cand_4973,5.69,0.083,High-Confidence (Std <= 0.20)
WT_Cand_4974,4.451,0.173,High-Confidence (Std <= 0.20)
WT_Cand_4975,5.157,0.153,High-Confidence (Std <= 0.20)
WT_Cand_4976,5.27,0.084,High-Confidence (Std <= 0.20)
WT_Cand_4977,8.435,0.188,High-Confidence (Std <= 0.20)
WT_Cand_4978,6.983,0.083,High-Confidence (Std <= 0.20)
WT_Cand_4979,7.298,0.189,High-Confidence (Std <= 0.20)
WT_Cand_4980,4.297,0.036,High-Confidence (Std <= 0.20)
WT_Cand_4981,5.472,0.118,High-Confidence (Std <= 0.20)
WT_Cand_4982,7.87,0.092,High-Confidence (Std <= 0.20)
WT_Cand_4983,7.18,0.368,Low-Confidence (Filtered Out)
WT_Cand_4984,6.681,0.093,High-Confidence (Std <= 0.20)
WT_Cand_4985,7.5,0.306,Low-Confidence (Filtered Out)
WT_Cand_4986,8.731,0.175,High-Confidence (Std <= 0.20)
WT_Cand_4987,6.596,0.049,High-Confidence (Std <= 0.20)
WT_Cand_4988,6.93,0.306,Low-Confidence (Filtered Out)
WT_Cand_4989,7.071,0.27,Low-Confidence (Filtered Out)
WT_Cand_4990,9.601,0.206,Low-Confidence (Filtered Out)
WT_Cand_4991,4.436,0.204,Low-Confidence (Filtered Out)
WT_Cand_4992,7.636,0.158,High-Confidence (Std <= 0.20)
WT_Cand_4993,6.718,0.226,Low-Confidence (Filtered Out)
WT_Cand_4994,7.502,0.296,Low-Confidence (Filtered Out)
WT_Cand_4995,6.094,0.032,High-Confidence (Std <= 0.20)
WT_Cand_4996,6.794,0.336,Low-Confidence (Filtered Out)
WT_Cand_4997,7.668,0.378,Low-Confidence (Filtered Out)
WT_Cand_4998,10.43,0.044,High-Confidence (Std <= 0.20)
WT_Cand_4999,7.779,0.096,High-Confidence (Std <= 0.20)
WT_Cand_5000,5.875,0.191,High-Confidence (Std <= 0.20)
WT_Cand_5001,6.363,0.281,Low-Confidence (Filtered Out)
WT_Cand_5002,6.329,0.149,High-Confidence (Std <= 0.20)
WT_Cand_5003,4.785,0.206,Low-Confidence (Filtered Out)
WT_Cand_5004,6.47,0.067,High-Confidence (Std <= 0.20)
WT_Cand_5005,7.693,0.18,High-Confidence (Std <= 0.20)
WT_Cand_5006,5.385,0.408,Low-Confidence (Filtered Out)
WT_Cand_5007,8.056,0.167,High-Confidence (Std <= 0.20)
WT_Cand_5008,7.411,0.253,Low-Confidence (Filtered Out)
WT_Cand_5009,6.006,0.076,High-Confidence (Std <= 0.20)
WT_Cand_5010,6.687,0.063,High-Confidence (Std <= 0.20)
WT_Cand_5011,8.688,0.532,Low-Confidence (Filtered Out)
WT_Cand_5012,7.694,0.193,High-Confidence (Std <= 0.20)
WT_Cand_5013,6.86,0.271,Low-Confidence (Filtered Out)
WT_Cand_5014,6.577,0.351,Low-Confidence (Filtered Out)
WT_Cand_5015,6.938,0.033,High-Confidence (Std <= 0.20)
WT_Cand_5016,6.261,0.453,Low-Confidence (Filtered Out)
WT_Cand_5017,4.43,0.17,High-Confidence (Std <= 0.20)
WT_Cand_5018,9.199,0.512,Low-Confidence (Filtered Out)
WT_Cand_5019,7.029,0.05,High-Confidence (Std <= 0.20)
WT_Cand_5020,7.308,0.31,Low-Confidence (Filtered Out)
WT_Cand_5021,6.783,0.091,High-Confidence (Std <= 0.20)
WT_Cand_5022,6.005,0.129,High-Confidence (Std <= 0.20)
WT_Cand_5023,6.636,0.333,Low-Confidence (Filtered Out)
WT_Cand_5024,5.011,0.099,High-Confidence (Std <= 0.20)
WT_Cand_5025,9.469,0.158,High-Confidence (Std <= 0.20)
WT_Cand_5026,5.43,0.159,High-Confidence (Std <= 0.20)
WT_Cand_5027,5.663,0.101,High-Confidence (Std <= 0.20)
WT_Cand_5028,6.344,0.094,High-Confidence (Std <= 0.20)
WT_Cand_5029,8.331,0.021,High-Confidence (Std <= 0.20)
WT_Cand_5030,6.867,0.121,High-Confidence (Std <= 0.20)
WT_Cand_5031,5.428,0.192,High-Confidence (Std <= 0.20)
WT_Cand_5032,8.292,0.12,High-Confidence (Std <= 0.20)
WT_Cand_5033,7.691,0.203,Low-Confidence (Filtered Out)
WT_Cand_5034,7.469,0.815,Low-Confidence (Filtered Out)
WT_Cand_5035,7.673,0.323,Low-Confidence (Filtered Out)
WT_Cand_5036,9.604,0.155,High-Confidence (Std <= 0.20)
WT_Cand_5037,9.363,0.274,Low-Confidence (Filtered Out)
WT_Cand_5038,6.06,0.276,Low-Confidence (Filtered Out)
WT_Cand_5039,8.717,0.011,High-Confidence (Std <= 0.20)
WT_Cand_5040,7.291,0.438,Low-Confidence (Filtered Out)
WT_Cand_5041,7.424,0.157,High-Confidence (Std <= 0.20)
WT_Cand_5042,4.904,0.193,High-Confidence (Std <= 0.20)
WT_Cand_5043,6.654,0.009,High-Confidence (Std <= 0.20)
WT_Cand_5044,5.915,0.207,Low-Confidence (Filtered Out)
WT_Cand_5045,7.802,0.176,High-Confidence (Std <= 0.20)
WT_Cand_5046,8.082,0.071,High-Confidence (Std <= 0.20)
WT_Cand_5047,4.464,0.108,High-Confidence (Std <= 0.20)
WT_Cand_5048,6.825,0.081,High-Confidence (Std <= 0.20)
WT_Cand_5049,8.14,0.093,High-Confidence (Std <= 0.20)
WT_Cand_5050,6.635,0.163,High-Confidence (Std <= 0.20)
WT_Cand_5051,7.688,0.241,Low-Confidence (Filtered Out)
WT_Cand_5052,7.254,0.366,Low-Confidence (Filtered Out)
WT_Cand_5053,7.243,0.199,High-Confidence (Std <= 0.20)
WT_Cand_5054,6.538,0.142,High-Confidence (Std <= 0.20)
WT_Cand_5055,5.451,0.283,Low-Confidence (Filtered Out)
WT_Cand_5056,5.56,0.116,High-Confidence (Std <= 0.20)
WT_Cand_5057,7.666,0.119,High-Confidence (Std <= 0.20)
WT_Cand_5058,6.872,0.124,High-Confidence (Std <= 0.20)
WT_Cand_5059,6.691,0.045,High-Confidence (Std <= 0.20)
WT_Cand_5060,6.363,0.21,Low-Confidence (Filtered Out)
WT_Cand_5061,6.499,0.169,High-Confidence (Std <= 0.20)
WT_Cand_5062,8.054,0.107,High-Confidence (Std <= 0.20)
WT_Cand_5063,6.464,0.078,High-Confidence (Std <= 0.20)
WT_Cand_5064,5.308,0.128,High-Confidence (Std <= 0.20)
WT_Cand_5065,7.705,0.13,High-Confidence (Std <= 0.20)
WT_Cand_5066,6.614,0.321,Low-Confidence (Filtered Out)
WT_Cand_5067,6.886,0.094,High-Confidence (Std <= 0.20)
WT_Cand_5068,8.699,0.071,High-Confidence (Std <= 0.20)
WT_Cand_5069,6.826,0.477,Low-Confidence (Filtered Out)
WT_Cand_5070,7.183,0.127,High-Confidence (Std <= 0.20)
WT_Cand_5071,5.494,0.151,High-Confidence (Std <= 0.20)
WT_Cand_5072,6.597,0.368,Low-Confidence (Filtered Out)
WT_Cand_5073,7.551,0.22,Low-Confidence (Filtered Out)
WT_Cand_5074,5.061,0.158,High-Confidence (Std <= 0.20)
WT_Cand_5075,7.081,0.416,Low-Confidence (Filtered Out)
WT_Cand_5076,6.966,0.103,High-Confidence (Std <= 0.20)
WT_Cand_5077,6.897,0.207,Low-Confidence (Filtered Out)
WT_Cand_5078,8.043,0.1,High-Confidence (Std <= 0.20)
WT_Cand_5079,7.235,0.369,Low-Confidence (Filtered Out)
WT_Cand_5080,8.55,0.169,High-Confidence (Std <= 0.20)
WT_Cand_5081,5.707,0.09,High-Confidence (Std <= 0.20)
WT_Cand_5082,7.006,0.348,Low-Confidence (Filtered Out)
WT_Cand_5083,6.947,0.016,High-Confidence (Std <= 0.20)
WT_Cand_5084,5.62,0.096,High-Confidence (Std <= 0.20)
WT_Cand_5085,7.95,0.015,High-Confidence (Std <= 0.20)
WT_Cand_5086,9.523,0.018,High-Confidence (Std <= 0.20)
WT_Cand_5087,6.83,0.052,High-Confidence (Std <= 0.20)
WT_Cand_5088,7.431,0.192,High-Confidence (Std <= 0.20)
WT_Cand_5089,6.947,0.044,High-Confidence (Std <= 0.20)
WT_Cand_5090,6.029,0.587,Low-Confidence (Filtered Out)
WT_Cand_5091,4.756,0.218,Low-Confidence (Filtered Out)
WT_Cand_5092,6.038,0.156,High-Confidence (Std <= 0.20)
WT_Cand_5093,5.249,0.034,High-Confidence (Std <= 0.20)
WT_Cand_5094,8.81,0.021,High-Confidence (Std <= 0.20)
WT_Cand_5095,6.718,0.119,High-Confidence (Std <= 0.20)
WT_Cand_5096,6.452,0.527,Low-Confidence (Filtered Out)
WT_Cand_5097,7.873,0.044,High-Confidence (Std <= 0.20)
WT_Cand_5098,5.56,0.029,High-Confidence (Std <= 0.20)
WT_Cand_5099,5.968,0.318,Low-Confidence (Filtered Out)
WT_Cand_5100,6.928,0.311,Low-Confidence (Filtered Out)
WT_Cand_5101,8.033,0.181,High-Confidence (Std <= 0.20)
WT_Cand_5102,7.427,0.084,High-Confidence (Std <= 0.20)
WT_Cand_5103,7.136,0.225,Low-Confidence (Filtered Out)
WT_Cand_5104,6.94,0.029,High-Confidence (Std <= 0.20)
WT_Cand_5105,7.31,0.158,High-Confidence (Std <= 0.20)
WT_Cand_5106,7.082,0.015,High-Confidence (Std <= 0.20)
WT_Cand_5107,5.666,0.149,High-Confidence (Std <= 0.20)
WT_Cand_5108,6.903,0.327,Low-Confidence (Filtered Out)
WT_Cand_5109,5.615,0.539,Low-Confidence (Filtered Out)
WT_Cand_5110,6.943,0.089,High-Confidence (Std <= 0.20)
WT_Cand_5111,6.297,0.191,High-Confidence (Std <= 0.20)
WT_Cand_5112,9.77,0.075,High-Confidence (Std <= 0.20)
WT_Cand_5113,6.804,0.229,Low-Confidence (Filtered Out)
WT_Cand_5114,5.235,0.298,Low-Confidence (Filtered Out)
WT_Cand_5115,6.696,0.226,Low-Confidence (Filtered Out)
WT_Cand_5116,7.447,0.079,High-Confidence (Std <= 0.20)
WT_Cand_5117,8.774,0.051,High-Confidence (Std <= 0.20)
WT_Cand_5118,6.172,0.061,High-Confidence (Std <= 0.20)
WT_Cand_5119,5.03,0.148,High-Confidence (Std <= 0.20)
WT_Cand_5120,7.789,0.026,High-Confidence (Std <= 0.20)
WT_Cand_5121,5.262,0.087,High-Confidence (Std <= 0.20)
WT_Cand_5122,6.348,0.222,Low-Confidence (Filtered Out)
WT_Cand_5123,6.554,0.177,High-Confidence (Std <= 0.20)
WT_Cand_5124,6.77,0.041,High-Confidence (Std <= 0.20)
WT_Cand_5125,7.643,0.303,Low-Confidence (Filtered Out)
WT_Cand_5126,6.064,0.119,High-Confidence (Std <= 0.20)
WT_Cand_5127,6.535,0.366,Low-Confidence (Filtered Out)
WT_Cand_5128,6.834,0.076,High-Confidence (Std <= 0.20)
WT_Cand_5129,7.022,0.08,High-Confidence (Std <= 0.20)
WT_Cand_5130,6.963,0.295,Low-Confidence (Filtered Out)
WT_Cand_5131,7.351,0.03,High-Confidence (Std <= 0.20)
WT_Cand_5132,7.82,0.225,Low-Confidence (Filtered Out)
WT_Cand_5133,7.302,0.015,High-Confidence (Std <= 0.20)
WT_Cand_5134,7.372,0.068,High-Confidence (Std <= 0.20)
WT_Cand_5135,5.03,0.091,High-Confidence (Std <= 0.20)
WT_Cand_5136,6.908,0.216,Low-Confidence (Filtered Out)
WT_Cand_5137,7.401,0.004,High-Confidence (Std <= 0.20)
WT_Cand_5138,7.688,0.243,Low-Confidence (Filtered Out)
WT_Cand_5139,6.054,0.084,High-Confidence (Std <= 0.20)
WT_Cand_5140,6.092,0.397,Low-Confidence (Filtered Out)
WT_Cand_5141,6.19,0.071,High-Confidence (Std <= 0.20)
WT_Cand_5142,7.467,0.07,High-Confidence (Std <= 0.20)
WT_Cand_5143,8.039,0.024,High-Confidence (Std <= 0.20)
WT_Cand_5144,6.381,0.153,High-Confidence (Std <= 0.20)
WT_Cand_5145,7.894,0.499,Low-Confidence (Filtered Out)
WT_Cand_5146,6.992,0.108,High-Confidence (Std <= 0.20)
WT_Cand_5147,6.707,0.157,High-Confidence (Std <= 0.20)
WT_Cand_5148,6.607,0.016,High-Confidence (Std <= 0.20)
WT_Cand_5149,7.709,0.239,Low-Confidence (Filtered Out)
WT_Cand_5150,7.224,0.097,High-Confidence (Std <= 0.20)
WT_Cand_5151,9.467,0.083,High-Confidence (Std <= 0.20)
WT_Cand_5152,5.87,0.055,High-Confidence (Std <= 0.20)
WT_Cand_5153,7.446,0.069,High-Confidence (Std <= 0.20)
WT_Cand_5154,6.241,0.224,Low-Confidence (Filtered Out)
WT_Cand_5155,5.85,0.277,Low-Confidence (Filtered Out)
WT_Cand_5156,6.838,0.012,High-Confidence (Std <= 0.20)
WT_Cand_5157,7.008,0.034,High-Confidence (Std <= 0.20)
WT_Cand_5158,10.206,0.144,High-Confidence (Std <= 0.20)
WT_Cand_5159,6.638,0.035,High-Confidence (Std <= 0.20)
WT_Cand_5160,5.55,0.046,High-Confidence (Std <= 0.20)
WT_Cand_5161,7.164,0.058,High-Confidence (Std <= 0.20)
WT_Cand_5162,4.464,0.189,High-Confidence (Std <= 0.20)
WT_Cand_5163,6.744,0.37,Low-Confidence (Filtered Out)
WT_Cand_5164,6.868,0.112,High-Confidence (Std <= 0.20)
WT_Cand_5165,7.764,0.149,High-Confidence (Std <= 0.20)
WT_Cand_5166,7.97,0.222,Low-Confidence (Filtered Out)
WT_Cand_5167,6.271,0.059,High-Confidence (Std <= 0.20)
WT_Cand_5168,6.677,0.205,Low-Confidence (Filtered Out)
WT_Cand_5169,5.969,0.54,Low-Confidence (Filtered Out)
WT_Cand_5170,5.553,0.048,High-Confidence (Std <= 0.20)
WT_Cand_5171,7.206,0.194,High-Confidence (Std <= 0.20)
WT_Cand_5172,5.385,0.15,High-Confidence (Std <= 0.20)
WT_Cand_5173,6.373,0.045,High-Confidence (Std <= 0.20)
WT_Cand_5174,5.706,0.289,Low-Confidence (Filtered Out)
WT_Cand_5175,7.482,0.075,High-Confidence (Std <= 0.20)
WT_Cand_5176,8.922,0.039,High-Confidence (Std <= 0.20)
WT_Cand_5177,5.353,0.081,High-Confidence (Std <= 0.20)
WT_Cand_5178,4.719,0.209,Low-Confidence (Filtered Out)
WT_Cand_5179,6.706,0.079,High-Confidence (Std <= 0.20)
WT_Cand_5180,6.868,0.006,High-Confidence (Std <= 0.20)
WT_Cand_5181,7.101,0.522,Low-Confidence (Filtered Out)
WT_Cand_5182,6.337,0.313,Low-Confidence (Filtered Out)
WT_Cand_5183,6.619,0.165,High-Confidence (Std <= 0.20)
WT_Cand_5184,7.273,0.09,High-Confidence (Std <= 0.20)
WT_Cand_5185,8.046,0.098,High-Confidence (Std <= 0.20)
WT_Cand_5186,4.602,0.049,High-Confidence (Std <= 0.20)
WT_Cand_5187,6.426,0.149,High-Confidence (Std <= 0.20)
WT_Cand_5188,7.096,0.677,Low-Confidence (Filtered Out)
WT_Cand_5189,5.794,0.123,High-Confidence (Std <= 0.20)
WT_Cand_5190,8.841,0.252,Low-Confidence (Filtered Out)
WT_Cand_5191,6.119,0.066,High-Confidence (Std <= 0.20)
WT_Cand_5192,6.803,0.163,High-Confidence (Std <= 0.20)
WT_Cand_5193,7.489,0.076,High-Confidence (Std <= 0.20)
WT_Cand_5194,6.17,0.142,High-Confidence (Std <= 0.20)
WT_Cand_5195,4.726,0.385,Low-Confidence (Filtered Out)
WT_Cand_5196,6.357,0.182,High-Confidence (Std <= 0.20)
WT_Cand_5197,8.034,0.374,Low-Confidence (Filtered Out)
WT_Cand_5198,6.463,0.385,Low-Confidence (Filtered Out)
WT_Cand_5199,5.877,0.103,High-Confidence (Std <= 0.20)
WT_Cand_5200,7.915,0.456,Low-Confidence (Filtered Out)
WT_Cand_5201,6.47,0.193,High-Confidence (Std <= 0.20)
WT_Cand_5202,6.263,0.182,High-Confidence (Std <= 0.20)
WT_Cand_5203,7.022,0.074,High-Confidence (Std <= 0.20)
WT_Cand_5204,7.736,0.324,Low-Confidence (Filtered Out)
WT_Cand_5205,9.589,0.206,Low-Confidence (Filtered Out)
WT_Cand_5206,7.801,0.07,High-Confidence (Std <= 0.20)
WT_Cand_5207,8.184,0.224,Low-Confidence (Filtered Out)
WT_Cand_5208,6.268,0.039,High-Confidence (Std <= 0.20)
WT_Cand_5209,5.67,0.036,High-Confidence (Std <= 0.20)
WT_Cand_5210,6.922,0.137,High-Confidence (Std <= 0.20)
WT_Cand_5211,6.973,0.095,High-Confidence (Std <= 0.20)
WT_Cand_5212,5.61,0.102,High-Confidence (Std <= 0.20)
WT_Cand_5213,6.648,0.371,Low-Confidence (Filtered Out)
WT_Cand_5214,7.309,0.161,High-Confidence (Std <= 0.20)
WT_Cand_5215,7.264,0.095,High-Confidence (Std <= 0.20)
WT_Cand_5216,7.43,0.042,High-Confidence (Std <= 0.20)
WT_Cand_5217,7.185,0.193,High-Confidence (Std <= 0.20)
WT_Cand_5218,6.267,0.23,Low-Confidence (Filtered Out)
WT_Cand_5219,6.259,0.244,Low-Confidence (Filtered Out)
WT_Cand_5220,5.471,0.11,High-Confidence (Std <= 0.20)
WT_Cand_5221,8.902,0.018,High-Confidence (Std <= 0.20)
WT_Cand_5222,6.865,0.382,Low-Confidence (Filtered Out)
WT_Cand_5223,6.591,0.039,High-Confidence (Std <= 0.20)
WT_Cand_5224,5.782,0.111,High-Confidence (Std <= 0.20)
WT_Cand_5225,10.226,0.247,Low-Confidence (Filtered Out)
WT_Cand_5226,5.616,0.21,Low-Confidence (Filtered Out)
WT_Cand_5227,6.357,0.062,High-Confidence (Std <= 0.20)
WT_Cand_5228,7.328,0.601,Low-Confidence (Filtered Out)
WT_Cand_5229,7.54,0.109,High-Confidence (Std <= 0.20)
WT_Cand_5230,7.952,0.166,High-Confidence (Std <= 0.20)
WT_Cand_5231,8.929,0.175,High-Confidence (Std <= 0.20)
WT_Cand_5232,7.432,0.213,Low-Confidence (Filtered Out)
WT_Cand_5233,5.636,0.218,Low-Confidence (Filtered Out)
WT_Cand_5234,6.555,0.087,High-Confidence (Std <= 0.20)
WT_Cand_5235,7.204,0.001,High-Confidence (Std <= 0.20)
WT_Cand_5236,9.228,0.187,High-Confidence (Std <= 0.20)
WT_Cand_5237,5.243,0.031,High-Confidence (Std <= 0.20)
WT_Cand_5238,8.233,0.147,High-Confidence (Std <= 0.20)
WT_Cand_5239,7.057,0.227,Low-Confidence (Filtered Out)
WT_Cand_5240,7.814,0.164,High-Confidence (Std <= 0.20)
WT_Cand_5241,6.733,0.094,High-Confidence (Std <= 0.20)
WT_Cand_5242,5.881,0.117,High-Confidence (Std <= 0.20)
WT_Cand_5243,7.714,0.55,Low-Confidence (Filtered Out)
WT_Cand_5244,7.603,0.139,High-Confidence (Std <= 0.20)
WT_Cand_5245,7.968,0.031,High-Confidence (Std <= 0.20)
WT_Cand_5246,6.835,0.049,High-Confidence (Std <= 0.20)
WT_Cand_5247,6.16,0.303,Low-Confidence (Filtered Out)
WT_Cand_5248,5.057,0.025,High-Confidence (Std <= 0.20)
WT_Cand_5249,7.792,0.073,High-Confidence (Std <= 0.20)
WT_Cand_5250,7.337,0.205,Low-Confidence (Filtered Out)
WT_Cand_5251,5.739,0.135,High-Confidence (Std <= 0.20)
WT_Cand_5252,6.231,0.136,High-Confidence (Std <= 0.20)
WT_Cand_5253,6.313,0.361,Low-Confidence (Filtered Out)
WT_Cand_5254,5.145,0.211,Low-Confidence (Filtered Out)
WT_Cand_5255,5.91,0.471,Low-Confidence (Filtered Out)
WT_Cand_5256,5.546,0.105,High-Confidence (Std <= 0.20)
WT_Cand_5257,6.376,0.098,High-Confidence (Std <= 0.20)
WT_Cand_5258,6.0,0.183,High-Confidence (Std <= 0.20)
WT_Cand_5259,4.979,0.133,High-Confidence (Std <= 0.20)
WT_Cand_5260,9.176,0.241,Low-Confidence (Filtered Out)
WT_Cand_5261,8.29,0.118,High-Confidence (Std <= 0.20)
WT_Cand_5262,5.954,0.152,High-Confidence (Std <= 0.20)
WT_Cand_5263,7.163,0.027,High-Confidence (Std <= 0.20)
WT_Cand_5264,7.33,0.148,High-Confidence (Std <= 0.20)
WT_Cand_5265,8.22,0.127,High-Confidence (Std <= 0.20)
WT_Cand_5266,5.909,0.462,Low-Confidence (Filtered Out)
WT_Cand_5267,8.106,0.267,Low-Confidence (Filtered Out)
WT_Cand_5268,6.22,0.175,High-Confidence (Std <= 0.20)
WT_Cand_5269,5.314,0.205,Low-Confidence (Filtered Out)
WT_Cand_5270,7.683,0.136,High-Confidence (Std <= 0.20)
WT_Cand_5271,8.334,0.128,High-Confidence (Std <= 0.20)
WT_Cand_5272,9.826,0.241,Low-Confidence (Filtered Out)
WT_Cand_5273,5.47,0.069,High-Confidence (Std <= 0.20)
WT_Cand_5274,7.654,0.082,High-Confidence (Std <= 0.20)
WT_Cand_5275,6.379,0.017,High-Confidence (Std <= 0.20)
WT_Cand_5276,7.751,0.106,High-Confidence (Std <= 0.20)
WT_Cand_5277,5.159,0.134,High-Confidence (Std <= 0.20)
WT_Cand_5278,5.398,0.188,High-Confidence (Std <= 0.20)
WT_Cand_5279,5.958,0.032,High-Confidence (Std <= 0.20)
WT_Cand_5280,6.941,0.145,High-Confidence (Std <= 0.20)
WT_Cand_5281,6.113,0.238,Low-Confidence (Filtered Out)
WT_Cand_5282,7.608,0.052,High-Confidence (Std <= 0.20)
WT_Cand_5283,8.031,0.374,Low-Confidence (Filtered Out)
WT_Cand_5284,7.54,0.083,High-Confidence (Std <= 0.20)
WT_Cand_5285,8.712,0.685,Low-Confidence (Filtered Out)
WT_Cand_5286,7.328,0.438,Low-Confidence (Filtered Out)
WT_Cand_5287,5.451,0.078,High-Confidence (Std <= 0.20)
WT_Cand_5288,8.418,0.304,Low-Confidence (Filtered Out)
WT_Cand_5289,6.154,0.318,Low-Confidence (Filtered Out)
WT_Cand_5290,7.897,0.102,High-Confidence (Std <= 0.20)
WT_Cand_5291,8.66,0.183,High-Confidence (Std <= 0.20)
WT_Cand_5292,7.375,0.086,High-Confidence (Std <= 0.20)
WT_Cand_5293,5.129,0.045,High-Confidence (Std <= 0.20)
WT_Cand_5294,5.794,0.387,Low-Confidence (Filtered Out)
WT_Cand_5295,8.371,0.122,High-Confidence (Std <= 0.20)
WT_Cand_5296,6.656,0.191,High-Confidence (Std <= 0.20)
WT_Cand_5297,6.942,0.367,Low-Confidence (Filtered Out)
WT_Cand_5298,7.723,0.326,Low-Confidence (Filtered Out)
WT_Cand_5299,7.651,0.096,High-Confidence (Std <= 0.20)
WT_Cand_5300,7.171,0.07,High-Confidence (Std <= 0.20)
WT_Cand_5301,6.61,0.009,High-Confidence (Std <= 0.20)
WT_Cand_5302,6.49,0.296,Low-Confidence (Filtered Out)
WT_Cand_5303,7.837,0.134,High-Confidence (Std <= 0.20)
WT_Cand_5304,7.487,0.038,High-Confidence (Std <= 0.20)
WT_Cand_5305,6.554,0.129,High-Confidence (Std <= 0.20)
WT_Cand_5306,8.094,0.451,Low-Confidence (Filtered Out)
WT_Cand_5307,6.702,0.462,Low-Confidence (Filtered Out)
WT_Cand_5308,5.871,0.029,High-Confidence (Std <= 0.20)
WT_Cand_5309,5.977,0.068,High-Confidence (Std <= 0.20)
WT_Cand_5310,5.724,0.472,Low-Confidence (Filtered Out)
WT_Cand_5311,6.537,0.09,High-Confidence (Std <= 0.20)
WT_Cand_5312,8.269,0.093,High-Confidence (Std <= 0.20)
WT_Cand_5313,5.924,0.017,High-Confidence (Std <= 0.20)
WT_Cand_5314,7.067,0.12,High-Confidence (Std <= 0.20)
WT_Cand_5315,6.095,0.314,Low-Confidence (Filtered Out)
WT_Cand_5316,6.551,0.017,High-Confidence (Std <= 0.20)
WT_Cand_5317,5.113,0.047,High-Confidence (Std <= 0.20)
WT_Cand_5318,6.596,0.356,Low-Confidence (Filtered Out)
WT_Cand_5319,6.627,0.238,Low-Confidence (Filtered Out)
WT_Cand_5320,7.471,0.082,High-Confidence (Std <= 0.20)
WT_Cand_5321,7.107,0.794,Low-Confidence (Filtered Out)
WT_Cand_5322,5.472,0.233,Low-Confidence (Filtered Out)
WT_Cand_5323,8.097,0.471,Low-Confidence (Filtered Out)
WT_Cand_5324,7.092,0.139,High-Confidence (Std <= 0.20)
WT_Cand_5325,7.078,0.075,High-Confidence (Std <= 0.20)
WT_Cand_5326,6.839,0.109,High-Confidence (Std <= 0.20)
WT_Cand_5327,6.255,0.026,High-Confidence (Std <= 0.20)
WT_Cand_5328,7.1,0.287,Low-Confidence (Filtered Out)
WT_Cand_5329,7.397,0.104,High-Confidence (Std <= 0.20)
WT_Cand_5330,4.841,0.171,High-Confidence (Std <= 0.20)
WT_Cand_5331,6.23,0.087,High-Confidence (Std <= 0.20)
WT_Cand_5332,6.557,0.167,High-Confidence (Std <= 0.20)
WT_Cand_5333,7.145,0.014,High-Confidence (Std <= 0.20)
WT_Cand_5334,8.222,0.188,High-Confidence (Std <= 0.20)
WT_Cand_5335,5.962,0.047,High-Confidence (Std <= 0.20)
WT_Cand_5336,6.277,0.1,High-Confidence (Std <= 0.20)
WT_Cand_5337,6.261,0.086,High-Confidence (Std <= 0.20)
WT_Cand_5338,5.928,0.181,High-Confidence (Std <= 0.20)
WT_Cand_5339,6.451,0.025,High-Confidence (Std <= 0.20)
WT_Cand_5340,7.736,0.085,High-Confidence (Std <= 0.20)
WT_Cand_5341,5.638,0.36,Low-Confidence (Filtered Out)
WT_Cand_5342,7.342,0.038,High-Confidence (Std <= 0.20)
WT_Cand_5343,4.893,0.021,High-Confidence (Std <= 0.20)
WT_Cand_5344,6.204,0.07,High-Confidence (Std <= 0.20)
WT_Cand_5345,6.471,0.058,High-Confidence (Std <= 0.20)
WT_Cand_5346,8.776,0.54,Low-Confidence (Filtered Out)
WT_Cand_5347,6.534,0.255,Low-Confidence (Filtered Out)
WT_Cand_5348,4.319,0.019,High-Confidence (Std <= 0.20)
WT_Cand_5349,4.551,0.11,High-Confidence (Std <= 0.20)
WT_Cand_5350,6.889,0.169,High-Confidence (Std <= 0.20)
WT_Cand_5351,7.556,0.104,High-Confidence (Std <= 0.20)
WT_Cand_5352,7.282,0.006,High-Confidence (Std <= 0.20)
WT_Cand_5353,7.043,0.202,Low-Confidence (Filtered Out)
WT_Cand_5354,8.187,0.036,High-Confidence (Std <= 0.20)
WT_Cand_5355,6.229,0.011,High-Confidence (Std <= 0.20)
WT_Cand_5356,7.879,0.014,High-Confidence (Std <= 0.20)
WT_Cand_5357,4.973,0.095,High-Confidence (Std <= 0.20)
WT_Cand_5358,5.809,0.15,High-Confidence (Std <= 0.20)
WT_Cand_5359,4.772,0.013,High-Confidence (Std <= 0.20)
WT_Cand_5360,6.534,0.094,High-Confidence (Std <= 0.20)
WT_Cand_5361,6.797,0.051,High-Confidence (Std <= 0.20)
WT_Cand_5362,6.981,0.269,Low-Confidence (Filtered Out)
WT_Cand_5363,6.921,0.073,High-Confidence (Std <= 0.20)
WT_Cand_5364,5.783,0.285,Low-Confidence (Filtered Out)
WT_Cand_5365,6.631,0.189,High-Confidence (Std <= 0.20)
WT_Cand_5366,5.128,0.044,High-Confidence (Std <= 0.20)
WT_Cand_5367,8.418,0.118,High-Confidence (Std <= 0.20)
WT_Cand_5368,6.501,0.091,High-Confidence (Std <= 0.20)
WT_Cand_5369,6.288,0.299,Low-Confidence (Filtered Out)
WT_Cand_5370,8.677,0.209,Low-Confidence (Filtered Out)
WT_Cand_5371,5.421,0.136,High-Confidence (Std <= 0.20)
WT_Cand_5372,5.556,0.12,High-Confidence (Std <= 0.20)
WT_Cand_5373,5.589,0.107,High-Confidence (Std <= 0.20)
WT_Cand_5374,6.772,0.099,High-Confidence (Std <= 0.20)
WT_Cand_5375,7.346,0.183,High-Confidence (Std <= 0.20)
WT_Cand_5376,7.701,0.747,Low-Confidence (Filtered Out)
WT_Cand_5377,9.808,0.174,High-Confidence (Std <= 0.20)
WT_Cand_5378,4.263,0.139,High-Confidence (Std <= 0.20)
WT_Cand_5379,7.55,0.192,High-Confidence (Std <= 0.20)
WT_Cand_5380,6.209,0.011,High-Confidence (Std <= 0.20)
WT_Cand_5381,6.176,0.102,High-Confidence (Std <= 0.20)
WT_Cand_5382,6.137,0.325,Low-Confidence (Filtered Out)
WT_Cand_5383,5.805,0.069,High-Confidence (Std <= 0.20)
WT_Cand_5384,8.787,0.275,Low-Confidence (Filtered Out)
WT_Cand_5385,7.819,0.135,High-Confidence (Std <= 0.20)
WT_Cand_5386,6.877,0.138,High-Confidence (Std <= 0.20)
WT_Cand_5387,8.404,0.038,High-Confidence (Std <= 0.20)
WT_Cand_5388,5.111,0.148,High-Confidence (Std <= 0.20)
WT_Cand_5389,5.32,0.122,High-Confidence (Std <= 0.20)
WT_Cand_5390,4.345,0.073,High-Confidence (Std <= 0.20)
WT_Cand_5391,6.046,0.43,Low-Confidence (Filtered Out)
WT_Cand_5392,7.036,0.507,Low-Confidence (Filtered Out)
WT_Cand_5393,6.968,0.051,High-Confidence (Std <= 0.20)
WT_Cand_5394,7.022,0.069,High-Confidence (Std <= 0.20)
WT_Cand_5395,5.227,0.336,Low-Confidence (Filtered Out)
WT_Cand_5396,7.774,0.071,High-Confidence (Std <= 0.20)
WT_Cand_5397,7.126,0.18,High-Confidence (Std <= 0.20)
WT_Cand_5398,7.693,0.094,High-Confidence (Std <= 0.20)
WT_Cand_5399,4.673,0.116,High-Confidence (Std <= 0.20)
WT_Cand_5400,7.208,0.071,High-Confidence (Std <= 0.20)
WT_Cand_5401,5.484,0.234,Low-Confidence (Filtered Out)
WT_Cand_5402,6.393,0.666,Low-Confidence (Filtered Out)
WT_Cand_5403,7.465,0.137,High-Confidence (Std <= 0.20)
WT_Cand_5404,6.955,0.177,High-Confidence (Std <= 0.20)
WT_Cand_5405,5.871,0.151,High-Confidence (Std <= 0.20)
WT_Cand_5406,6.857,0.014,High-Confidence (Std <= 0.20)
WT_Cand_5407,5.089,0.085,High-Confidence (Std <= 0.20)
WT_Cand_5408,8.173,0.05,High-Confidence (Std <= 0.20)
WT_Cand_5409,6.614,0.238,Low-Confidence (Filtered Out)
WT_Cand_5410,8.136,0.065,High-Confidence (Std <= 0.20)
WT_Cand_5411,6.244,0.319,Low-Confidence (Filtered Out)
WT_Cand_5412,6.248,0.041,High-Confidence (Std <= 0.20)
WT_Cand_5413,5.971,0.268,Low-Confidence (Filtered Out)
WT_Cand_5414,7.858,0.04,High-Confidence (Std <= 0.20)
WT_Cand_5415,6.034,0.172,High-Confidence (Std <= 0.20)
WT_Cand_5416,7.591,0.061,High-Confidence (Std <= 0.20)
WT_Cand_5417,6.41,0.066,High-Confidence (Std <= 0.20)
WT_Cand_5418,4.578,0.598,Low-Confidence (Filtered Out)
WT_Cand_5419,6.194,0.053,High-Confidence (Std <= 0.20)
WT_Cand_5420,5.494,0.138,High-Confidence (Std <= 0.20)
WT_Cand_5421,6.889,0.294,Low-Confidence (Filtered Out)
WT_Cand_5422,5.481,0.016,High-Confidence (Std <= 0.20)
WT_Cand_5423,7.915,0.199,High-Confidence (Std <= 0.20)
WT_Cand_5424,6.745,0.503,Low-Confidence (Filtered Out)
WT_Cand_5425,6.646,0.045,High-Confidence (Std <= 0.20)
WT_Cand_5426,7.604,0.101,High-Confidence (Std <= 0.20)
WT_Cand_5427,7.958,0.085,High-Confidence (Std <= 0.20)
WT_Cand_5428,6.827,0.308,Low-Confidence (Filtered Out)
WT_Cand_5429,5.963,0.114,High-Confidence (Std <= 0.20)
WT_Cand_5430,4.81,0.295,Low-Confidence (Filtered Out)
WT_Cand_5431,6.061,0.461,Low-Confidence (Filtered Out)
WT_Cand_5432,6.14,0.496,Low-Confidence (Filtered Out)
WT_Cand_5433,6.973,0.533,Low-Confidence (Filtered Out)
WT_Cand_5434,6.453,0.064,High-Confidence (Std <= 0.20)
WT_Cand_5435,7.641,0.245,Low-Confidence (Filtered Out)
WT_Cand_5436,6.145,0.221,Low-Confidence (Filtered Out)
WT_Cand_5437,6.784,0.16,High-Confidence (Std <= 0.20)
WT_Cand_5438,8.212,0.155,High-Confidence (Std <= 0.20)
WT_Cand_5439,7.243,0.125,High-Confidence (Std <= 0.20)
WT_Cand_5440,6.781,0.11,High-Confidence (Std <= 0.20)
WT_Cand_5441,6.158,0.115,High-Confidence (Std <= 0.20)
WT_Cand_5442,6.122,0.041,High-Confidence (Std <= 0.20)
WT_Cand_5443,5.872,0.335,Low-Confidence (Filtered Out)
WT_Cand_5444,6.228,0.029,High-Confidence (Std <= 0.20)
WT_Cand_5445,7.719,0.553,Low-Confidence (Filtered Out)
WT_Cand_5446,6.595,0.022,High-Confidence (Std <= 0.20)
WT_Cand_5447,5.298,0.072,High-Confidence (Std <= 0.20)
WT_Cand_5448,8.883,0.201,Low-Confidence (Filtered Out)
WT_Cand_5449,7.218,0.12,High-Confidence (Std <= 0.20)
WT_Cand_5450,5.232,0.216,Low-Confidence (Filtered Out)
WT_Cand_5451,6.342,0.09,High-Confidence (Std <= 0.20)
WT_Cand_5452,6.978,0.092,High-Confidence (Std <= 0.20)
WT_Cand_5453,8.81,0.096,High-Confidence (Std <= 0.20)
WT_Cand_5454,5.576,0.204,Low-Confidence (Filtered Out)
WT_Cand_5455,7.972,0.158,High-Confidence (Std <= 0.20)
WT_Cand_5456,8.459,0.168,High-Confidence (Std <= 0.20)
WT_Cand_5457,6.127,0.793,Low-Confidence (Filtered Out)
WT_Cand_5458,6.531,0.013,High-Confidence (Std <= 0.20)
WT_Cand_5459,5.658,0.096,High-Confidence (Std <= 0.20)
WT_Cand_5460,6.616,0.036,High-Confidence (Std <= 0.20)
WT_Cand_5461,6.808,0.156,High-Confidence (Std <= 0.20)
WT_Cand_5462,7.609,0.254,Low-Confidence (Filtered Out)
WT_Cand_5463,8.104,0.062,High-Confidence (Std <= 0.20)
WT_Cand_5464,5.99,0.007,High-Confidence (Std <= 0.20)
WT_Cand_5465,4.588,0.247,Low-Confidence (Filtered Out)
WT_Cand_5466,6.826,0.045,High-Confidence (Std <= 0.20)
WT_Cand_5467,7.188,0.064,High-Confidence (Std <= 0.20)
WT_Cand_5468,7.137,0.061,High-Confidence (Std <= 0.20)
WT_Cand_5469,6.474,0.084,High-Confidence (Std <= 0.20)
WT_Cand_5470,6.993,0.11,High-Confidence (Std <= 0.20)
WT_Cand_5471,8.593,0.123,High-Confidence (Std <= 0.20)
WT_Cand_5472,7.289,0.052,High-Confidence (Std <= 0.20)
WT_Cand_5473,6.421,0.07,High-Confidence (Std <= 0.20)
WT_Cand_5474,6.275,0.207,Low-Confidence (Filtered Out)
WT_Cand_5475,6.655,0.202,Low-Confidence (Filtered Out)
WT_Cand_5476,8.732,0.041,High-Confidence (Std <= 0.20)
WT_Cand_5477,6.639,0.299,Low-Confidence (Filtered Out)
WT_Cand_5478,6.827,0.088,High-Confidence (Std <= 0.20)
WT_Cand_5479,6.295,0.062,High-Confidence (Std <= 0.20)
WT_Cand_5480,8.114,0.025,High-Confidence (Std <= 0.20)
WT_Cand_5481,9.104,0.032,High-Confidence (Std <= 0.20)
WT_Cand_5482,7.368,0.06,High-Confidence (Std <= 0.20)
WT_Cand_5483,6.945,0.35,Low-Confidence (Filtered Out)
WT_Cand_5484,6.892,0.06,High-Confidence (Std <= 0.20)
WT_Cand_5485,4.108,0.218,Low-Confidence (Filtered Out)
WT_Cand_5486,7.707,0.164,High-Confidence (Std <= 0.20)
WT_Cand_5487,7.004,0.302,Low-Confidence (Filtered Out)
WT_Cand_5488,7.343,0.037,High-Confidence (Std <= 0.20)
WT_Cand_5489,6.032,0.209,Low-Confidence (Filtered Out)
WT_Cand_5490,6.408,0.299,Low-Confidence (Filtered Out)
WT_Cand_5491,6.377,0.34,Low-Confidence (Filtered Out)
WT_Cand_5492,8.025,0.095,High-Confidence (Std <= 0.20)
WT_Cand_5493,6.414,0.062,High-Confidence (Std <= 0.20)
WT_Cand_5494,9.245,0.418,Low-Confidence (Filtered Out)
WT_Cand_5495,7.345,0.116,High-Confidence (Std <= 0.20)
WT_Cand_5496,5.383,0.026,High-Confidence (Std <= 0.20)
WT_Cand_5497,6.702,0.151,High-Confidence (Std <= 0.20)
WT_Cand_5498,6.101,0.096,High-Confidence (Std <= 0.20)
WT_Cand_5499,4.326,0.06,High-Confidence (Std <= 0.20)
WT_Cand_5500,8.689,0.118,High-Confidence (Std <= 0.20)
WT_Cand_5501,7.659,0.097,High-Confidence (Std <= 0.20)
WT_Cand_5502,7.463,0.025,High-Confidence (Std <= 0.20)
WT_Cand_5503,7.04,0.143,High-Confidence (Std <= 0.20)
WT_Cand_5504,5.261,0.047,High-Confidence (Std <= 0.20)
WT_Cand_5505,6.294,0.109,High-Confidence (Std <= 0.20)
WT_Cand_5506,7.818,0.46,Low-Confidence (Filtered Out)
WT_Cand_5507,5.641,0.357,Low-Confidence (Filtered Out)
WT_Cand_5508,3.938,0.471,Low-Confidence (Filtered Out)
WT_Cand_5509,6.589,0.313,Low-Confidence (Filtered Out)
WT_Cand_5510,6.687,0.062,High-Confidence (Std <= 0.20)
WT_Cand_5511,7.006,0.769,Low-Confidence (Filtered Out)
WT_Cand_5512,7.688,0.036,High-Confidence (Std <= 0.20)
WT_Cand_5513,7.583,0.301,Low-Confidence (Filtered Out)
WT_Cand_5514,7.148,0.032,High-Confidence (Std <= 0.20)
WT_Cand_5515,8.225,0.057,High-Confidence (Std <= 0.20)
WT_Cand_5516,5.103,0.259,Low-Confidence (Filtered Out)
WT_Cand_5517,7.43,0.147,High-Confidence (Std <= 0.20)
WT_Cand_5518,7.571,0.049,High-Confidence (Std <= 0.20)
WT_Cand_5519,5.425,0.137,High-Confidence (Std <= 0.20)
WT_Cand_5520,5.122,0.145,High-Confidence (Std <= 0.20)
WT_Cand_5521,5.992,0.137,High-Confidence (Std <= 0.20)
WT_Cand_5522,6.089,0.422,Low-Confidence (Filtered Out)
WT_Cand_5523,7.716,0.041,High-Confidence (Std <= 0.20)
WT_Cand_5524,6.143,0.092,High-Confidence (Std <= 0.20)
WT_Cand_5525,5.865,0.011,High-Confidence (Std <= 0.20)
WT_Cand_5526,6.147,0.139,High-Confidence (Std <= 0.20)
WT_Cand_5527,8.136,0.257,Low-Confidence (Filtered Out)
WT_Cand_5528,6.865,0.305,Low-Confidence (Filtered Out)
WT_Cand_5529,6.644,0.026,High-Confidence (Std <= 0.20)
WT_Cand_5530,6.723,0.167,High-Confidence (Std <= 0.20)
WT_Cand_5531,8.336,0.348,Low-Confidence (Filtered Out)
WT_Cand_5532,5.988,0.062,High-Confidence (Std <= 0.20)
WT_Cand_5533,8.363,0.928,Low-Confidence (Filtered Out)
WT_Cand_5534,7.092,0.199,High-Confidence (Std <= 0.20)
WT_Cand_5535,6.666,0.004,High-Confidence (Std <= 0.20)
WT_Cand_5536,9.726,0.106,High-Confidence (Std <= 0.20)
WT_Cand_5537,5.636,0.091,High-Confidence (Std <= 0.20)
WT_Cand_5538,6.443,0.118,High-Confidence (Std <= 0.20)
WT_Cand_5539,5.433,0.411,Low-Confidence (Filtered Out)
WT_Cand_5540,7.945,0.204,Low-Confidence (Filtered Out)
WT_Cand_5541,8.793,0.031,High-Confidence (Std <= 0.20)
WT_Cand_5542,8.77,0.168,High-Confidence (Std <= 0.20)
WT_Cand_5543,8.258,0.289,Low-Confidence (Filtered Out)
WT_Cand_5544,6.623,0.007,High-Confidence (Std <= 0.20)
WT_Cand_5545,6.43,0.056,High-Confidence (Std <= 0.20)
WT_Cand_5546,4.928,0.236,Low-Confidence (Filtered Out)
WT_Cand_5547,9.191,0.521,Low-Confidence (Filtered Out)
WT_Cand_5548,7.389,0.029,High-Confidence (Std <= 0.20)
WT_Cand_5549,6.284,0.26,Low-Confidence (Filtered Out)
WT_Cand_5550,8.377,0.415,Low-Confidence (Filtered Out)
WT_Cand_5551,5.731,0.073,High-Confidence (Std <= 0.20)
WT_Cand_5552,7.318,0.28,Low-Confidence (Filtered Out)
WT_Cand_5553,6.651,0.092,High-Confidence (Std <= 0.20)
WT_Cand_5554,7.584,0.125,High-Confidence (Std <= 0.20)
WT_Cand_5555,6.777,0.182,High-Confidence (Std <= 0.20)
WT_Cand_5556,5.181,0.378,Low-Confidence (Filtered Out)
WT_Cand_5557,6.937,0.644,Low-Confidence (Filtered Out)
WT_Cand_5558,8.056,0.084,High-Confidence (Std <= 0.20)
WT_Cand_5559,6.816,0.044,High-Confidence (Std <= 0.20)
WT_Cand_5560,7.741,0.366,Low-Confidence (Filtered Out)
WT_Cand_5561,5.648,0.262,Low-Confidence (Filtered Out)
WT_Cand_5562,6.82,0.2,High-Confidence (Std <= 0.20)
WT_Cand_5563,6.132,0.298,Low-Confidence (Filtered Out)
WT_Cand_5564,7.709,0.094,High-Confidence (Std <= 0.20)
WT_Cand_5565,6.886,0.202,Low-Confidence (Filtered Out)
WT_Cand_5566,7.644,0.438,Low-Confidence (Filtered Out)
WT_Cand_5567,8.101,0.074,High-Confidence (Std <= 0.20)
WT_Cand_5568,7.645,0.281,Low-Confidence (Filtered Out)
WT_Cand_5569,7.164,0.106,High-Confidence (Std <= 0.20)
WT_Cand_5570,5.702,0.354,Low-Confidence (Filtered Out)
WT_Cand_5571,6.847,0.409,Low-Confidence (Filtered Out)
WT_Cand_5572,6.237,0.129,High-Confidence (Std <= 0.20)
WT_Cand_5573,6.454,0.177,High-Confidence (Std <= 0.20)
WT_Cand_5574,6.419,0.061,High-Confidence (Std <= 0.20)
WT_Cand_5575,5.723,0.218,Low-Confidence (Filtered Out)
WT_Cand_5576,4.599,0.027,High-Confidence (Std <= 0.20)
WT_Cand_5577,6.082,0.215,Low-Confidence (Filtered Out)
WT_Cand_5578,7.072,0.247,Low-Confidence (Filtered Out)
WT_Cand_5579,5.3,0.169,High-Confidence (Std <= 0.20)
WT_Cand_5580,6.868,0.067,High-Confidence (Std <= 0.20)
WT_Cand_5581,9.035,0.403,Low-Confidence (Filtered Out)
WT_Cand_5582,8.027,0.067,High-Confidence (Std <= 0.20)
WT_Cand_5583,8.74,0.46,Low-Confidence (Filtered Out)
WT_Cand_5584,7.3,0.165,High-Confidence (Std <= 0.20)
WT_Cand_5585,8.193,0.651,Low-Confidence (Filtered Out)
WT_Cand_5586,6.017,0.312,Low-Confidence (Filtered Out)
WT_Cand_5587,6.109,0.071,High-Confidence (Std <= 0.20)
WT_Cand_5588,3.7,0.247,Low-Confidence (Filtered Out)
WT_Cand_5589,8.214,0.29,Low-Confidence (Filtered Out)
WT_Cand_5590,8.621,0.18,High-Confidence (Std <= 0.20)
WT_Cand_5591,6.214,0.142,High-Confidence (Std <= 0.20)
WT_Cand_5592,6.558,0.421,Low-Confidence (Filtered Out)
WT_Cand_5593,5.983,0.06,High-Confidence (Std <= 0.20)
WT_Cand_5594,7.29,0.161,High-Confidence (Std <= 0.20)
WT_Cand_5595,8.144,1.368,Low-Confidence (Filtered Out)
WT_Cand_5596,4.846,0.165,High-Confidence (Std <= 0.20)
WT_Cand_5597,7.321,0.161,High-Confidence (Std <= 0.20)
WT_Cand_5598,6.532,0.031,High-Confidence (Std <= 0.20)
WT_Cand_5599,6.98,0.404,Low-Confidence (Filtered Out)
WT_Cand_5600,7.378,0.363,Low-Confidence (Filtered Out)
WT_Cand_5601,6.634,0.107,High-Confidence (Std <= 0.20)
WT_Cand_5602,6.731,0.417,Low-Confidence (Filtered Out)
WT_Cand_5603,6.604,0.096,High-Confidence (Std <= 0.20)
WT_Cand_5604,7.966,0.105,High-Confidence (Std <= 0.20)
WT_Cand_5605,7.332,0.163,High-Confidence (Std <= 0.20)
WT_Cand_5606,7.104,0.068,High-Confidence (Std <= 0.20)
WT_Cand_5607,5.388,0.081,High-Confidence (Std <= 0.20)
WT_Cand_5608,6.415,0.262,Low-Confidence (Filtered Out)
WT_Cand_5609,7.883,0.03,High-Confidence (Std <= 0.20)
WT_Cand_5610,6.893,0.165,High-Confidence (Std <= 0.20)
WT_Cand_5611,7.608,0.253,Low-Confidence (Filtered Out)
WT_Cand_5612,8.881,0.228,Low-Confidence (Filtered Out)
WT_Cand_5613,8.044,0.402,Low-Confidence (Filtered Out)
WT_Cand_5614,6.957,0.036,High-Confidence (Std <= 0.20)
WT_Cand_5615,6.262,0.015,High-Confidence (Std <= 0.20)
WT_Cand_5616,3.913,0.078,High-Confidence (Std <= 0.20)
WT_Cand_5617,6.656,0.533,Low-Confidence (Filtered Out)
WT_Cand_5618,6.475,0.124,High-Confidence (Std <= 0.20)
WT_Cand_5619,7.299,0.266,Low-Confidence (Filtered Out)
WT_Cand_5620,6.673,0.253,Low-Confidence (Filtered Out)
WT_Cand_5621,6.482,0.075,High-Confidence (Std <= 0.20)
WT_Cand_5622,4.804,0.036,High-Confidence (Std <= 0.20)
WT_Cand_5623,5.769,0.09,High-Confidence (Std <= 0.20)
WT_Cand_5624,7.398,0.211,Low-Confidence (Filtered Out)
WT_Cand_5625,8.823,0.155,High-Confidence (Std <= 0.20)
WT_Cand_5626,6.738,0.171,High-Confidence (Std <= 0.20)
WT_Cand_5627,7.227,0.065,High-Confidence (Std <= 0.20)
WT_Cand_5628,7.945,0.161,High-Confidence (Std <= 0.20)
WT_Cand_5629,5.917,0.028,High-Confidence (Std <= 0.20)
WT_Cand_5630,7.272,0.09,High-Confidence (Std <= 0.20)
WT_Cand_5631,5.998,0.037,High-Confidence (Std <= 0.20)
WT_Cand_5632,7.845,0.074,High-Confidence (Std <= 0.20)
WT_Cand_5633,7.024,0.241,Low-Confidence (Filtered Out)
WT_Cand_5634,7.193,0.045,High-Confidence (Std <= 0.20)
WT_Cand_5635,5.95,0.082,High-Confidence (Std <= 0.20)
WT_Cand_5636,7.663,0.076,High-Confidence (Std <= 0.20)
WT_Cand_5637,9.247,0.15,High-Confidence (Std <= 0.20)
WT_Cand_5638,5.691,0.078,High-Confidence (Std <= 0.20)
WT_Cand_5639,6.459,0.102,High-Confidence (Std <= 0.20)
WT_Cand_5640,7.116,0.029,High-Confidence (Std <= 0.20)
WT_Cand_5641,7.754,0.226,Low-Confidence (Filtered Out)
WT_Cand_5642,6.207,0.238,Low-Confidence (Filtered Out)
WT_Cand_5643,3.592,0.208,Low-Confidence (Filtered Out)
WT_Cand_5644,8.413,0.031,High-Confidence (Std <= 0.20)
WT_Cand_5645,7.725,0.077,High-Confidence (Std <= 0.20)
WT_Cand_5646,4.846,0.263,Low-Confidence (Filtered Out)
WT_Cand_5647,6.151,0.163,High-Confidence (Std <= 0.20)
WT_Cand_5648,8.653,0.396,Low-Confidence (Filtered Out)
WT_Cand_5649,8.515,0.353,Low-Confidence (Filtered Out)
WT_Cand_5650,7.929,0.134,High-Confidence (Std <= 0.20)
WT_Cand_5651,6.647,0.075,High-Confidence (Std <= 0.20)
WT_Cand_5652,6.945,0.253,Low-Confidence (Filtered Out)
WT_Cand_5653,6.699,0.274,Low-Confidence (Filtered Out)
WT_Cand_5654,8.147,0.302,Low-Confidence (Filtered Out)
WT_Cand_5655,5.843,0.161,High-Confidence (Std <= 0.20)
WT_Cand_5656,5.923,0.066,High-Confidence (Std <= 0.20)
WT_Cand_5657,8.012,0.205,Low-Confidence (Filtered Out)
WT_Cand_5658,6.799,0.213,Low-Confidence (Filtered Out)
WT_Cand_5659,8.435,0.247,Low-Confidence (Filtered Out)
WT_Cand_5660,6.078,0.084,High-Confidence (Std <= 0.20)
WT_Cand_5661,6.787,0.204,Low-Confidence (Filtered Out)
WT_Cand_5662,5.789,0.023,High-Confidence (Std <= 0.20)
WT_Cand_5663,6.858,0.266,Low-Confidence (Filtered Out)
WT_Cand_5664,5.15,0.156,High-Confidence (Std <= 0.20)
WT_Cand_5665,6.289,0.073,High-Confidence (Std <= 0.20)
WT_Cand_5666,5.198,0.384,Low-Confidence (Filtered Out)
WT_Cand_5667,7.648,0.096,High-Confidence (Std <= 0.20)
WT_Cand_5668,7.674,0.157,High-Confidence (Std <= 0.20)
WT_Cand_5669,4.86,0.081,High-Confidence (Std <= 0.20)
WT_Cand_5670,8.384,0.143,High-Confidence (Std <= 0.20)
WT_Cand_5671,9.722,0.216,Low-Confidence (Filtered Out)
WT_Cand_5672,6.903,0.088,High-Confidence (Std <= 0.20)
WT_Cand_5673,6.113,0.116,High-Confidence (Std <= 0.20)
WT_Cand_5674,10.098,0.262,Low-Confidence (Filtered Out)
WT_Cand_5675,5.333,0.011,High-Confidence (Std <= 0.20)
WT_Cand_5676,6.873,0.276,Low-Confidence (Filtered Out)
WT_Cand_5677,7.057,0.32,Low-Confidence (Filtered Out)
WT_Cand_5678,8.397,0.045,High-Confidence (Std <= 0.20)
WT_Cand_5679,7.264,0.016,High-Confidence (Std <= 0.20)
WT_Cand_5680,6.277,0.032,High-Confidence (Std <= 0.20)
WT_Cand_5681,5.756,0.053,High-Confidence (Std <= 0.20)
WT_Cand_5682,6.457,0.037,High-Confidence (Std <= 0.20)
WT_Cand_5683,5.692,0.23,Low-Confidence (Filtered Out)
WT_Cand_5684,6.905,0.123,High-Confidence (Std <= 0.20)
WT_Cand_5685,6.201,0.181,High-Confidence (Std <= 0.20)
WT_Cand_5686,5.132,0.299,Low-Confidence (Filtered Out)
WT_Cand_5687,8.293,0.251,Low-Confidence (Filtered Out)
WT_Cand_5688,6.278,0.451,Low-Confidence (Filtered Out)
WT_Cand_5689,5.392,0.346,Low-Confidence (Filtered Out)
WT_Cand_5690,6.657,0.111,High-Confidence (Std <= 0.20)
WT_Cand_5691,6.929,0.205,Low-Confidence (Filtered Out)
WT_Cand_5692,4.842,0.463,Low-Confidence (Filtered Out)
WT_Cand_5693,7.231,0.096,High-Confidence (Std <= 0.20)
WT_Cand_5694,5.646,0.22,Low-Confidence (Filtered Out)
WT_Cand_5695,8.818,0.566,Low-Confidence (Filtered Out)
WT_Cand_5696,7.453,0.241,Low-Confidence (Filtered Out)
WT_Cand_5697,6.39,0.047,High-Confidence (Std <= 0.20)
WT_Cand_5698,5.993,0.018,High-Confidence (Std <= 0.20)
WT_Cand_5699,6.729,0.059,High-Confidence (Std <= 0.20)
WT_Cand_5700,7.555,0.118,High-Confidence (Std <= 0.20)
WT_Cand_5701,6.821,0.531,Low-Confidence (Filtered Out)
WT_Cand_5702,6.6,0.312,Low-Confidence (Filtered Out)
WT_Cand_5703,6.917,0.094,High-Confidence (Std <= 0.20)
WT_Cand_5704,6.156,0.05,High-Confidence (Std <= 0.20)
WT_Cand_5705,6.455,0.05,High-Confidence (Std <= 0.20)
WT_Cand_5706,4.451,0.647,Low-Confidence (Filtered Out)
WT_Cand_5707,7.97,0.043,High-Confidence (Std <= 0.20)
WT_Cand_5708,7.194,0.273,Low-Confidence (Filtered Out)
WT_Cand_5709,5.961,0.261,Low-Confidence (Filtered Out)
WT_Cand_5710,9.034,0.109,High-Confidence (Std <= 0.20)
WT_Cand_5711,6.95,0.039,High-Confidence (Std <= 0.20)
WT_Cand_5712,5.658,0.208,Low-Confidence (Filtered Out)
WT_Cand_5713,7.835,0.501,Low-Confidence (Filtered Out)
WT_Cand_5714,7.308,0.033,High-Confidence (Std <= 0.20)
WT_Cand_5715,7.304,0.15,High-Confidence (Std <= 0.20)
WT_Cand_5716,6.36,0.25,Low-Confidence (Filtered Out)
WT_Cand_5717,7.368,0.477,Low-Confidence (Filtered Out)
WT_Cand_5718,6.549,0.012,High-Confidence (Std <= 0.20)
WT_Cand_5719,7.489,0.226,Low-Confidence (Filtered Out)
WT_Cand_5720,4.659,0.47,Low-Confidence (Filtered Out)
WT_Cand_5721,6.351,0.274,Low-Confidence (Filtered Out)
WT_Cand_5722,8.83,0.075,High-Confidence (Std <= 0.20)
WT_Cand_5723,5.968,0.156,High-Confidence (Std <= 0.20)
WT_Cand_5724,6.156,0.307,Low-Confidence (Filtered Out)
WT_Cand_5725,6.335,0.325,Low-Confidence (Filtered Out)
WT_Cand_5726,5.453,0.27,Low-Confidence (Filtered Out)
WT_Cand_5727,4.31,0.169,High-Confidence (Std <= 0.20)
WT_Cand_5728,6.585,0.129,High-Confidence (Std <= 0.20)
WT_Cand_5729,7.006,0.343,Low-Confidence (Filtered Out)
WT_Cand_5730,6.79,0.211,Low-Confidence (Filtered Out)
WT_Cand_5731,6.683,0.16,High-Confidence (Std <= 0.20)
WT_Cand_5732,6.899,0.068,High-Confidence (Std <= 0.20)
WT_Cand_5733,8.026,0.063,High-Confidence (Std <= 0.20)
WT_Cand_5734,6.631,0.133,High-Confidence (Std <= 0.20)
WT_Cand_5735,6.19,0.238,Low-Confidence (Filtered Out)
WT_Cand_5736,6.527,0.224,Low-Confidence (Filtered Out)
WT_Cand_5737,7.516,0.213,Low-Confidence (Filtered Out)
WT_Cand_5738,8.474,0.152,High-Confidence (Std <= 0.20)
WT_Cand_5739,6.128,0.319,Low-Confidence (Filtered Out)
WT_Cand_5740,6.964,0.37,Low-Confidence (Filtered Out)
WT_Cand_5741,7.239,0.043,High-Confidence (Std <= 0.20)
WT_Cand_5742,5.709,0.081,High-Confidence (Std <= 0.20)
WT_Cand_5743,6.873,0.636,Low-Confidence (Filtered Out)
WT_Cand_5744,5.164,0.125,High-Confidence (Std <= 0.20)
WT_Cand_5745,4.816,0.128,High-Confidence (Std <= 0.20)
WT_Cand_5746,7.272,0.062,High-Confidence (Std <= 0.20)
WT_Cand_5747,6.409,0.326,Low-Confidence (Filtered Out)
WT_Cand_5748,7.083,0.756,Low-Confidence (Filtered Out)
WT_Cand_5749,6.829,0.062,High-Confidence (Std <= 0.20)
WT_Cand_5750,5.727,0.342,Low-Confidence (Filtered Out)
WT_Cand_5751,6.798,0.053,High-Confidence (Std <= 0.20)
WT_Cand_5752,5.432,0.303,Low-Confidence (Filtered Out)
WT_Cand_5753,8.45,0.054,High-Confidence (Std <= 0.20)
WT_Cand_5754,5.291,0.01,High-Confidence (Std <= 0.20)
WT_Cand_5755,6.625,0.631,Low-Confidence (Filtered Out)
WT_Cand_5756,5.651,0.091,High-Confidence (Std <= 0.20)
WT_Cand_5757,7.506,0.026,High-Confidence (Std <= 0.20)
WT_Cand_5758,6.469,0.17,High-Confidence (Std <= 0.20)
WT_Cand_5759,6.254,0.241,Low-Confidence (Filtered Out)
WT_Cand_5760,7.831,0.354,Low-Confidence (Filtered Out)
WT_Cand_5761,6.884,0.119,High-Confidence (Std <= 0.20)
WT_Cand_5762,7.444,0.112,High-Confidence (Std <= 0.20)
WT_Cand_5763,5.721,0.093,High-Confidence (Std <= 0.20)
WT_Cand_5764,5.234,0.155,High-Confidence (Std <= 0.20)
WT_Cand_5765,6.973,0.263,Low-Confidence (Filtered Out)
WT_Cand_5766,6.483,0.194,High-Confidence (Std <= 0.20)
WT_Cand_5767,7.57,0.089,High-Confidence (Std <= 0.20)
WT_Cand_5768,6.758,0.148,High-Confidence (Std <= 0.20)
WT_Cand_5769,7.086,0.036,High-Confidence (Std <= 0.20)
WT_Cand_5770,4.983,0.122,High-Confidence (Std <= 0.20)
WT_Cand_5771,9.022,0.107,High-Confidence (Std <= 0.20)
WT_Cand_5772,6.661,0.356,Low-Confidence (Filtered Out)
WT_Cand_5773,7.652,0.17,High-Confidence (Std <= 0.20)
WT_Cand_5774,5.888,0.124,High-Confidence (Std <= 0.20)
WT_Cand_5775,7.204,0.14,High-Confidence (Std <= 0.20)
WT_Cand_5776,5.352,0.122,High-Confidence (Std <= 0.20)
WT_Cand_5777,7.37,0.046,High-Confidence (Std <= 0.20)
WT_Cand_5778,6.441,0.259,Low-Confidence (Filtered Out)
WT_Cand_5779,6.884,0.005,High-Confidence (Std <= 0.20)
WT_Cand_5780,7.653,0.091,High-Confidence (Std <= 0.20)
WT_Cand_5781,5.433,0.066,High-Confidence (Std <= 0.20)
WT_Cand_5782,6.063,0.093,High-Confidence (Std <= 0.20)
WT_Cand_5783,7.376,0.255,Low-Confidence (Filtered Out)
WT_Cand_5784,9.263,0.125,High-Confidence (Std <= 0.20)
WT_Cand_5785,6.691,0.142,High-Confidence (Std <= 0.20)
WT_Cand_5786,7.53,0.243,Low-Confidence (Filtered Out)
WT_Cand_5787,6.727,0.229,Low-Confidence (Filtered Out)
WT_Cand_5788,9.084,0.215,Low-Confidence (Filtered Out)
WT_Cand_5789,4.841,0.144,High-Confidence (Std <= 0.20)
WT_Cand_5790,6.959,0.339,Low-Confidence (Filtered Out)
WT_Cand_5791,4.981,0.064,High-Confidence (Std <= 0.20)
WT_Cand_5792,3.967,0.124,High-Confidence (Std <= 0.20)
WT_Cand_5793,7.192,0.095,High-Confidence (Std <= 0.20)
WT_Cand_5794,7.01,0.1,High-Confidence (Std <= 0.20)
WT_Cand_5795,6.522,0.055,High-Confidence (Std <= 0.20)
WT_Cand_5796,6.728,0.286,Low-Confidence (Filtered Out)
WT_Cand_5797,10.413,0.234,Low-Confidence (Filtered Out)
WT_Cand_5798,6.553,0.12,High-Confidence (Std <= 0.20)
WT_Cand_5799,7.437,0.204,Low-Confidence (Filtered Out)
WT_Cand_5800,6.103,0.3,Low-Confidence (Filtered Out)
WT_Cand_5801,7.19,0.461,Low-Confidence (Filtered Out)
WT_Cand_5802,6.576,0.032,High-Confidence (Std <= 0.20)
WT_Cand_5803,6.378,0.128,High-Confidence (Std <= 0.20)
WT_Cand_5804,8.942,0.37,Low-Confidence (Filtered Out)
WT_Cand_5805,8.204,0.662,Low-Confidence (Filtered Out)
WT_Cand_5806,7.007,0.189,High-Confidence (Std <= 0.20)
WT_Cand_5807,4.2,0.28,Low-Confidence (Filtered Out)
WT_Cand_5808,6.435,0.198,High-Confidence (Std <= 0.20)
WT_Cand_5809,9.958,0.116,High-Confidence (Std <= 0.20)
WT_Cand_5810,6.585,0.258,Low-Confidence (Filtered Out)
WT_Cand_5811,8.119,0.483,Low-Confidence (Filtered Out)
WT_Cand_5812,8.508,0.143,High-Confidence (Std <= 0.20)
WT_Cand_5813,7.102,0.136,High-Confidence (Std <= 0.20)
WT_Cand_5814,5.882,0.081,High-Confidence (Std <= 0.20)
WT_Cand_5815,4.049,0.088,High-Confidence (Std <= 0.20)
WT_Cand_5816,7.637,0.029,High-Confidence (Std <= 0.20)
WT_Cand_5817,5.913,0.033,High-Confidence (Std <= 0.20)
WT_Cand_5818,7.053,0.201,Low-Confidence (Filtered Out)
WT_Cand_5819,5.413,0.04,High-Confidence (Std <= 0.20)
WT_Cand_5820,6.545,0.154,High-Confidence (Std <= 0.20)
WT_Cand_5821,6.889,0.607,Low-Confidence (Filtered Out)
WT_Cand_5822,7.159,0.1,High-Confidence (Std <= 0.20)
WT_Cand_5823,5.568,0.034,High-Confidence (Std <= 0.20)
WT_Cand_5824,8.226,0.502,Low-Confidence (Filtered Out)
WT_Cand_5825,6.164,0.053,High-Confidence (Std <= 0.20)
WT_Cand_5826,4.924,0.092,High-Confidence (Std <= 0.20)
WT_Cand_5827,6.725,0.323,Low-Confidence (Filtered Out)
WT_Cand_5828,6.89,0.044,High-Confidence (Std <= 0.20)
WT_Cand_5829,7.035,0.084,High-Confidence (Std <= 0.20)
WT_Cand_5830,8.416,0.041,High-Confidence (Std <= 0.20)
WT_Cand_5831,6.578,0.319,Low-Confidence (Filtered Out)
WT_Cand_5832,6.712,0.039,High-Confidence (Std <= 0.20)
WT_Cand_5833,5.581,0.224,Low-Confidence (Filtered Out)
WT_Cand_5834,7.794,0.13,High-Confidence (Std <= 0.20)
WT_Cand_5835,7.062,0.079,High-Confidence (Std <= 0.20)
WT_Cand_5836,6.367,0.127,High-Confidence (Std <= 0.20)
WT_Cand_5837,4.66,0.093,High-Confidence (Std <= 0.20)
WT_Cand_5838,8.511,0.063,High-Confidence (Std <= 0.20)
WT_Cand_5839,5.438,0.013,High-Confidence (Std <= 0.20)
WT_Cand_5840,6.17,0.043,High-Confidence (Std <= 0.20)
WT_Cand_5841,7.262,0.169,High-Confidence (Std <= 0.20)
WT_Cand_5842,5.474,0.106,High-Confidence (Std <= 0.20)
WT_Cand_5843,5.132,0.22,Low-Confidence (Filtered Out)
WT_Cand_5844,4.407,0.153,High-Confidence (Std <= 0.20)
WT_Cand_5845,7.679,0.201,Low-Confidence (Filtered Out)
WT_Cand_5846,6.223,0.035,High-Confidence (Std <= 0.20)
WT_Cand_5847,10.216,0.14,High-Confidence (Std <= 0.20)
WT_Cand_5848,5.706,0.02,High-Confidence (Std <= 0.20)
WT_Cand_5849,5.79,0.308,Low-Confidence (Filtered Out)
WT_Cand_5850,6.2,0.263,Low-Confidence (Filtered Out)
WT_Cand_5851,7.13,0.112,High-Confidence (Std <= 0.20)
WT_Cand_5852,6.309,0.255,Low-Confidence (Filtered Out)
WT_Cand_5853,7.554,0.047,High-Confidence (Std <= 0.20)
WT_Cand_5854,5.725,0.073,High-Confidence (Std <= 0.20)
WT_Cand_5855,5.261,0.301,Low-Confidence (Filtered Out)
WT_Cand_5856,4.782,0.0,High-Confidence (Std <= 0.20)
WT_Cand_5857,4.293,0.116,High-Confidence (Std <= 0.20)
WT_Cand_5858,6.254,0.188,High-Confidence (Std <= 0.20)
WT_Cand_5859,6.504,0.087,High-Confidence (Std <= 0.20)
WT_Cand_5860,6.124,0.369,Low-Confidence (Filtered Out)
WT_Cand_5861,8.28,0.452,Low-Confidence (Filtered Out)
WT_Cand_5862,8.262,0.2,High-Confidence (Std <= 0.20)
WT_Cand_5863,6.465,0.036,High-Confidence (Std <= 0.20)
WT_Cand_5864,4.787,0.259,Low-Confidence (Filtered Out)
WT_Cand_5865,6.198,0.585,Low-Confidence (Filtered Out)
WT_Cand_5866,6.16,0.147,High-Confidence (Std <= 0.20)
WT_Cand_5867,6.094,0.121,High-Confidence (Std <= 0.20)
WT_Cand_5868,6.048,0.051,High-Confidence (Std <= 0.20)
WT_Cand_5869,6.099,0.18,High-Confidence (Std <= 0.20)
WT_Cand_5870,6.405,0.125,High-Confidence (Std <= 0.20)
WT_Cand_5871,6.119,0.004,High-Confidence (Std <= 0.20)
WT_Cand_5872,7.09,0.246,Low-Confidence (Filtered Out)
WT_Cand_5873,7.264,0.03,High-Confidence (Std <= 0.20)
WT_Cand_5874,5.803,0.662,Low-Confidence (Filtered Out)
WT_Cand_5875,8.312,0.156,High-Confidence (Std <= 0.20)
WT_Cand_5876,5.723,0.112,High-Confidence (Std <= 0.20)
WT_Cand_5877,4.99,0.149,High-Confidence (Std <= 0.20)
WT_Cand_5878,7.288,0.141,High-Confidence (Std <= 0.20)
WT_Cand_5879,5.91,0.093,High-Confidence (Std <= 0.20)
WT_Cand_5880,7.219,0.017,High-Confidence (Std <= 0.20)
WT_Cand_5881,4.086,0.376,Low-Confidence (Filtered Out)
WT_Cand_5882,8.451,0.147,High-Confidence (Std <= 0.20)
WT_Cand_5883,7.623,0.322,Low-Confidence (Filtered Out)
WT_Cand_5884,5.124,0.021,High-Confidence (Std <= 0.20)
WT_Cand_5885,5.149,0.06,High-Confidence (Std <= 0.20)
WT_Cand_5886,8.773,0.086,High-Confidence (Std <= 0.20)
WT_Cand_5887,6.002,0.037,High-Confidence (Std <= 0.20)
WT_Cand_5888,5.891,0.246,Low-Confidence (Filtered Out)
WT_Cand_5889,4.244,0.108,High-Confidence (Std <= 0.20)
WT_Cand_5890,6.447,0.176,High-Confidence (Std <= 0.20)
WT_Cand_5891,6.588,0.072,High-Confidence (Std <= 0.20)
WT_Cand_5892,7.673,0.333,Low-Confidence (Filtered Out)
WT_Cand_5893,5.241,0.27,Low-Confidence (Filtered Out)
WT_Cand_5894,5.102,0.239,Low-Confidence (Filtered Out)
WT_Cand_5895,7.369,0.155,High-Confidence (Std <= 0.20)
WT_Cand_5896,8.008,0.376,Low-Confidence (Filtered Out)
WT_Cand_5897,5.043,0.273,Low-Confidence (Filtered Out)
WT_Cand_5898,8.094,0.129,High-Confidence (Std <= 0.20)
WT_Cand_5899,6.893,0.079,High-Confidence (Std <= 0.20)
WT_Cand_5900,8.106,0.107,High-Confidence (Std <= 0.20)
WT_Cand_5901,6.769,0.208,Low-Confidence (Filtered Out)
WT_Cand_5902,3.949,0.021,High-Confidence (Std <= 0.20)
WT_Cand_5903,6.675,0.057,High-Confidence (Std <= 0.20)
WT_Cand_5904,8.069,0.371,Low-Confidence (Filtered Out)
WT_Cand_5905,5.822,0.308,Low-Confidence (Filtered Out)
WT_Cand_5906,6.404,0.108,High-Confidence (Std <= 0.20)
WT_Cand_5907,6.647,0.261,Low-Confidence (Filtered Out)
WT_Cand_5908,3.516,0.149,High-Confidence (Std <= 0.20)
WT_Cand_5909,8.772,0.313,Low-Confidence (Filtered Out)
WT_Cand_5910,5.813,0.076,High-Confidence (Std <= 0.20)
WT_Cand_5911,7.432,0.064,High-Confidence (Std <= 0.20)
WT_Cand_5912,6.75,0.124,High-Confidence (Std <= 0.20)
WT_Cand_5913,8.296,0.142,High-Confidence (Std <= 0.20)
WT_Cand_5914,7.317,0.064,High-Confidence (Std <= 0.20)
WT_Cand_5915,6.58,0.412,Low-Confidence (Filtered Out)
WT_Cand_5916,5.822,0.098,High-Confidence (Std <= 0.20)
WT_Cand_5917,7.768,0.014,High-Confidence (Std <= 0.20)
WT_Cand_5918,4.696,0.156,High-Confidence (Std <= 0.20)
WT_Cand_5919,7.593,0.115,High-Confidence (Std <= 0.20)
WT_Cand_5920,5.586,0.285,Low-Confidence (Filtered Out)
WT_Cand_5921,8.29,0.077,High-Confidence (Std <= 0.20)
WT_Cand_5922,7.035,0.248,Low-Confidence (Filtered Out)
WT_Cand_5923,7.591,0.177,High-Confidence (Std <= 0.20)
WT_Cand_5924,6.944,0.328,Low-Confidence (Filtered Out)
WT_Cand_5925,4.835,0.154,High-Confidence (Std <= 0.20)
WT_Cand_5926,5.86,0.06,High-Confidence (Std <= 0.20)
WT_Cand_5927,7.623,0.185,High-Confidence (Std <= 0.20)
WT_Cand_5928,7.042,0.043,High-Confidence (Std <= 0.20)
WT_Cand_5929,8.208,0.007,High-Confidence (Std <= 0.20)
WT_Cand_5930,7.314,0.066,High-Confidence (Std <= 0.20)
WT_Cand_5931,5.738,0.345,Low-Confidence (Filtered Out)
WT_Cand_5932,5.935,0.544,Low-Confidence (Filtered Out)
WT_Cand_5933,6.968,0.02,High-Confidence (Std <= 0.20)
WT_Cand_5934,4.189,0.299,Low-Confidence (Filtered Out)
WT_Cand_5935,8.774,0.478,Low-Confidence (Filtered Out)
WT_Cand_5936,7.358,0.041,High-Confidence (Std <= 0.20)
WT_Cand_5937,8.261,0.415,Low-Confidence (Filtered Out)
WT_Cand_5938,5.032,0.031,High-Confidence (Std <= 0.20)
WT_Cand_5939,8.281,0.125,High-Confidence (Std <= 0.20)
WT_Cand_5940,9.416,0.196,High-Confidence (Std <= 0.20)
WT_Cand_5941,5.331,0.046,High-Confidence (Std <= 0.20)
WT_Cand_5942,7.737,0.396,Low-Confidence (Filtered Out)
WT_Cand_5943,6.851,0.137,High-Confidence (Std <= 0.20)
WT_Cand_5944,5.074,0.278,Low-Confidence (Filtered Out)
WT_Cand_5945,7.417,0.049,High-Confidence (Std <= 0.20)
WT_Cand_5946,7.809,0.568,Low-Confidence (Filtered Out)
WT_Cand_5947,6.159,0.217,Low-Confidence (Filtered Out)
WT_Cand_5948,8.191,0.209,Low-Confidence (Filtered Out)
WT_Cand_5949,4.933,0.193,High-Confidence (Std <= 0.20)
WT_Cand_5950,5.131,0.212,Low-Confidence (Filtered Out)
WT_Cand_5951,7.007,0.256,Low-Confidence (Filtered Out)
WT_Cand_5952,6.879,0.099,High-Confidence (Std <= 0.20)
WT_Cand_5953,6.026,0.029,High-Confidence (Std <= 0.20)
WT_Cand_5954,7.781,0.031,High-Confidence (Std <= 0.20)
WT_Cand_5955,7.461,0.148,High-Confidence (Std <= 0.20)
WT_Cand_5956,7.837,0.489,Low-Confidence (Filtered Out)
WT_Cand_5957,6.708,0.124,High-Confidence (Std <= 0.20)
WT_Cand_5958,7.543,0.129,High-Confidence (Std <= 0.20)
WT_Cand_5959,6.338,0.446,Low-Confidence (Filtered Out)
WT_Cand_5960,9.212,0.207,Low-Confidence (Filtered Out)
WT_Cand_5961,5.916,0.182,High-Confidence (Std <= 0.20)
WT_Cand_5962,9.271,0.332,Low-Confidence (Filtered Out)
WT_Cand_5963,6.89,0.205,Low-Confidence (Filtered Out)
WT_Cand_5964,5.268,0.247,Low-Confidence (Filtered Out)
WT_Cand_5965,8.423,0.145,High-Confidence (Std <= 0.20)
WT_Cand_5966,6.995,0.193,High-Confidence (Std <= 0.20)
WT_Cand_5967,7.829,0.035,High-Confidence (Std <= 0.20)
WT_Cand_5968,8.257,0.392,Low-Confidence (Filtered Out)
WT_Cand_5969,7.239,0.402,Low-Confidence (Filtered Out)
WT_Cand_5970,6.169,0.104,High-Confidence (Std <= 0.20)
WT_Cand_5971,7.972,0.133,High-Confidence (Std <= 0.20)
WT_Cand_5972,6.851,0.559,Low-Confidence (Filtered Out)
WT_Cand_5973,7.639,0.107,High-Confidence (Std <= 0.20)
WT_Cand_5974,4.373,0.269,Low-Confidence (Filtered Out)
WT_Cand_5975,7.364,0.172,High-Confidence (Std <= 0.20)
WT_Cand_5976,6.116,0.023,High-Confidence (Std <= 0.20)
WT_Cand_5977,8.751,0.214,Low-Confidence (Filtered Out)
WT_Cand_5978,7.567,0.385,Low-Confidence (Filtered Out)
WT_Cand_5979,7.126,0.118,High-Confidence (Std <= 0.20)
WT_Cand_5980,7.409,0.037,High-Confidence (Std <= 0.20)
WT_Cand_5981,5.702,0.288,Low-Confidence (Filtered Out)
WT_Cand_5982,8.717,0.025,High-Confidence (Std <= 0.20)
WT_Cand_5983,9.14,0.027,High-Confidence (Std <= 0.20)
WT_Cand_5984,7.302,0.58,Low-Confidence (Filtered Out)
WT_Cand_5985,8.679,0.339,Low-Confidence (Filtered Out)
WT_Cand_5986,6.195,0.154,High-Confidence (Std <= 0.20)
WT_Cand_5987,5.933,0.22,Low-Confidence (Filtered Out)
WT_Cand_5988,6.897,0.053,High-Confidence (Std <= 0.20)
WT_Cand_5989,7.35,0.17,High-Confidence (Std <= 0.20)
WT_Cand_5990,6.397,0.042,High-Confidence (Std <= 0.20)
WT_Cand_5991,7.468,0.041,High-Confidence (Std <= 0.20)
WT_Cand_5992,7.202,0.3,Low-Confidence (Filtered Out)
WT_Cand_5993,5.702,0.092,High-Confidence (Std <= 0.20)
WT_Cand_5994,7.447,0.077,High-Confidence (Std <= 0.20)
WT_Cand_5995,7.843,0.202,Low-Confidence (Filtered Out)
WT_Cand_5996,7.047,0.074,High-Confidence (Std <= 0.20)
WT_Cand_5997,8.176,0.115,High-Confidence (Std <= 0.20)
WT_Cand_5998,5.45,0.518,Low-Confidence (Filtered Out)
WT_Cand_5999,7.388,0.027,High-Confidence (Std <= 0.20)
WT_Cand_6000,5.504,0.457,Low-Confidence (Filtered Out)
WT_Cand_6001,5.569,0.029,High-Confidence (Std <= 0.20)
WT_Cand_6002,6.124,0.036,High-Confidence (Std <= 0.20)
WT_Cand_6003,5.767,0.236,Low-Confidence (Filtered Out)
WT_Cand_6004,6.22,0.157,High-Confidence (Std <= 0.20)
WT_Cand_6005,6.604,0.064,High-Confidence (Std <= 0.20)
WT_Cand_6006,7.813,0.394,Low-Confidence (Filtered Out)
WT_Cand_6007,6.481,0.099,High-Confidence (Std <= 0.20)
WT_Cand_6008,5.027,0.181,High-Confidence (Std <= 0.20)
WT_Cand_6009,8.161,0.263,Low-Confidence (Filtered Out)
WT_Cand_6010,5.887,0.219,Low-Confidence (Filtered Out)
WT_Cand_6011,6.782,0.144,High-Confidence (Std <= 0.20)
WT_Cand_6012,7.364,0.273,Low-Confidence (Filtered Out)
WT_Cand_6013,7.08,0.022,High-Confidence (Std <= 0.20)
WT_Cand_6014,8.108,0.338,Low-Confidence (Filtered Out)
WT_Cand_6015,7.401,0.107,High-Confidence (Std <= 0.20)
WT_Cand_6016,5.859,0.247,Low-Confidence (Filtered Out)
WT_Cand_6017,9.355,0.138,High-Confidence (Std <= 0.20)
WT_Cand_6018,7.073,0.078,High-Confidence (Std <= 0.20)
WT_Cand_6019,6.681,0.128,High-Confidence (Std <= 0.20)
WT_Cand_6020,7.959,0.186,High-Confidence (Std <= 0.20)
WT_Cand_6021,7.137,0.213,Low-Confidence (Filtered Out)
WT_Cand_6022,7.309,0.189,High-Confidence (Std <= 0.20)
WT_Cand_6023,9.716,0.072,High-Confidence (Std <= 0.20)
WT_Cand_6024,6.534,0.047,High-Confidence (Std <= 0.20)
WT_Cand_6025,6.485,0.053,High-Confidence (Std <= 0.20)
WT_Cand_6026,6.984,0.113,High-Confidence (Std <= 0.20)
WT_Cand_6027,8.082,0.244,Low-Confidence (Filtered Out)
WT_Cand_6028,5.117,0.258,Low-Confidence (Filtered Out)
WT_Cand_6029,4.59,0.082,High-Confidence (Std <= 0.20)
WT_Cand_6030,6.175,0.144,High-Confidence (Std <= 0.20)
WT_Cand_6031,4.971,0.025,High-Confidence (Std <= 0.20)
WT_Cand_6032,6.361,0.099,High-Confidence (Std <= 0.20)
WT_Cand_6033,7.428,0.081,High-Confidence (Std <= 0.20)
WT_Cand_6034,5.826,0.062,High-Confidence (Std <= 0.20)
WT_Cand_6035,5.209,0.159,High-Confidence (Std <= 0.20)
WT_Cand_6036,6.93,0.532,Low-Confidence (Filtered Out)
WT_Cand_6037,7.842,0.152,High-Confidence (Std <= 0.20)
WT_Cand_6038,4.901,0.358,Low-Confidence (Filtered Out)
WT_Cand_6039,7.793,0.3,Low-Confidence (Filtered Out)
WT_Cand_6040,7.79,0.086,High-Confidence (Std <= 0.20)
WT_Cand_6041,7.947,0.275,Low-Confidence (Filtered Out)
WT_Cand_6042,8.251,0.555,Low-Confidence (Filtered Out)
WT_Cand_6043,9.382,0.036,High-Confidence (Std <= 0.20)
WT_Cand_6044,6.44,0.3,Low-Confidence (Filtered Out)
WT_Cand_6045,6.976,0.135,High-Confidence (Std <= 0.20)
WT_Cand_6046,6.371,0.072,High-Confidence (Std <= 0.20)
WT_Cand_6047,6.852,0.202,Low-Confidence (Filtered Out)
WT_Cand_6048,8.613,0.206,Low-Confidence (Filtered Out)
WT_Cand_6049,5.303,0.768,Low-Confidence (Filtered Out)
WT_Cand_6050,5.86,0.075,High-Confidence (Std <= 0.20)
WT_Cand_6051,8.434,0.151,High-Confidence (Std <= 0.20)
WT_Cand_6052,8.023,0.149,High-Confidence (Std <= 0.20)
WT_Cand_6053,6.432,0.075,High-Confidence (Std <= 0.20)
WT_Cand_6054,7.833,0.054,High-Confidence (Std <= 0.20)
WT_Cand_6055,7.242,0.097,High-Confidence (Std <= 0.20)
WT_Cand_6056,8.575,0.13,High-Confidence (Std <= 0.20)
WT_Cand_6057,6.936,0.05,High-Confidence (Std <= 0.20)
WT_Cand_6058,8.029,0.314,Low-Confidence (Filtered Out)
WT_Cand_6059,9.888,0.224,Low-Confidence (Filtered Out)
WT_Cand_6060,7.538,0.037,High-Confidence (Std <= 0.20)
WT_Cand_6061,6.907,0.095,High-Confidence (Std <= 0.20)
WT_Cand_6062,7.681,0.162,High-Confidence (Std <= 0.20)
WT_Cand_6063,6.43,0.263,Low-Confidence (Filtered Out)
WT_Cand_6064,9.596,0.131,High-Confidence (Std <= 0.20)
WT_Cand_6065,7.057,0.251,Low-Confidence (Filtered Out)
WT_Cand_6066,6.536,0.192,High-Confidence (Std <= 0.20)
WT_Cand_6067,5.889,0.275,Low-Confidence (Filtered Out)
WT_Cand_6068,8.112,0.065,High-Confidence (Std <= 0.20)
WT_Cand_6069,7.847,0.23,Low-Confidence (Filtered Out)
WT_Cand_6070,6.278,0.135,High-Confidence (Std <= 0.20)
WT_Cand_6071,7.513,0.35,Low-Confidence (Filtered Out)
WT_Cand_6072,5.115,0.064,High-Confidence (Std <= 0.20)
WT_Cand_6073,7.063,0.195,High-Confidence (Std <= 0.20)
WT_Cand_6074,7.371,0.153,High-Confidence (Std <= 0.20)
WT_Cand_6075,8.813,0.123,High-Confidence (Std <= 0.20)
WT_Cand_6076,5.964,0.1,High-Confidence (Std <= 0.20)
WT_Cand_6077,5.38,0.107,High-Confidence (Std <= 0.20)
WT_Cand_6078,5.82,0.503,Low-Confidence (Filtered Out)
WT_Cand_6079,5.313,0.119,High-Confidence (Std <= 0.20)
WT_Cand_6080,8.387,0.476,Low-Confidence (Filtered Out)
WT_Cand_6081,8.631,0.123,High-Confidence (Std <= 0.20)
WT_Cand_6082,7.218,0.167,High-Confidence (Std <= 0.20)
WT_Cand_6083,8.254,0.144,High-Confidence (Std <= 0.20)
WT_Cand_6084,7.004,0.497,Low-Confidence (Filtered Out)
WT_Cand_6085,6.741,0.286,Low-Confidence (Filtered Out)
WT_Cand_6086,6.467,0.091,High-Confidence (Std <= 0.20)
WT_Cand_6087,6.493,0.026,High-Confidence (Std <= 0.20)
WT_Cand_6088,5.07,0.093,High-Confidence (Std <= 0.20)
WT_Cand_6089,7.154,0.4,Low-Confidence (Filtered Out)
WT_Cand_6090,6.804,0.041,High-Confidence (Std <= 0.20)
WT_Cand_6091,7.707,0.028,High-Confidence (Std <= 0.20)
WT_Cand_6092,6.958,0.073,High-Confidence (Std <= 0.20)
WT_Cand_6093,6.663,0.05,High-Confidence (Std <= 0.20)
WT_Cand_6094,5.848,0.059,High-Confidence (Std <= 0.20)
WT_Cand_6095,6.933,0.013,High-Confidence (Std <= 0.20)
WT_Cand_6096,7.699,0.17,High-Confidence (Std <= 0.20)
WT_Cand_6097,5.535,0.2,High-Confidence (Std <= 0.20)
WT_Cand_6098,6.951,0.119,High-Confidence (Std <= 0.20)
WT_Cand_6099,7.118,0.027,High-Confidence (Std <= 0.20)
WT_Cand_6100,6.024,0.074,High-Confidence (Std <= 0.20)
WT_Cand_6101,6.174,0.195,High-Confidence (Std <= 0.20)
WT_Cand_6102,7.115,0.218,Low-Confidence (Filtered Out)
WT_Cand_6103,5.547,0.014,High-Confidence (Std <= 0.20)
WT_Cand_6104,7.252,0.148,High-Confidence (Std <= 0.20)
WT_Cand_6105,5.82,0.068,High-Confidence (Std <= 0.20)
WT_Cand_6106,8.072,0.139,High-Confidence (Std <= 0.20)
WT_Cand_6107,9.539,0.03,High-Confidence (Std <= 0.20)
WT_Cand_6108,5.86,0.018,High-Confidence (Std <= 0.20)
WT_Cand_6109,7.464,0.116,High-Confidence (Std <= 0.20)
WT_Cand_6110,6.014,0.126,High-Confidence (Std <= 0.20)
WT_Cand_6111,8.047,0.056,High-Confidence (Std <= 0.20)
WT_Cand_6112,5.395,0.445,Low-Confidence (Filtered Out)
WT_Cand_6113,7.403,0.066,High-Confidence (Std <= 0.20)
WT_Cand_6114,5.846,0.064,High-Confidence (Std <= 0.20)
WT_Cand_6115,6.612,0.143,High-Confidence (Std <= 0.20)
WT_Cand_6116,5.664,0.127,High-Confidence (Std <= 0.20)
WT_Cand_6117,7.796,0.066,High-Confidence (Std <= 0.20)
WT_Cand_6118,5.887,0.199,High-Confidence (Std <= 0.20)
WT_Cand_6119,7.485,0.198,High-Confidence (Std <= 0.20)
WT_Cand_6120,6.454,0.146,High-Confidence (Std <= 0.20)
WT_Cand_6121,6.718,0.168,High-Confidence (Std <= 0.20)
WT_Cand_6122,7.02,0.135,High-Confidence (Std <= 0.20)
WT_Cand_6123,5.974,0.128,High-Confidence (Std <= 0.20)
WT_Cand_6124,7.092,0.031,High-Confidence (Std <= 0.20)
WT_Cand_6125,8.61,0.153,High-Confidence (Std <= 0.20)
WT_Cand_6126,5.955,0.291,Low-Confidence (Filtered Out)
WT_Cand_6127,8.198,0.169,High-Confidence (Std <= 0.20)
WT_Cand_6128,8.573,0.104,High-Confidence (Std <= 0.20)
WT_Cand_6129,5.911,0.28,Low-Confidence (Filtered Out)
WT_Cand_6130,5.177,0.169,High-Confidence (Std <= 0.20)
WT_Cand_6131,7.197,0.065,High-Confidence (Std <= 0.20)
WT_Cand_6132,6.22,0.28,Low-Confidence (Filtered Out)
WT_Cand_6133,8.999,0.086,High-Confidence (Std <= 0.20)
WT_Cand_6134,6.89,0.043,High-Confidence (Std <= 0.20)
WT_Cand_6135,5.927,0.057,High-Confidence (Std <= 0.20)
WT_Cand_6136,5.531,0.078,High-Confidence (Std <= 0.20)
WT_Cand_6137,8.103,0.029,High-Confidence (Std <= 0.20)
WT_Cand_6138,6.193,0.376,Low-Confidence (Filtered Out)
WT_Cand_6139,6.9,0.016,High-Confidence (Std <= 0.20)
WT_Cand_6140,7.949,0.219,Low-Confidence (Filtered Out)
WT_Cand_6141,6.293,0.176,High-Confidence (Std <= 0.20)
WT_Cand_6142,6.797,0.166,High-Confidence (Std <= 0.20)
WT_Cand_6143,6.831,0.197,High-Confidence (Std <= 0.20)
WT_Cand_6144,7.636,0.115,High-Confidence (Std <= 0.20)
WT_Cand_6145,7.529,0.22,Low-Confidence (Filtered Out)
WT_Cand_6146,6.597,0.124,High-Confidence (Std <= 0.20)
WT_Cand_6147,6.923,0.094,High-Confidence (Std <= 0.20)
WT_Cand_6148,6.422,0.033,High-Confidence (Std <= 0.20)
WT_Cand_6149,5.151,0.182,High-Confidence (Std <= 0.20)
WT_Cand_6150,7.146,0.185,High-Confidence (Std <= 0.20)
WT_Cand_6151,9.026,0.135,High-Confidence (Std <= 0.20)
WT_Cand_6152,5.834,0.259,Low-Confidence (Filtered Out)
WT_Cand_6153,5.961,0.338,Low-Confidence (Filtered Out)
WT_Cand_6154,5.849,0.082,High-Confidence (Std <= 0.20)
WT_Cand_6155,7.683,0.227,Low-Confidence (Filtered Out)
WT_Cand_6156,7.366,0.032,High-Confidence (Std <= 0.20)
WT_Cand_6157,6.668,0.144,High-Confidence (Std <= 0.20)
WT_Cand_6158,5.794,0.115,High-Confidence (Std <= 0.20)
WT_Cand_6159,6.956,0.265,Low-Confidence (Filtered Out)
WT_Cand_6160,5.051,0.089,High-Confidence (Std <= 0.20)
WT_Cand_6161,7.015,0.352,Low-Confidence (Filtered Out)
WT_Cand_6162,7.852,0.109,High-Confidence (Std <= 0.20)
WT_Cand_6163,5.411,0.033,High-Confidence (Std <= 0.20)
WT_Cand_6164,5.088,0.019,High-Confidence (Std <= 0.20)
WT_Cand_6165,8.666,0.246,Low-Confidence (Filtered Out)
WT_Cand_6166,6.146,0.029,High-Confidence (Std <= 0.20)
WT_Cand_6167,8.156,0.204,Low-Confidence (Filtered Out)
WT_Cand_6168,6.673,0.242,Low-Confidence (Filtered Out)
WT_Cand_6169,6.664,0.064,High-Confidence (Std <= 0.20)
WT_Cand_6170,7.354,0.173,High-Confidence (Std <= 0.20)
WT_Cand_6171,5.833,0.443,Low-Confidence (Filtered Out)
WT_Cand_6172,7.002,0.118,High-Confidence (Std <= 0.20)
WT_Cand_6173,6.411,0.022,High-Confidence (Std <= 0.20)
WT_Cand_6174,5.331,0.075,High-Confidence (Std <= 0.20)
WT_Cand_6175,7.238,0.486,Low-Confidence (Filtered Out)
WT_Cand_6176,6.547,0.258,Low-Confidence (Filtered Out)
WT_Cand_6177,6.669,0.038,High-Confidence (Std <= 0.20)
WT_Cand_6178,5.458,0.331,Low-Confidence (Filtered Out)
WT_Cand_6179,8.68,0.346,Low-Confidence (Filtered Out)
WT_Cand_6180,7.858,0.09,High-Confidence (Std <= 0.20)
WT_Cand_6181,7.959,0.032,High-Confidence (Std <= 0.20)
WT_Cand_6182,6.499,0.309,Low-Confidence (Filtered Out)
WT_Cand_6183,4.861,0.533,Low-Confidence (Filtered Out)
WT_Cand_6184,9.096,0.066,High-Confidence (Std <= 0.20)
WT_Cand_6185,6.78,0.246,Low-Confidence (Filtered Out)
WT_Cand_6186,5.989,0.067,High-Confidence (Std <= 0.20)
WT_Cand_6187,7.329,0.064,High-Confidence (Std <= 0.20)
WT_Cand_6188,8.192,0.173,High-Confidence (Std <= 0.20)
WT_Cand_6189,6.823,0.057,High-Confidence (Std <= 0.20)
WT_Cand_6190,8.32,0.131,High-Confidence (Std <= 0.20)
WT_Cand_6191,8.095,0.354,Low-Confidence (Filtered Out)
WT_Cand_6192,5.612,0.025,High-Confidence (Std <= 0.20)
WT_Cand_6193,6.075,0.272,Low-Confidence (Filtered Out)
WT_Cand_6194,7.951,0.162,High-Confidence (Std <= 0.20)
WT_Cand_6195,3.73,0.199,High-Confidence (Std <= 0.20)
WT_Cand_6196,6.678,0.149,High-Confidence (Std <= 0.20)
WT_Cand_6197,5.205,0.392,Low-Confidence (Filtered Out)
WT_Cand_6198,6.302,0.19,High-Confidence (Std <= 0.20)
WT_Cand_6199,6.506,0.097,High-Confidence (Std <= 0.20)
WT_Cand_6200,6.438,0.162,High-Confidence (Std <= 0.20)
WT_Cand_6201,6.215,0.092,High-Confidence (Std <= 0.20)
WT_Cand_6202,5.588,0.069,High-Confidence (Std <= 0.20)
WT_Cand_6203,9.486,0.328,Low-Confidence (Filtered Out)
WT_Cand_6204,8.998,0.093,High-Confidence (Std <= 0.20)
WT_Cand_6205,5.514,0.017,High-Confidence (Std <= 0.20)
WT_Cand_6206,8.669,0.201,Low-Confidence (Filtered Out)
WT_Cand_6207,6.391,0.098,High-Confidence (Std <= 0.20)
WT_Cand_6208,6.999,0.451,Low-Confidence (Filtered Out)
WT_Cand_6209,6.777,0.229,Low-Confidence (Filtered Out)
WT_Cand_6210,6.091,0.434,Low-Confidence (Filtered Out)
WT_Cand_6211,7.981,0.267,Low-Confidence (Filtered Out)
WT_Cand_6212,6.995,0.335,Low-Confidence (Filtered Out)
WT_Cand_6213,6.302,0.192,High-Confidence (Std <= 0.20)
WT_Cand_6214,5.35,0.281,Low-Confidence (Filtered Out)
WT_Cand_6215,5.822,0.06,High-Confidence (Std <= 0.20)
WT_Cand_6216,4.962,0.266,Low-Confidence (Filtered Out)
WT_Cand_6217,6.864,0.031,High-Confidence (Std <= 0.20)
WT_Cand_6218,5.474,0.131,High-Confidence (Std <= 0.20)
WT_Cand_6219,6.545,0.079,High-Confidence (Std <= 0.20)
WT_Cand_6220,8.426,0.174,High-Confidence (Std <= 0.20)
WT_Cand_6221,8.229,0.09,High-Confidence (Std <= 0.20)
WT_Cand_6222,6.813,0.032,High-Confidence (Std <= 0.20)
WT_Cand_6223,6.75,0.029,High-Confidence (Std <= 0.20)
WT_Cand_6224,9.012,0.036,High-Confidence (Std <= 0.20)
WT_Cand_6225,7.449,0.178,High-Confidence (Std <= 0.20)
WT_Cand_6226,6.473,0.184,High-Confidence (Std <= 0.20)
WT_Cand_6227,5.21,0.09,High-Confidence (Std <= 0.20)
WT_Cand_6228,7.303,0.207,Low-Confidence (Filtered Out)
WT_Cand_6229,7.804,0.12,High-Confidence (Std <= 0.20)
WT_Cand_6230,6.124,0.195,High-Confidence (Std <= 0.20)
WT_Cand_6231,7.185,0.139,High-Confidence (Std <= 0.20)
WT_Cand_6232,6.432,0.274,Low-Confidence (Filtered Out)
WT_Cand_6233,6.638,0.058,High-Confidence (Std <= 0.20)
WT_Cand_6234,3.989,0.013,High-Confidence (Std <= 0.20)
WT_Cand_6235,6.595,0.121,High-Confidence (Std <= 0.20)
WT_Cand_6236,7.965,0.152,High-Confidence (Std <= 0.20)
WT_Cand_6237,6.124,0.045,High-Confidence (Std <= 0.20)
WT_Cand_6238,6.91,0.054,High-Confidence (Std <= 0.20)
WT_Cand_6239,5.981,0.224,Low-Confidence (Filtered Out)
WT_Cand_6240,7.265,0.229,Low-Confidence (Filtered Out)
WT_Cand_6241,6.601,0.116,High-Confidence (Std <= 0.20)
WT_Cand_6242,5.77,0.021,High-Confidence (Std <= 0.20)
WT_Cand_6243,8.382,0.217,Low-Confidence (Filtered Out)
WT_Cand_6244,7.918,0.151,High-Confidence (Std <= 0.20)
WT_Cand_6245,6.154,0.08,High-Confidence (Std <= 0.20)
WT_Cand_6246,7.422,0.298,Low-Confidence (Filtered Out)
WT_Cand_6247,7.468,0.004,High-Confidence (Std <= 0.20)
WT_Cand_6248,7.589,0.132,High-Confidence (Std <= 0.20)
WT_Cand_6249,4.902,0.22,Low-Confidence (Filtered Out)
WT_Cand_6250,8.008,0.031,High-Confidence (Std <= 0.20)
WT_Cand_6251,6.195,0.027,High-Confidence (Std <= 0.20)
WT_Cand_6252,6.438,0.481,Low-Confidence (Filtered Out)
WT_Cand_6253,9.884,0.227,Low-Confidence (Filtered Out)
WT_Cand_6254,7.197,0.395,Low-Confidence (Filtered Out)
WT_Cand_6255,6.406,0.281,Low-Confidence (Filtered Out)
WT_Cand_6256,4.314,0.181,High-Confidence (Std <= 0.20)
WT_Cand_6257,8.448,0.529,Low-Confidence (Filtered Out)
WT_Cand_6258,5.303,0.164,High-Confidence (Std <= 0.20)
WT_Cand_6259,5.696,0.122,High-Confidence (Std <= 0.20)
WT_Cand_6260,6.469,0.281,Low-Confidence (Filtered Out)
WT_Cand_6261,8.479,0.302,Low-Confidence (Filtered Out)
WT_Cand_6262,7.739,0.203,Low-Confidence (Filtered Out)
WT_Cand_6263,6.668,0.08,High-Confidence (Std <= 0.20)
WT_Cand_6264,7.205,0.28,Low-Confidence (Filtered Out)
WT_Cand_6265,6.16,0.079,High-Confidence (Std <= 0.20)
WT_Cand_6266,7.011,0.143,High-Confidence (Std <= 0.20)
WT_Cand_6267,6.934,0.054,High-Confidence (Std <= 0.20)
WT_Cand_6268,7.964,0.058,High-Confidence (Std <= 0.20)
WT_Cand_6269,7.962,0.119,High-Confidence (Std <= 0.20)
WT_Cand_6270,7.418,0.186,High-Confidence (Std <= 0.20)
WT_Cand_6271,6.433,0.515,Low-Confidence (Filtered Out)
WT_Cand_6272,7.703,0.072,High-Confidence (Std <= 0.20)
WT_Cand_6273,6.744,0.148,High-Confidence (Std <= 0.20)
WT_Cand_6274,5.606,0.125,High-Confidence (Std <= 0.20)
WT_Cand_6275,6.386,0.192,High-Confidence (Std <= 0.20)
WT_Cand_6276,6.947,0.103,High-Confidence (Std <= 0.20)
WT_Cand_6277,7.897,0.231,Low-Confidence (Filtered Out)
WT_Cand_6278,6.639,0.05,High-Confidence (Std <= 0.20)
WT_Cand_6279,5.459,0.136,High-Confidence (Std <= 0.20)
WT_Cand_6280,6.915,0.183,High-Confidence (Std <= 0.20)
WT_Cand_6281,6.98,0.315,Low-Confidence (Filtered Out)
WT_Cand_6282,7.064,0.234,Low-Confidence (Filtered Out)
WT_Cand_6283,7.908,0.134,High-Confidence (Std <= 0.20)
WT_Cand_6284,8.022,0.058,High-Confidence (Std <= 0.20)
WT_Cand_6285,6.167,0.562,Low-Confidence (Filtered Out)
WT_Cand_6286,6.141,0.067,High-Confidence (Std <= 0.20)
WT_Cand_6287,5.654,0.035,High-Confidence (Std <= 0.20)
WT_Cand_6288,7.654,0.075,High-Confidence (Std <= 0.20)
WT_Cand_6289,8.516,0.027,High-Confidence (Std <= 0.20)
WT_Cand_6290,6.488,0.181,High-Confidence (Std <= 0.20)
WT_Cand_6291,6.572,0.133,High-Confidence (Std <= 0.20)
WT_Cand_6292,8.537,0.109,High-Confidence (Std <= 0.20)
WT_Cand_6293,7.431,0.121,High-Confidence (Std <= 0.20)
WT_Cand_6294,7.352,0.08,High-Confidence (Std <= 0.20)
WT_Cand_6295,5.48,0.011,High-Confidence (Std <= 0.20)
WT_Cand_6296,7.631,0.282,Low-Confidence (Filtered Out)
WT_Cand_6297,5.781,0.087,High-Confidence (Std <= 0.20)
WT_Cand_6298,5.546,0.028,High-Confidence (Std <= 0.20)
WT_Cand_6299,6.451,0.365,Low-Confidence (Filtered Out)
WT_Cand_6300,6.176,0.097,High-Confidence (Std <= 0.20)
WT_Cand_6301,6.595,0.095,High-Confidence (Std <= 0.20)
WT_Cand_6302,5.193,0.199,High-Confidence (Std <= 0.20)
WT_Cand_6303,7.953,0.08,High-Confidence (Std <= 0.20)
WT_Cand_6304,8.147,0.026,High-Confidence (Std <= 0.20)
WT_Cand_6305,4.611,0.072,High-Confidence (Std <= 0.20)
WT_Cand_6306,7.975,0.165,High-Confidence (Std <= 0.20)
WT_Cand_6307,5.918,0.072,High-Confidence (Std <= 0.20)
WT_Cand_6308,7.836,0.056,High-Confidence (Std <= 0.20)
WT_Cand_6309,6.771,0.041,High-Confidence (Std <= 0.20)
WT_Cand_6310,6.883,0.185,High-Confidence (Std <= 0.20)
WT_Cand_6311,6.637,0.161,High-Confidence (Std <= 0.20)
WT_Cand_6312,8.244,0.205,Low-Confidence (Filtered Out)
WT_Cand_6313,5.424,0.11,High-Confidence (Std <= 0.20)
WT_Cand_6314,7.549,0.086,High-Confidence (Std <= 0.20)
WT_Cand_6315,8.117,0.059,High-Confidence (Std <= 0.20)
WT_Cand_6316,7.674,0.098,High-Confidence (Std <= 0.20)
WT_Cand_6317,9.523,0.018,High-Confidence (Std <= 0.20)
WT_Cand_6318,6.242,0.171,High-Confidence (Std <= 0.20)
WT_Cand_6319,7.951,0.089,High-Confidence (Std <= 0.20)
WT_Cand_6320,6.728,0.308,Low-Confidence (Filtered Out)
WT_Cand_6321,8.268,0.126,High-Confidence (Std <= 0.20)
WT_Cand_6322,6.841,0.011,High-Confidence (Std <= 0.20)
WT_Cand_6323,6.404,0.153,High-Confidence (Std <= 0.20)
WT_Cand_6324,8.352,0.573,Low-Confidence (Filtered Out)
WT_Cand_6325,6.285,0.184,High-Confidence (Std <= 0.20)
WT_Cand_6326,5.225,0.25,Low-Confidence (Filtered Out)
WT_Cand_6327,6.256,0.053,High-Confidence (Std <= 0.20)
WT_Cand_6328,7.562,0.114,High-Confidence (Std <= 0.20)
WT_Cand_6329,8.451,0.056,High-Confidence (Std <= 0.20)
WT_Cand_6330,6.978,0.227,Low-Confidence (Filtered Out)
WT_Cand_6331,8.366,0.057,High-Confidence (Std <= 0.20)
WT_Cand_6332,5.288,0.109,High-Confidence (Std <= 0.20)
WT_Cand_6333,6.34,0.242,Low-Confidence (Filtered Out)
WT_Cand_6334,6.518,0.225,Low-Confidence (Filtered Out)
WT_Cand_6335,6.718,0.15,High-Confidence (Std <= 0.20)
WT_Cand_6336,6.947,0.337,Low-Confidence (Filtered Out)
WT_Cand_6337,7.645,0.241,Low-Confidence (Filtered Out)
WT_Cand_6338,6.338,0.073,High-Confidence (Std <= 0.20)
WT_Cand_6339,7.01,0.027,High-Confidence (Std <= 0.20)
WT_Cand_6340,6.798,0.05,High-Confidence (Std <= 0.20)
WT_Cand_6341,5.785,0.254,Low-Confidence (Filtered Out)
WT_Cand_6342,6.719,0.183,High-Confidence (Std <= 0.20)
WT_Cand_6343,6.685,0.34,Low-Confidence (Filtered Out)
WT_Cand_6344,6.66,0.199,High-Confidence (Std <= 0.20)
WT_Cand_6345,6.887,0.246,Low-Confidence (Filtered Out)
WT_Cand_6346,6.937,0.169,High-Confidence (Std <= 0.20)
WT_Cand_6347,6.353,0.07,High-Confidence (Std <= 0.20)
WT_Cand_6348,8.314,0.066,High-Confidence (Std <= 0.20)
WT_Cand_6349,5.505,0.051,High-Confidence (Std <= 0.20)
WT_Cand_6350,6.021,0.07,High-Confidence (Std <= 0.20)
WT_Cand_6351,10.047,0.346,Low-Confidence (Filtered Out)
WT_Cand_6352,5.656,0.221,Low-Confidence (Filtered Out)
WT_Cand_6353,5.293,0.111,High-Confidence (Std <= 0.20)
WT_Cand_6354,7.695,0.187,High-Confidence (Std <= 0.20)
WT_Cand_6355,4.461,0.185,High-Confidence (Std <= 0.20)
WT_Cand_6356,6.579,0.37,Low-Confidence (Filtered Out)
WT_Cand_6357,9.318,0.101,High-Confidence (Std <= 0.20)
WT_Cand_6358,5.073,0.161,High-Confidence (Std <= 0.20)
WT_Cand_6359,4.571,0.247,Low-Confidence (Filtered Out)
WT_Cand_6360,5.126,0.069,High-Confidence (Std <= 0.20)
WT_Cand_6361,7.883,0.394,Low-Confidence (Filtered Out)
WT_Cand_6362,8.143,0.238,Low-Confidence (Filtered Out)
WT_Cand_6363,6.261,0.05,High-Confidence (Std <= 0.20)
WT_Cand_6364,7.636,0.496,Low-Confidence (Filtered Out)
WT_Cand_6365,8.449,0.338,Low-Confidence (Filtered Out)
WT_Cand_6366,8.905,0.214,Low-Confidence (Filtered Out)
WT_Cand_6367,6.567,0.013,High-Confidence (Std <= 0.20)
WT_Cand_6368,4.203,0.082,High-Confidence (Std <= 0.20)
WT_Cand_6369,5.906,0.151,High-Confidence (Std <= 0.20)
WT_Cand_6370,6.359,0.161,High-Confidence (Std <= 0.20)
WT_Cand_6371,6.552,0.141,High-Confidence (Std <= 0.20)
WT_Cand_6372,6.634,0.035,High-Confidence (Std <= 0.20)
WT_Cand_6373,8.137,0.106,High-Confidence (Std <= 0.20)
WT_Cand_6374,8.316,0.116,High-Confidence (Std <= 0.20)
WT_Cand_6375,6.653,0.009,High-Confidence (Std <= 0.20)
WT_Cand_6376,8.113,0.213,Low-Confidence (Filtered Out)
WT_Cand_6377,7.261,0.427,Low-Confidence (Filtered Out)
WT_Cand_6378,6.924,0.123,High-Confidence (Std <= 0.20)
WT_Cand_6379,7.893,0.216,Low-Confidence (Filtered Out)
WT_Cand_6380,6.933,0.051,High-Confidence (Std <= 0.20)
WT_Cand_6381,9.216,0.178,High-Confidence (Std <= 0.20)
WT_Cand_6382,5.196,0.181,High-Confidence (Std <= 0.20)
WT_Cand_6383,6.258,0.309,Low-Confidence (Filtered Out)
WT_Cand_6384,6.705,0.356,Low-Confidence (Filtered Out)
WT_Cand_6385,7.355,0.214,Low-Confidence (Filtered Out)
WT_Cand_6386,8.308,0.071,High-Confidence (Std <= 0.20)
WT_Cand_6387,6.822,0.069,High-Confidence (Std <= 0.20)
WT_Cand_6388,5.214,0.353,Low-Confidence (Filtered Out)
WT_Cand_6389,7.819,0.04,High-Confidence (Std <= 0.20)
WT_Cand_6390,7.718,0.082,High-Confidence (Std <= 0.20)
WT_Cand_6391,4.617,0.201,Low-Confidence (Filtered Out)
WT_Cand_6392,6.846,0.417,Low-Confidence (Filtered Out)
WT_Cand_6393,5.021,0.442,Low-Confidence (Filtered Out)
WT_Cand_6394,6.086,0.005,High-Confidence (Std <= 0.20)
WT_Cand_6395,5.812,0.173,High-Confidence (Std <= 0.20)
WT_Cand_6396,7.781,0.131,High-Confidence (Std <= 0.20)
WT_Cand_6397,6.984,0.059,High-Confidence (Std <= 0.20)
WT_Cand_6398,5.372,0.004,High-Confidence (Std <= 0.20)
WT_Cand_6399,7.862,0.13,High-Confidence (Std <= 0.20)
WT_Cand_6400,5.201,0.039,High-Confidence (Std <= 0.20)
WT_Cand_6401,7.23,0.195,High-Confidence (Std <= 0.20)
WT_Cand_6402,5.914,0.141,High-Confidence (Std <= 0.20)
WT_Cand_6403,6.429,0.013,High-Confidence (Std <= 0.20)
WT_Cand_6404,7.43,0.111,High-Confidence (Std <= 0.20)
WT_Cand_6405,7.45,0.026,High-Confidence (Std <= 0.20)
WT_Cand_6406,8.388,0.167,High-Confidence (Std <= 0.20)
WT_Cand_6407,6.755,0.231,Low-Confidence (Filtered Out)
WT_Cand_6408,7.202,0.093,High-Confidence (Std <= 0.20)
WT_Cand_6409,6.347,0.34,Low-Confidence (Filtered Out)
WT_Cand_6410,7.059,0.169,High-Confidence (Std <= 0.20)
WT_Cand_6411,7.355,0.138,High-Confidence (Std <= 0.20)
WT_Cand_6412,6.737,0.14,High-Confidence (Std <= 0.20)
WT_Cand_6413,4.776,0.111,High-Confidence (Std <= 0.20)
WT_Cand_6414,7.231,0.107,High-Confidence (Std <= 0.20)
WT_Cand_6415,7.269,0.037,High-Confidence (Std <= 0.20)
WT_Cand_6416,6.068,0.398,Low-Confidence (Filtered Out)
WT_Cand_6417,5.373,0.11,High-Confidence (Std <= 0.20)
WT_Cand_6418,8.547,0.442,Low-Confidence (Filtered Out)
WT_Cand_6419,7.415,0.227,Low-Confidence (Filtered Out)
WT_Cand_6420,6.587,0.12,High-Confidence (Std <= 0.20)
WT_Cand_6421,5.542,0.151,High-Confidence (Std <= 0.20)
WT_Cand_6422,5.905,0.231,Low-Confidence (Filtered Out)
WT_Cand_6423,8.348,0.286,Low-Confidence (Filtered Out)
WT_Cand_6424,7.008,0.136,High-Confidence (Std <= 0.20)
WT_Cand_6425,6.217,0.267,Low-Confidence (Filtered Out)
WT_Cand_6426,7.436,0.224,Low-Confidence (Filtered Out)
WT_Cand_6427,5.913,0.232,Low-Confidence (Filtered Out)
WT_Cand_6428,8.576,0.268,Low-Confidence (Filtered Out)
WT_Cand_6429,8.406,0.078,High-Confidence (Std <= 0.20)
WT_Cand_6430,6.313,0.365,Low-Confidence (Filtered Out)
WT_Cand_6431,6.127,0.183,High-Confidence (Std <= 0.20)
WT_Cand_6432,3.839,0.285,Low-Confidence (Filtered Out)
WT_Cand_6433,5.146,0.135,High-Confidence (Std <= 0.20)
WT_Cand_6434,5.31,0.165,High-Confidence (Std <= 0.20)
WT_Cand_6435,7.005,0.078,High-Confidence (Std <= 0.20)
WT_Cand_6436,6.475,0.046,High-Confidence (Std <= 0.20)
WT_Cand_6437,5.303,0.116,High-Confidence (Std <= 0.20)
WT_Cand_6438,6.527,0.239,Low-Confidence (Filtered Out)
WT_Cand_6439,7.431,0.08,High-Confidence (Std <= 0.20)
WT_Cand_6440,7.457,0.022,High-Confidence (Std <= 0.20)
WT_Cand_6441,4.665,0.321,Low-Confidence (Filtered Out)
WT_Cand_6442,6.702,0.039,High-Confidence (Std <= 0.20)
WT_Cand_6443,5.259,0.178,High-Confidence (Std <= 0.20)
WT_Cand_6444,7.887,0.482,Low-Confidence (Filtered Out)
WT_Cand_6445,7.752,1.018,Low-Confidence (Filtered Out)
WT_Cand_6446,5.817,0.121,High-Confidence (Std <= 0.20)
WT_Cand_6447,5.969,0.324,Low-Confidence (Filtered Out)
WT_Cand_6448,6.32,0.18,High-Confidence (Std <= 0.20)
WT_Cand_6449,4.259,0.053,High-Confidence (Std <= 0.20)
WT_Cand_6450,7.236,0.112,High-Confidence (Std <= 0.20)
WT_Cand_6451,6.536,0.087,High-Confidence (Std <= 0.20)
WT_Cand_6452,7.966,0.315,Low-Confidence (Filtered Out)
WT_Cand_6453,5.587,0.468,Low-Confidence (Filtered Out)
WT_Cand_6454,6.138,0.097,High-Confidence (Std <= 0.20)
WT_Cand_6455,5.117,0.023,High-Confidence (Std <= 0.20)
WT_Cand_6456,5.695,0.16,High-Confidence (Std <= 0.20)
WT_Cand_6457,5.491,0.057,High-Confidence (Std <= 0.20)
WT_Cand_6458,7.995,0.045,High-Confidence (Std <= 0.20)
WT_Cand_6459,6.047,0.072,High-Confidence (Std <= 0.20)
WT_Cand_6460,6.993,0.066,High-Confidence (Std <= 0.20)
WT_Cand_6461,6.412,0.195,High-Confidence (Std <= 0.20)
WT_Cand_6462,5.39,0.232,Low-Confidence (Filtered Out)
WT_Cand_6463,6.656,0.176,High-Confidence (Std <= 0.20)
WT_Cand_6464,7.539,0.057,High-Confidence (Std <= 0.20)
WT_Cand_6465,5.461,0.059,High-Confidence (Std <= 0.20)
WT_Cand_6466,7.78,0.13,High-Confidence (Std <= 0.20)
WT_Cand_6467,5.873,0.102,High-Confidence (Std <= 0.20)
WT_Cand_6468,6.295,0.142,High-Confidence (Std <= 0.20)
WT_Cand_6469,7.46,0.189,High-Confidence (Std <= 0.20)
WT_Cand_6470,6.087,0.128,High-Confidence (Std <= 0.20)
WT_Cand_6471,6.893,0.218,Low-Confidence (Filtered Out)
WT_Cand_6472,6.488,0.165,High-Confidence (Std <= 0.20)
WT_Cand_6473,6.999,0.226,Low-Confidence (Filtered Out)
WT_Cand_6474,4.112,0.042,High-Confidence (Std <= 0.20)
WT_Cand_6475,4.746,0.019,High-Confidence (Std <= 0.20)
WT_Cand_6476,7.558,0.055,High-Confidence (Std <= 0.20)
WT_Cand_6477,8.043,0.299,Low-Confidence (Filtered Out)
WT_Cand_6478,5.803,0.166,High-Confidence (Std <= 0.20)
WT_Cand_6479,6.569,0.079,High-Confidence (Std <= 0.20)
WT_Cand_6480,7.189,0.068,High-Confidence (Std <= 0.20)
WT_Cand_6481,7.647,0.237,Low-Confidence (Filtered Out)
WT_Cand_6482,4.518,0.169,High-Confidence (Std <= 0.20)
WT_Cand_6483,5.831,0.034,High-Confidence (Std <= 0.20)
WT_Cand_6484,6.468,0.034,High-Confidence (Std <= 0.20)
WT_Cand_6485,7.659,0.22,Low-Confidence (Filtered Out)
WT_Cand_6486,9.723,0.076,High-Confidence (Std <= 0.20)
WT_Cand_6487,6.588,0.025,High-Confidence (Std <= 0.20)
WT_Cand_6488,5.232,0.024,High-Confidence (Std <= 0.20)
WT_Cand_6489,7.313,0.195,High-Confidence (Std <= 0.20)
WT_Cand_6490,8.369,0.08,High-Confidence (Std <= 0.20)
WT_Cand_6491,6.974,0.251,Low-Confidence (Filtered Out)
WT_Cand_6492,5.807,0.145,High-Confidence (Std <= 0.20)
WT_Cand_6493,7.952,0.093,High-Confidence (Std <= 0.20)
WT_Cand_6494,7.613,0.138,High-Confidence (Std <= 0.20)
WT_Cand_6495,5.67,0.515,Low-Confidence (Filtered Out)
WT_Cand_6496,7.289,0.051,High-Confidence (Std <= 0.20)
WT_Cand_6497,7.997,0.336,Low-Confidence (Filtered Out)
WT_Cand_6498,8.209,0.222,Low-Confidence (Filtered Out)
WT_Cand_6499,6.774,0.083,High-Confidence (Std <= 0.20)
WT_Cand_6500,6.438,0.222,Low-Confidence (Filtered Out)
WT_Cand_6501,8.261,0.161,High-Confidence (Std <= 0.20)
WT_Cand_6502,5.458,0.126,High-Confidence (Std <= 0.20)
WT_Cand_6503,7.354,0.101,High-Confidence (Std <= 0.20)
WT_Cand_6504,5.274,0.286,Low-Confidence (Filtered Out)
WT_Cand_6505,8.075,0.142,High-Confidence (Std <= 0.20)
WT_Cand_6506,6.553,0.056,High-Confidence (Std <= 0.20)
WT_Cand_6507,8.309,0.134,High-Confidence (Std <= 0.20)
WT_Cand_6508,7.415,0.026,High-Confidence (Std <= 0.20)
WT_Cand_6509,5.443,0.076,High-Confidence (Std <= 0.20)
WT_Cand_6510,8.488,0.216,Low-Confidence (Filtered Out)
WT_Cand_6511,8.634,0.049,High-Confidence (Std <= 0.20)
WT_Cand_6512,7.865,0.654,Low-Confidence (Filtered Out)
WT_Cand_6513,5.974,0.008,High-Confidence (Std <= 0.20)
WT_Cand_6514,6.498,0.099,High-Confidence (Std <= 0.20)
WT_Cand_6515,7.017,0.234,Low-Confidence (Filtered Out)
WT_Cand_6516,6.041,0.027,High-Confidence (Std <= 0.20)
WT_Cand_6517,8.796,0.237,Low-Confidence (Filtered Out)
WT_Cand_6518,7.016,0.224,Low-Confidence (Filtered Out)
WT_Cand_6519,3.741,0.106,High-Confidence (Std <= 0.20)
WT_Cand_6520,7.24,0.058,High-Confidence (Std <= 0.20)
WT_Cand_6521,6.45,0.141,High-Confidence (Std <= 0.20)
WT_Cand_6522,6.764,0.217,Low-Confidence (Filtered Out)
WT_Cand_6523,6.426,0.063,High-Confidence (Std <= 0.20)
WT_Cand_6524,7.778,0.125,High-Confidence (Std <= 0.20)
WT_Cand_6525,8.138,0.029,High-Confidence (Std <= 0.20)
WT_Cand_6526,7.176,0.264,Low-Confidence (Filtered Out)
WT_Cand_6527,6.46,0.456,Low-Confidence (Filtered Out)
WT_Cand_6528,6.802,0.09,High-Confidence (Std <= 0.20)
WT_Cand_6529,6.873,0.071,High-Confidence (Std <= 0.20)
WT_Cand_6530,5.927,0.307,Low-Confidence (Filtered Out)
WT_Cand_6531,7.516,0.303,Low-Confidence (Filtered Out)
WT_Cand_6532,7.379,0.242,Low-Confidence (Filtered Out)
WT_Cand_6533,8.622,0.04,High-Confidence (Std <= 0.20)
WT_Cand_6534,8.294,0.002,High-Confidence (Std <= 0.20)
WT_Cand_6535,6.061,0.12,High-Confidence (Std <= 0.20)
WT_Cand_6536,7.793,0.195,High-Confidence (Std <= 0.20)
WT_Cand_6537,5.756,0.09,High-Confidence (Std <= 0.20)
WT_Cand_6538,7.65,0.298,Low-Confidence (Filtered Out)
WT_Cand_6539,6.256,0.074,High-Confidence (Std <= 0.20)
WT_Cand_6540,5.673,0.019,High-Confidence (Std <= 0.20)
WT_Cand_6541,7.172,0.09,High-Confidence (Std <= 0.20)
WT_Cand_6542,3.774,0.181,High-Confidence (Std <= 0.20)
WT_Cand_6543,4.836,0.048,High-Confidence (Std <= 0.20)
WT_Cand_6544,6.646,0.167,High-Confidence (Std <= 0.20)
WT_Cand_6545,6.945,0.12,High-Confidence (Std <= 0.20)
WT_Cand_6546,6.425,0.448,Low-Confidence (Filtered Out)
WT_Cand_6547,5.034,0.271,Low-Confidence (Filtered Out)
WT_Cand_6548,5.909,0.7,Low-Confidence (Filtered Out)
WT_Cand_6549,7.3,0.037,High-Confidence (Std <= 0.20)
WT_Cand_6550,7.519,0.346,Low-Confidence (Filtered Out)
WT_Cand_6551,6.831,0.011,High-Confidence (Std <= 0.20)
WT_Cand_6552,8.18,0.289,Low-Confidence (Filtered Out)
WT_Cand_6553,7.307,0.018,High-Confidence (Std <= 0.20)
WT_Cand_6554,5.99,0.234,Low-Confidence (Filtered Out)
WT_Cand_6555,6.527,0.168,High-Confidence (Std <= 0.20)
WT_Cand_6556,5.237,0.184,High-Confidence (Std <= 0.20)
WT_Cand_6557,6.726,0.009,High-Confidence (Std <= 0.20)
WT_Cand_6558,8.129,0.221,Low-Confidence (Filtered Out)
WT_Cand_6559,7.638,0.019,High-Confidence (Std <= 0.20)
WT_Cand_6560,8.462,0.45,Low-Confidence (Filtered Out)
WT_Cand_6561,6.502,0.069,High-Confidence (Std <= 0.20)
WT_Cand_6562,8.398,0.097,High-Confidence (Std <= 0.20)
WT_Cand_6563,6.628,0.342,Low-Confidence (Filtered Out)
WT_Cand_6564,8.542,0.145,High-Confidence (Std <= 0.20)
WT_Cand_6565,6.825,0.147,High-Confidence (Std <= 0.20)
WT_Cand_6566,7.663,0.203,Low-Confidence (Filtered Out)
WT_Cand_6567,8.546,0.051,High-Confidence (Std <= 0.20)
WT_Cand_6568,6.628,0.068,High-Confidence (Std <= 0.20)
WT_Cand_6569,7.101,0.151,High-Confidence (Std <= 0.20)
WT_Cand_6570,8.332,0.473,Low-Confidence (Filtered Out)
WT_Cand_6571,6.697,0.251,Low-Confidence (Filtered Out)
WT_Cand_6572,5.331,0.366,Low-Confidence (Filtered Out)
WT_Cand_6573,9.314,0.299,Low-Confidence (Filtered Out)
WT_Cand_6574,6.31,0.242,Low-Confidence (Filtered Out)
WT_Cand_6575,7.033,0.118,High-Confidence (Std <= 0.20)
WT_Cand_6576,8.179,0.047,High-Confidence (Std <= 0.20)
WT_Cand_6577,6.15,0.055,High-Confidence (Std <= 0.20)
WT_Cand_6578,5.691,0.322,Low-Confidence (Filtered Out)
WT_Cand_6579,7.142,0.217,Low-Confidence (Filtered Out)
WT_Cand_6580,4.788,0.141,High-Confidence (Std <= 0.20)
WT_Cand_6581,6.519,0.006,High-Confidence (Std <= 0.20)
WT_Cand_6582,7.132,0.118,High-Confidence (Std <= 0.20)
WT_Cand_6583,6.54,0.305,Low-Confidence (Filtered Out)
WT_Cand_6584,5.075,0.216,Low-Confidence (Filtered Out)
WT_Cand_6585,8.683,0.098,High-Confidence (Std <= 0.20)
WT_Cand_6586,6.969,0.161,High-Confidence (Std <= 0.20)
WT_Cand_6587,8.496,0.07,High-Confidence (Std <= 0.20)
WT_Cand_6588,6.551,0.033,High-Confidence (Std <= 0.20)
WT_Cand_6589,5.838,0.065,High-Confidence (Std <= 0.20)
WT_Cand_6590,7.16,0.282,Low-Confidence (Filtered Out)
WT_Cand_6591,6.602,0.352,Low-Confidence (Filtered Out)
WT_Cand_6592,5.496,0.294,Low-Confidence (Filtered Out)
WT_Cand_6593,8.54,0.268,Low-Confidence (Filtered Out)
WT_Cand_6594,6.134,0.042,High-Confidence (Std <= 0.20)
WT_Cand_6595,4.734,0.107,High-Confidence (Std <= 0.20)
WT_Cand_6596,8.377,0.118,High-Confidence (Std <= 0.20)
WT_Cand_6597,6.27,0.085,High-Confidence (Std <= 0.20)
WT_Cand_6598,6.151,0.047,High-Confidence (Std <= 0.20)
WT_Cand_6599,4.82,0.168,High-Confidence (Std <= 0.20)
WT_Cand_6600,8.852,0.162,High-Confidence (Std <= 0.20)
WT_Cand_6601,5.367,0.104,High-Confidence (Std <= 0.20)
WT_Cand_6602,6.917,0.416,Low-Confidence (Filtered Out)
WT_Cand_6603,7.9,0.09,High-Confidence (Std <= 0.20)
WT_Cand_6604,7.335,0.125,High-Confidence (Std <= 0.20)
WT_Cand_6605,6.781,0.027,High-Confidence (Std <= 0.20)
WT_Cand_6606,4.893,0.244,Low-Confidence (Filtered Out)
WT_Cand_6607,5.919,0.343,Low-Confidence (Filtered Out)
WT_Cand_6608,7.066,0.022,High-Confidence (Std <= 0.20)
WT_Cand_6609,5.945,0.204,Low-Confidence (Filtered Out)
WT_Cand_6610,7.084,0.098,High-Confidence (Std <= 0.20)
WT_Cand_6611,7.634,0.256,Low-Confidence (Filtered Out)
WT_Cand_6612,7.957,0.172,High-Confidence (Std <= 0.20)
WT_Cand_6613,5.44,0.172,High-Confidence (Std <= 0.20)
WT_Cand_6614,9.376,0.162,High-Confidence (Std <= 0.20)
WT_Cand_6615,7.733,0.496,Low-Confidence (Filtered Out)
WT_Cand_6616,6.848,0.033,High-Confidence (Std <= 0.20)
WT_Cand_6617,8.103,0.247,Low-Confidence (Filtered Out)
WT_Cand_6618,9.57,0.043,High-Confidence (Std <= 0.20)
WT_Cand_6619,5.195,0.261,Low-Confidence (Filtered Out)
WT_Cand_6620,6.591,0.238,Low-Confidence (Filtered Out)
WT_Cand_6621,4.115,0.063,High-Confidence (Std <= 0.20)
WT_Cand_6622,7.072,0.814,Low-Confidence (Filtered Out)
WT_Cand_6623,7.27,0.393,Low-Confidence (Filtered Out)
WT_Cand_6624,6.805,0.129,High-Confidence (Std <= 0.20)
WT_Cand_6625,6.097,0.165,High-Confidence (Std <= 0.20)
WT_Cand_6626,4.493,0.329,Low-Confidence (Filtered Out)
WT_Cand_6627,7.28,0.037,High-Confidence (Std <= 0.20)
WT_Cand_6628,8.524,0.205,Low-Confidence (Filtered Out)
WT_Cand_6629,6.17,0.127,High-Confidence (Std <= 0.20)
WT_Cand_6630,7.356,0.403,Low-Confidence (Filtered Out)
WT_Cand_6631,5.047,0.015,High-Confidence (Std <= 0.20)
WT_Cand_6632,7.376,0.175,High-Confidence (Std <= 0.20)
WT_Cand_6633,6.398,0.036,High-Confidence (Std <= 0.20)
WT_Cand_6634,5.973,0.207,Low-Confidence (Filtered Out)
WT_Cand_6635,5.976,0.145,High-Confidence (Std <= 0.20)
WT_Cand_6636,6.397,0.16,High-Confidence (Std <= 0.20)
WT_Cand_6637,7.29,0.273,Low-Confidence (Filtered Out)
WT_Cand_6638,5.341,0.224,Low-Confidence (Filtered Out)
WT_Cand_6639,6.393,0.071,High-Confidence (Std <= 0.20)
WT_Cand_6640,6.802,0.009,High-Confidence (Std <= 0.20)
WT_Cand_6641,5.586,0.018,High-Confidence (Std <= 0.20)
WT_Cand_6642,8.916,0.074,High-Confidence (Std <= 0.20)
WT_Cand_6643,5.868,0.163,High-Confidence (Std <= 0.20)
WT_Cand_6644,6.08,0.133,High-Confidence (Std <= 0.20)
WT_Cand_6645,5.725,0.167,High-Confidence (Std <= 0.20)
WT_Cand_6646,8.918,0.338,Low-Confidence (Filtered Out)
WT_Cand_6647,7.486,0.079,High-Confidence (Std <= 0.20)
WT_Cand_6648,5.773,0.258,Low-Confidence (Filtered Out)
WT_Cand_6649,8.122,0.157,High-Confidence (Std <= 0.20)
WT_Cand_6650,7.081,0.364,Low-Confidence (Filtered Out)
WT_Cand_6651,7.146,0.173,High-Confidence (Std <= 0.20)
WT_Cand_6652,6.454,0.458,Low-Confidence (Filtered Out)
WT_Cand_6653,5.988,0.24,Low-Confidence (Filtered Out)
WT_Cand_6654,7.238,0.309,Low-Confidence (Filtered Out)
WT_Cand_6655,6.223,0.075,High-Confidence (Std <= 0.20)
WT_Cand_6656,8.939,0.358,Low-Confidence (Filtered Out)
WT_Cand_6657,5.39,0.464,Low-Confidence (Filtered Out)
WT_Cand_6658,8.617,0.219,Low-Confidence (Filtered Out)
WT_Cand_6659,6.722,0.108,High-Confidence (Std <= 0.20)
WT_Cand_6660,7.194,0.316,Low-Confidence (Filtered Out)
WT_Cand_6661,7.808,0.256,Low-Confidence (Filtered Out)
WT_Cand_6662,6.125,0.567,Low-Confidence (Filtered Out)
WT_Cand_6663,7.844,0.213,Low-Confidence (Filtered Out)
WT_Cand_6664,3.736,0.128,High-Confidence (Std <= 0.20)
WT_Cand_6665,6.022,0.155,High-Confidence (Std <= 0.20)
WT_Cand_6666,5.787,0.061,High-Confidence (Std <= 0.20)
WT_Cand_6667,5.408,0.105,High-Confidence (Std <= 0.20)
WT_Cand_6668,6.603,0.013,High-Confidence (Std <= 0.20)
WT_Cand_6669,7.294,0.123,High-Confidence (Std <= 0.20)
WT_Cand_6670,7.658,0.322,Low-Confidence (Filtered Out)
WT_Cand_6671,7.127,0.61,Low-Confidence (Filtered Out)
WT_Cand_6672,6.084,0.1,High-Confidence (Std <= 0.20)
WT_Cand_6673,7.274,0.232,Low-Confidence (Filtered Out)
WT_Cand_6674,6.993,0.128,High-Confidence (Std <= 0.20)
WT_Cand_6675,7.926,0.098,High-Confidence (Std <= 0.20)
WT_Cand_6676,7.743,0.045,High-Confidence (Std <= 0.20)
WT_Cand_6677,6.885,0.431,Low-Confidence (Filtered Out)
WT_Cand_6678,5.818,0.022,High-Confidence (Std <= 0.20)
WT_Cand_6679,6.099,0.056,High-Confidence (Std <= 0.20)
WT_Cand_6680,6.218,0.242,Low-Confidence (Filtered Out)
WT_Cand_6681,6.487,0.414,Low-Confidence (Filtered Out)
WT_Cand_6682,7.158,0.081,High-Confidence (Std <= 0.20)
WT_Cand_6683,7.672,0.149,High-Confidence (Std <= 0.20)
WT_Cand_6684,6.791,0.183,High-Confidence (Std <= 0.20)
WT_Cand_6685,6.869,0.207,Low-Confidence (Filtered Out)
WT_Cand_6686,7.015,0.341,Low-Confidence (Filtered Out)
WT_Cand_6687,6.257,0.089,High-Confidence (Std <= 0.20)
WT_Cand_6688,5.786,0.25,Low-Confidence (Filtered Out)
WT_Cand_6689,4.831,0.153,High-Confidence (Std <= 0.20)
WT_Cand_6690,6.051,0.232,Low-Confidence (Filtered Out)
WT_Cand_6691,7.394,0.032,High-Confidence (Std <= 0.20)
WT_Cand_6692,6.042,0.101,High-Confidence (Std <= 0.20)
WT_Cand_6693,6.577,0.243,Low-Confidence (Filtered Out)
WT_Cand_6694,7.386,0.041,High-Confidence (Std <= 0.20)
WT_Cand_6695,7.449,0.027,High-Confidence (Std <= 0.20)
WT_Cand_6696,5.609,0.014,High-Confidence (Std <= 0.20)
WT_Cand_6697,7.997,0.048,High-Confidence (Std <= 0.20)
WT_Cand_6698,8.146,0.088,High-Confidence (Std <= 0.20)
WT_Cand_6699,5.551,0.254,Low-Confidence (Filtered Out)
WT_Cand_6700,5.903,0.042,High-Confidence (Std <= 0.20)
WT_Cand_6701,8.22,0.206,Low-Confidence (Filtered Out)
WT_Cand_6702,6.681,0.118,High-Confidence (Std <= 0.20)
WT_Cand_6703,4.297,0.044,High-Confidence (Std <= 0.20)
WT_Cand_6704,5.24,0.182,High-Confidence (Std <= 0.20)
WT_Cand_6705,6.563,0.132,High-Confidence (Std <= 0.20)
WT_Cand_6706,5.513,0.123,High-Confidence (Std <= 0.20)
WT_Cand_6707,6.375,0.021,High-Confidence (Std <= 0.20)
WT_Cand_6708,6.887,0.36,Low-Confidence (Filtered Out)
WT_Cand_6709,8.532,0.377,Low-Confidence (Filtered Out)
WT_Cand_6710,6.516,0.3,Low-Confidence (Filtered Out)
WT_Cand_6711,8.083,0.089,High-Confidence (Std <= 0.20)
WT_Cand_6712,8.493,0.073,High-Confidence (Std <= 0.20)
WT_Cand_6713,8.499,0.345,Low-Confidence (Filtered Out)
WT_Cand_6714,7.177,0.089,High-Confidence (Std <= 0.20)
WT_Cand_6715,4.592,0.042,High-Confidence (Std <= 0.20)
WT_Cand_6716,7.38,0.372,Low-Confidence (Filtered Out)
WT_Cand_6717,8.056,0.33,Low-Confidence (Filtered Out)
WT_Cand_6718,6.757,0.141,High-Confidence (Std <= 0.20)
WT_Cand_6719,8.856,0.239,Low-Confidence (Filtered Out)
WT_Cand_6720,7.839,0.155,High-Confidence (Std <= 0.20)
WT_Cand_6721,7.504,0.052,High-Confidence (Std <= 0.20)
WT_Cand_6722,8.099,0.091,High-Confidence (Std <= 0.20)
WT_Cand_6723,7.233,0.061,High-Confidence (Std <= 0.20)
WT_Cand_6724,3.983,0.26,Low-Confidence (Filtered Out)
WT_Cand_6725,6.276,0.059,High-Confidence (Std <= 0.20)
WT_Cand_6726,8.227,0.246,Low-Confidence (Filtered Out)
WT_Cand_6727,5.921,0.171,High-Confidence (Std <= 0.20)
WT_Cand_6728,6.593,0.111,High-Confidence (Std <= 0.20)
WT_Cand_6729,5.648,0.058,High-Confidence (Std <= 0.20)
WT_Cand_6730,8.902,0.179,High-Confidence (Std <= 0.20)
WT_Cand_6731,8.784,0.294,Low-Confidence (Filtered Out)
WT_Cand_6732,5.834,0.015,High-Confidence (Std <= 0.20)
WT_Cand_6733,7.019,0.057,High-Confidence (Std <= 0.20)
WT_Cand_6734,6.067,0.373,Low-Confidence (Filtered Out)
WT_Cand_6735,7.557,0.137,High-Confidence (Std <= 0.20)
WT_Cand_6736,7.436,0.27,Low-Confidence (Filtered Out)
WT_Cand_6737,7.783,0.394,Low-Confidence (Filtered Out)
WT_Cand_6738,7.232,0.11,High-Confidence (Std <= 0.20)
WT_Cand_6739,10.226,0.04,High-Confidence (Std <= 0.20)
WT_Cand_6740,5.668,0.011,High-Confidence (Std <= 0.20)
WT_Cand_6741,4.883,0.339,Low-Confidence (Filtered Out)
WT_Cand_6742,6.398,0.188,High-Confidence (Std <= 0.20)
WT_Cand_6743,5.047,0.082,High-Confidence (Std <= 0.20)
WT_Cand_6744,5.134,0.198,High-Confidence (Std <= 0.20)
WT_Cand_6745,5.698,0.086,High-Confidence (Std <= 0.20)
WT_Cand_6746,5.789,0.274,Low-Confidence (Filtered Out)
WT_Cand_6747,5.752,0.133,High-Confidence (Std <= 0.20)
WT_Cand_6748,7.446,0.051,High-Confidence (Std <= 0.20)
WT_Cand_6749,6.268,0.233,Low-Confidence (Filtered Out)
WT_Cand_6750,6.644,0.034,High-Confidence (Std <= 0.20)
WT_Cand_6751,7.878,0.05,High-Confidence (Std <= 0.20)
WT_Cand_6752,5.969,0.334,Low-Confidence (Filtered Out)
WT_Cand_6753,6.546,0.335,Low-Confidence (Filtered Out)
WT_Cand_6754,7.271,0.326,Low-Confidence (Filtered Out)
WT_Cand_6755,4.617,0.055,High-Confidence (Std <= 0.20)
WT_Cand_6756,4.107,0.011,High-Confidence (Std <= 0.20)
WT_Cand_6757,7.248,0.187,High-Confidence (Std <= 0.20)
WT_Cand_6758,7.416,0.063,High-Confidence (Std <= 0.20)
WT_Cand_6759,9.224,0.187,High-Confidence (Std <= 0.20)
WT_Cand_6760,7.032,0.102,High-Confidence (Std <= 0.20)
WT_Cand_6761,7.793,0.192,High-Confidence (Std <= 0.20)
WT_Cand_6762,6.625,0.319,Low-Confidence (Filtered Out)
WT_Cand_6763,7.192,0.142,High-Confidence (Std <= 0.20)
WT_Cand_6764,8.767,0.293,Low-Confidence (Filtered Out)
WT_Cand_6765,4.407,0.222,Low-Confidence (Filtered Out)
WT_Cand_6766,7.326,0.107,High-Confidence (Std <= 0.20)
WT_Cand_6767,9.306,0.047,High-Confidence (Std <= 0.20)
WT_Cand_6768,7.174,0.458,Low-Confidence (Filtered Out)
WT_Cand_6769,8.748,0.265,Low-Confidence (Filtered Out)
WT_Cand_6770,6.126,0.198,High-Confidence (Std <= 0.20)
WT_Cand_6771,6.813,0.056,High-Confidence (Std <= 0.20)
WT_Cand_6772,6.889,0.101,High-Confidence (Std <= 0.20)
WT_Cand_6773,4.3,0.392,Low-Confidence (Filtered Out)
WT_Cand_6774,5.507,0.139,High-Confidence (Std <= 0.20)
WT_Cand_6775,5.589,0.194,High-Confidence (Std <= 0.20)
WT_Cand_6776,7.795,0.375,Low-Confidence (Filtered Out)
WT_Cand_6777,7.853,0.139,High-Confidence (Std <= 0.20)
WT_Cand_6778,7.223,0.079,High-Confidence (Std <= 0.20)
WT_Cand_6779,7.798,0.026,High-Confidence (Std <= 0.20)
WT_Cand_6780,6.661,0.175,High-Confidence (Std <= 0.20)
WT_Cand_6781,8.232,0.177,High-Confidence (Std <= 0.20)
WT_Cand_6782,6.86,0.576,Low-Confidence (Filtered Out)
WT_Cand_6783,6.917,0.242,Low-Confidence (Filtered Out)
WT_Cand_6784,6.545,0.077,High-Confidence (Std <= 0.20)
WT_Cand_6785,7.637,0.068,High-Confidence (Std <= 0.20)
WT_Cand_6786,6.366,0.083,High-Confidence (Std <= 0.20)
WT_Cand_6787,7.973,0.139,High-Confidence (Std <= 0.20)
WT_Cand_6788,5.548,0.08,High-Confidence (Std <= 0.20)
WT_Cand_6789,5.586,0.115,High-Confidence (Std <= 0.20)
WT_Cand_6790,7.641,0.01,High-Confidence (Std <= 0.20)
WT_Cand_6791,6.748,0.488,Low-Confidence (Filtered Out)
WT_Cand_6792,6.328,0.239,Low-Confidence (Filtered Out)
WT_Cand_6793,7.874,0.14,High-Confidence (Std <= 0.20)
WT_Cand_6794,6.152,0.038,High-Confidence (Std <= 0.20)
WT_Cand_6795,6.62,0.038,High-Confidence (Std <= 0.20)
WT_Cand_6796,8.459,0.044,High-Confidence (Std <= 0.20)
WT_Cand_6797,8.62,0.529,Low-Confidence (Filtered Out)
WT_Cand_6798,8.658,0.182,High-Confidence (Std <= 0.20)
WT_Cand_6799,6.526,0.18,High-Confidence (Std <= 0.20)
WT_Cand_6800,8.265,0.116,High-Confidence (Std <= 0.20)
WT_Cand_6801,5.759,0.245,Low-Confidence (Filtered Out)
WT_Cand_6802,5.807,0.151,High-Confidence (Std <= 0.20)
WT_Cand_6803,4.147,0.295,Low-Confidence (Filtered Out)
WT_Cand_6804,8.774,0.017,High-Confidence (Std <= 0.20)
WT_Cand_6805,5.856,0.09,High-Confidence (Std <= 0.20)
WT_Cand_6806,6.704,0.207,Low-Confidence (Filtered Out)
WT_Cand_6807,5.803,0.097,High-Confidence (Std <= 0.20)
WT_Cand_6808,7.649,0.019,High-Confidence (Std <= 0.20)
WT_Cand_6809,6.418,0.241,Low-Confidence (Filtered Out)
WT_Cand_6810,5.349,0.459,Low-Confidence (Filtered Out)
WT_Cand_6811,7.358,0.054,High-Confidence (Std <= 0.20)
WT_Cand_6812,5.201,0.063,High-Confidence (Std <= 0.20)
WT_Cand_6813,5.887,0.131,High-Confidence (Std <= 0.20)
WT_Cand_6814,4.427,0.404,Low-Confidence (Filtered Out)
WT_Cand_6815,5.212,0.059,High-Confidence (Std <= 0.20)
WT_Cand_6816,7.055,0.065,High-Confidence (Std <= 0.20)
WT_Cand_6817,4.591,0.071,High-Confidence (Std <= 0.20)
WT_Cand_6818,5.147,0.27,Low-Confidence (Filtered Out)
WT_Cand_6819,6.847,0.296,Low-Confidence (Filtered Out)
WT_Cand_6820,6.225,0.009,High-Confidence (Std <= 0.20)
WT_Cand_6821,9.141,0.092,High-Confidence (Std <= 0.20)
WT_Cand_6822,8.959,0.664,Low-Confidence (Filtered Out)
WT_Cand_6823,5.852,0.128,High-Confidence (Std <= 0.20)
WT_Cand_6824,7.491,0.046,High-Confidence (Std <= 0.20)
WT_Cand_6825,7.712,0.452,Low-Confidence (Filtered Out)
WT_Cand_6826,6.163,0.077,High-Confidence (Std <= 0.20)
WT_Cand_6827,5.13,0.014,High-Confidence (Std <= 0.20)
WT_Cand_6828,6.836,0.26,Low-Confidence (Filtered Out)
WT_Cand_6829,6.651,0.026,High-Confidence (Std <= 0.20)
WT_Cand_6830,6.349,0.165,High-Confidence (Std <= 0.20)
WT_Cand_6831,7.359,0.148,High-Confidence (Std <= 0.20)
WT_Cand_6832,5.987,0.086,High-Confidence (Std <= 0.20)
WT_Cand_6833,5.525,0.002,High-Confidence (Std <= 0.20)
WT_Cand_6834,6.975,0.239,Low-Confidence (Filtered Out)
WT_Cand_6835,7.294,0.231,Low-Confidence (Filtered Out)
WT_Cand_6836,5.497,0.036,High-Confidence (Std <= 0.20)
WT_Cand_6837,7.917,0.459,Low-Confidence (Filtered Out)
WT_Cand_6838,4.814,0.127,High-Confidence (Std <= 0.20)
WT_Cand_6839,6.185,0.113,High-Confidence (Std <= 0.20)
WT_Cand_6840,6.553,0.089,High-Confidence (Std <= 0.20)
WT_Cand_6841,6.118,0.073,High-Confidence (Std <= 0.20)
WT_Cand_6842,6.2,0.269,Low-Confidence (Filtered Out)
WT_Cand_6843,9.002,0.09,High-Confidence (Std <= 0.20)
WT_Cand_6844,5.871,0.232,Low-Confidence (Filtered Out)
WT_Cand_6845,9.657,0.13,High-Confidence (Std <= 0.20)
WT_Cand_6846,7.353,0.238,Low-Confidence (Filtered Out)
WT_Cand_6847,6.956,0.283,Low-Confidence (Filtered Out)
WT_Cand_6848,7.398,0.143,High-Confidence (Std <= 0.20)
WT_Cand_6849,9.759,0.124,High-Confidence (Std <= 0.20)
WT_Cand_6850,5.707,0.158,High-Confidence (Std <= 0.20)
WT_Cand_6851,5.562,0.153,High-Confidence (Std <= 0.20)
WT_Cand_6852,5.982,0.188,High-Confidence (Std <= 0.20)
WT_Cand_6853,6.887,0.02,High-Confidence (Std <= 0.20)
WT_Cand_6854,4.865,0.107,High-Confidence (Std <= 0.20)
WT_Cand_6855,6.876,0.076,High-Confidence (Std <= 0.20)
WT_Cand_6856,8.798,0.114,High-Confidence (Std <= 0.20)
WT_Cand_6857,7.024,0.26,Low-Confidence (Filtered Out)
WT_Cand_6858,6.513,0.439,Low-Confidence (Filtered Out)
WT_Cand_6859,6.139,0.039,High-Confidence (Std <= 0.20)
WT_Cand_6860,7.883,0.023,High-Confidence (Std <= 0.20)
WT_Cand_6861,5.9,0.102,High-Confidence (Std <= 0.20)
WT_Cand_6862,8.973,0.112,High-Confidence (Std <= 0.20)
WT_Cand_6863,9.073,0.025,High-Confidence (Std <= 0.20)
WT_Cand_6864,7.145,0.143,High-Confidence (Std <= 0.20)
WT_Cand_6865,6.837,0.173,High-Confidence (Std <= 0.20)
WT_Cand_6866,8.035,0.041,High-Confidence (Std <= 0.20)
WT_Cand_6867,8.109,0.093,High-Confidence (Std <= 0.20)
WT_Cand_6868,5.923,0.204,Low-Confidence (Filtered Out)
WT_Cand_6869,6.244,0.063,High-Confidence (Std <= 0.20)
WT_Cand_6870,5.329,0.038,High-Confidence (Std <= 0.20)
WT_Cand_6871,7.32,0.035,High-Confidence (Std <= 0.20)
WT_Cand_6872,7.617,0.101,High-Confidence (Std <= 0.20)
WT_Cand_6873,5.298,0.029,High-Confidence (Std <= 0.20)
WT_Cand_6874,6.327,0.268,Low-Confidence (Filtered Out)
WT_Cand_6875,5.301,0.19,High-Confidence (Std <= 0.20)
WT_Cand_6876,5.816,0.277,Low-Confidence (Filtered Out)
WT_Cand_6877,7.484,0.403,Low-Confidence (Filtered Out)
WT_Cand_6878,6.006,0.059,High-Confidence (Std <= 0.20)
WT_Cand_6879,6.504,0.101,High-Confidence (Std <= 0.20)
WT_Cand_6880,4.979,0.204,Low-Confidence (Filtered Out)
WT_Cand_6881,7.065,0.187,High-Confidence (Std <= 0.20)
WT_Cand_6882,6.799,0.146,High-Confidence (Std <= 0.20)
WT_Cand_6883,6.012,0.235,Low-Confidence (Filtered Out)
WT_Cand_6884,6.633,0.139,High-Confidence (Std <= 0.20)
WT_Cand_6885,7.057,0.345,Low-Confidence (Filtered Out)
WT_Cand_6886,5.913,0.127,High-Confidence (Std <= 0.20)
WT_Cand_6887,5.152,0.198,High-Confidence (Std <= 0.20)
WT_Cand_6888,8.926,0.046,High-Confidence (Std <= 0.20)
WT_Cand_6889,6.122,0.231,Low-Confidence (Filtered Out)
WT_Cand_6890,6.739,0.024,High-Confidence (Std <= 0.20)
WT_Cand_6891,8.012,0.089,High-Confidence (Std <= 0.20)
WT_Cand_6892,10.908,0.086,High-Confidence (Std <= 0.20)
WT_Cand_6893,5.419,0.255,Low-Confidence (Filtered Out)
WT_Cand_6894,7.367,0.063,High-Confidence (Std <= 0.20)
WT_Cand_6895,6.036,0.179,High-Confidence (Std <= 0.20)
WT_Cand_6896,6.23,0.098,High-Confidence (Std <= 0.20)
WT_Cand_6897,6.022,0.192,High-Confidence (Std <= 0.20)
WT_Cand_6898,5.555,0.147,High-Confidence (Std <= 0.20)
WT_Cand_6899,6.803,0.049,High-Confidence (Std <= 0.20)
WT_Cand_6900,5.154,0.004,High-Confidence (Std <= 0.20)
WT_Cand_6901,7.939,0.062,High-Confidence (Std <= 0.20)
WT_Cand_6902,6.913,0.065,High-Confidence (Std <= 0.20)
WT_Cand_6903,7.336,0.275,Low-Confidence (Filtered Out)
WT_Cand_6904,6.314,0.078,High-Confidence (Std <= 0.20)
WT_Cand_6905,6.428,0.107,High-Confidence (Std <= 0.20)
WT_Cand_6906,7.181,0.111,High-Confidence (Std <= 0.20)
WT_Cand_6907,5.511,0.17,High-Confidence (Std <= 0.20)
WT_Cand_6908,6.438,0.118,High-Confidence (Std <= 0.20)
WT_Cand_6909,5.861,0.309,Low-Confidence (Filtered Out)
WT_Cand_6910,5.826,0.177,High-Confidence (Std <= 0.20)
WT_Cand_6911,4.424,0.032,High-Confidence (Std <= 0.20)
WT_Cand_6912,8.39,0.052,High-Confidence (Std <= 0.20)
WT_Cand_6913,6.06,0.128,High-Confidence (Std <= 0.20)
WT_Cand_6914,8.188,0.131,High-Confidence (Std <= 0.20)
WT_Cand_6915,8.079,0.026,High-Confidence (Std <= 0.20)
WT_Cand_6916,5.371,0.109,High-Confidence (Std <= 0.20)
WT_Cand_6917,5.598,0.342,Low-Confidence (Filtered Out)
WT_Cand_6918,9.795,0.055,High-Confidence (Std <= 0.20)
WT_Cand_6919,8.864,0.019,High-Confidence (Std <= 0.20)
WT_Cand_6920,6.814,0.258,Low-Confidence (Filtered Out)
WT_Cand_6921,7.146,0.048,High-Confidence (Std <= 0.20)
WT_Cand_6922,6.125,0.171,High-Confidence (Std <= 0.20)
WT_Cand_6923,7.347,0.196,High-Confidence (Std <= 0.20)
WT_Cand_6924,6.025,0.281,Low-Confidence (Filtered Out)
WT_Cand_6925,4.513,0.249,Low-Confidence (Filtered Out)
WT_Cand_6926,5.33,0.071,High-Confidence (Std <= 0.20)
WT_Cand_6927,6.874,0.18,High-Confidence (Std <= 0.20)
WT_Cand_6928,5.549,0.501,Low-Confidence (Filtered Out)
WT_Cand_6929,6.773,0.119,High-Confidence (Std <= 0.20)
WT_Cand_6930,5.614,0.164,High-Confidence (Std <= 0.20)
WT_Cand_6931,5.95,0.03,High-Confidence (Std <= 0.20)
WT_Cand_6932,7.831,0.213,Low-Confidence (Filtered Out)
WT_Cand_6933,7.135,0.062,High-Confidence (Std <= 0.20)
WT_Cand_6934,6.839,0.091,High-Confidence (Std <= 0.20)
WT_Cand_6935,7.861,0.091,High-Confidence (Std <= 0.20)
WT_Cand_6936,7.403,0.049,High-Confidence (Std <= 0.20)
WT_Cand_6937,8.514,0.129,High-Confidence (Std <= 0.20)
WT_Cand_6938,6.321,0.007,High-Confidence (Std <= 0.20)
WT_Cand_6939,6.356,0.028,High-Confidence (Std <= 0.20)
WT_Cand_6940,5.354,0.063,High-Confidence (Std <= 0.20)
WT_Cand_6941,6.357,0.717,Low-Confidence (Filtered Out)
WT_Cand_6942,7.959,0.015,High-Confidence (Std <= 0.20)
WT_Cand_6943,8.345,0.246,Low-Confidence (Filtered Out)
WT_Cand_6944,7.954,0.22,Low-Confidence (Filtered Out)
WT_Cand_6945,4.787,0.081,High-Confidence (Std <= 0.20)
WT_Cand_6946,8.096,0.143,High-Confidence (Std <= 0.20)
WT_Cand_6947,4.736,0.214,Low-Confidence (Filtered Out)
WT_Cand_6948,7.883,0.086,High-Confidence (Std <= 0.20)
WT_Cand_6949,6.427,0.327,Low-Confidence (Filtered Out)
WT_Cand_6950,7.658,0.44,Low-Confidence (Filtered Out)
WT_Cand_6951,5.318,0.141,High-Confidence (Std <= 0.20)
WT_Cand_6952,8.197,0.052,High-Confidence (Std <= 0.20)
WT_Cand_6953,5.165,0.217,Low-Confidence (Filtered Out)
WT_Cand_6954,6.081,0.128,High-Confidence (Std <= 0.20)
WT_Cand_6955,5.702,0.648,Low-Confidence (Filtered Out)
WT_Cand_6956,4.833,0.19,High-Confidence (Std <= 0.20)
WT_Cand_6957,6.959,0.226,Low-Confidence (Filtered Out)
WT_Cand_6958,8.927,0.256,Low-Confidence (Filtered Out)
WT_Cand_6959,9.917,0.184,High-Confidence (Std <= 0.20)
WT_Cand_6960,6.962,0.099,High-Confidence (Std <= 0.20)
WT_Cand_6961,8.134,0.074,High-Confidence (Std <= 0.20)
WT_Cand_6962,7.117,0.253,Low-Confidence (Filtered Out)
WT_Cand_6963,7.424,0.18,High-Confidence (Std <= 0.20)
WT_Cand_6964,6.457,0.167,High-Confidence (Std <= 0.20)
WT_Cand_6965,7.074,0.155,High-Confidence (Std <= 0.20)
WT_Cand_6966,7.468,0.146,High-Confidence (Std <= 0.20)
WT_Cand_6967,6.185,0.261,Low-Confidence (Filtered Out)
WT_Cand_6968,6.761,0.035,High-Confidence (Std <= 0.20)
WT_Cand_6969,6.783,0.049,High-Confidence (Std <= 0.20)
WT_Cand_6970,7.8,0.054,High-Confidence (Std <= 0.20)
WT_Cand_6971,5.624,0.135,High-Confidence (Std <= 0.20)
WT_Cand_6972,6.791,0.203,Low-Confidence (Filtered Out)
WT_Cand_6973,9.049,0.203,Low-Confidence (Filtered Out)
WT_Cand_6974,8.189,0.164,High-Confidence (Std <= 0.20)
WT_Cand_6975,8.402,0.179,High-Confidence (Std <= 0.20)
WT_Cand_6976,6.878,0.052,High-Confidence (Std <= 0.20)
WT_Cand_6977,7.219,0.148,High-Confidence (Std <= 0.20)
WT_Cand_6978,8.003,0.081,High-Confidence (Std <= 0.20)
WT_Cand_6979,8.644,0.165,High-Confidence (Std <= 0.20)
WT_Cand_6980,4.606,0.031,High-Confidence (Std <= 0.20)
WT_Cand_6981,5.337,0.131,High-Confidence (Std <= 0.20)
WT_Cand_6982,8.356,0.576,Low-Confidence (Filtered Out)
WT_Cand_6983,6.532,0.289,Low-Confidence (Filtered Out)
WT_Cand_6984,6.078,0.182,High-Confidence (Std <= 0.20)
WT_Cand_6985,5.408,0.232,Low-Confidence (Filtered Out)
WT_Cand_6986,6.212,0.117,High-Confidence (Std <= 0.20)
WT_Cand_6987,5.237,0.221,Low-Confidence (Filtered Out)
WT_Cand_6988,9.255,0.003,High-Confidence (Std <= 0.20)
WT_Cand_6989,6.824,0.04,High-Confidence (Std <= 0.20)
WT_Cand_6990,6.783,0.103,High-Confidence (Std <= 0.20)
WT_Cand_6991,7.526,0.338,Low-Confidence (Filtered Out)
WT_Cand_6992,7.957,0.104,High-Confidence (Std <= 0.20)
WT_Cand_6993,7.938,0.107,High-Confidence (Std <= 0.20)
WT_Cand_6994,8.085,0.038,High-Confidence (Std <= 0.20)
WT_Cand_6995,6.125,0.101,High-Confidence (Std <= 0.20)
WT_Cand_6996,6.507,0.442,Low-Confidence (Filtered Out)
WT_Cand_6997,7.734,0.176,High-Confidence (Std <= 0.20)
WT_Cand_6998,6.244,0.055,High-Confidence (Std <= 0.20)
WT_Cand_6999,6.844,0.252,Low-Confidence (Filtered Out)
WT_Cand_7000,7.309,0.191,High-Confidence (Std <= 0.20)
WT_Cand_7001,7.753,0.187,High-Confidence (Std <= 0.20)
WT_Cand_7002,4.806,0.388,Low-Confidence (Filtered Out)
WT_Cand_7003,7.672,0.018,High-Confidence (Std <= 0.20)
WT_Cand_7004,6.581,0.245,Low-Confidence (Filtered Out)
WT_Cand_7005,7.664,0.32,Low-Confidence (Filtered Out)
WT_Cand_7006,7.743,0.012,High-Confidence (Std <= 0.20)
WT_Cand_7007,8.699,0.12,High-Confidence (Std <= 0.20)
WT_Cand_7008,8.406,0.045,High-Confidence (Std <= 0.20)
WT_Cand_7009,8.399,0.102,High-Confidence (Std <= 0.20)
WT_Cand_7010,8.51,0.218,Low-Confidence (Filtered Out)
WT_Cand_7011,7.185,0.247,Low-Confidence (Filtered Out)
WT_Cand_7012,6.887,0.502,Low-Confidence (Filtered Out)
WT_Cand_7013,7.854,0.121,High-Confidence (Std <= 0.20)
WT_Cand_7014,7.692,0.343,Low-Confidence (Filtered Out)
WT_Cand_7015,6.495,0.122,High-Confidence (Std <= 0.20)
WT_Cand_7016,7.316,0.605,Low-Confidence (Filtered Out)
WT_Cand_7017,6.81,0.242,Low-Confidence (Filtered Out)
WT_Cand_7018,5.868,0.168,High-Confidence (Std <= 0.20)
WT_Cand_7019,8.334,0.058,High-Confidence (Std <= 0.20)
WT_Cand_7020,6.913,0.323,Low-Confidence (Filtered Out)
WT_Cand_7021,9.206,0.222,Low-Confidence (Filtered Out)
WT_Cand_7022,4.981,0.151,High-Confidence (Std <= 0.20)
WT_Cand_7023,6.21,0.391,Low-Confidence (Filtered Out)
WT_Cand_7024,6.888,0.515,Low-Confidence (Filtered Out)
WT_Cand_7025,8.158,0.367,Low-Confidence (Filtered Out)
WT_Cand_7026,7.309,0.361,Low-Confidence (Filtered Out)
WT_Cand_7027,7.207,0.168,High-Confidence (Std <= 0.20)
WT_Cand_7028,5.554,0.357,Low-Confidence (Filtered Out)
WT_Cand_7029,5.52,0.437,Low-Confidence (Filtered Out)
WT_Cand_7030,7.221,0.277,Low-Confidence (Filtered Out)
WT_Cand_7031,5.281,0.246,Low-Confidence (Filtered Out)
WT_Cand_7032,6.238,0.086,High-Confidence (Std <= 0.20)
WT_Cand_7033,7.426,0.151,High-Confidence (Std <= 0.20)
WT_Cand_7034,5.72,0.185,High-Confidence (Std <= 0.20)
WT_Cand_7035,8.696,0.044,High-Confidence (Std <= 0.20)
WT_Cand_7036,8.258,0.052,High-Confidence (Std <= 0.20)
WT_Cand_7037,5.043,0.243,Low-Confidence (Filtered Out)
WT_Cand_7038,5.778,0.33,Low-Confidence (Filtered Out)
WT_Cand_7039,4.221,0.475,Low-Confidence (Filtered Out)
WT_Cand_7040,5.95,0.068,High-Confidence (Std <= 0.20)
WT_Cand_7041,7.731,0.596,Low-Confidence (Filtered Out)
WT_Cand_7042,6.374,0.157,High-Confidence (Std <= 0.20)
WT_Cand_7043,7.38,0.091,High-Confidence (Std <= 0.20)
WT_Cand_7044,5.099,0.018,High-Confidence (Std <= 0.20)
WT_Cand_7045,7.768,0.323,Low-Confidence (Filtered Out)
WT_Cand_7046,6.212,0.175,High-Confidence (Std <= 0.20)
WT_Cand_7047,6.864,0.598,Low-Confidence (Filtered Out)
WT_Cand_7048,6.743,0.086,High-Confidence (Std <= 0.20)
WT_Cand_7049,5.388,0.395,Low-Confidence (Filtered Out)
WT_Cand_7050,5.524,0.151,High-Confidence (Std <= 0.20)
WT_Cand_7051,7.963,0.057,High-Confidence (Std <= 0.20)
WT_Cand_7052,7.309,0.194,High-Confidence (Std <= 0.20)
WT_Cand_7053,8.058,0.103,High-Confidence (Std <= 0.20)
WT_Cand_7054,7.223,0.351,Low-Confidence (Filtered Out)
WT_Cand_7055,7.014,0.171,High-Confidence (Std <= 0.20)
WT_Cand_7056,4.865,0.03,High-Confidence (Std <= 0.20)
WT_Cand_7057,6.539,0.013,High-Confidence (Std <= 0.20)
WT_Cand_7058,6.819,0.263,Low-Confidence (Filtered Out)
WT_Cand_7059,9.096,0.227,Low-Confidence (Filtered Out)
WT_Cand_7060,7.64,0.3,Low-Confidence (Filtered Out)
WT_Cand_7061,8.616,0.411,Low-Confidence (Filtered Out)
WT_Cand_7062,7.537,0.135,High-Confidence (Std <= 0.20)
WT_Cand_7063,6.032,0.042,High-Confidence (Std <= 0.20)
WT_Cand_7064,6.985,0.196,High-Confidence (Std <= 0.20)
WT_Cand_7065,7.122,0.653,Low-Confidence (Filtered Out)
WT_Cand_7066,5.77,0.115,High-Confidence (Std <= 0.20)
WT_Cand_7067,6.408,0.128,High-Confidence (Std <= 0.20)
WT_Cand_7068,6.613,0.074,High-Confidence (Std <= 0.20)
WT_Cand_7069,8.696,0.249,Low-Confidence (Filtered Out)
WT_Cand_7070,4.457,0.329,Low-Confidence (Filtered Out)
WT_Cand_7071,8.237,0.084,High-Confidence (Std <= 0.20)
WT_Cand_7072,5.773,0.041,High-Confidence (Std <= 0.20)
WT_Cand_7073,5.272,0.002,High-Confidence (Std <= 0.20)
WT_Cand_7074,8.207,0.174,High-Confidence (Std <= 0.20)
WT_Cand_7075,7.692,0.057,High-Confidence (Std <= 0.20)
WT_Cand_7076,8.293,0.024,High-Confidence (Std <= 0.20)
WT_Cand_7077,7.771,0.097,High-Confidence (Std <= 0.20)
WT_Cand_7078,9.219,0.157,High-Confidence (Std <= 0.20)
WT_Cand_7079,7.493,0.055,High-Confidence (Std <= 0.20)
WT_Cand_7080,6.67,0.382,Low-Confidence (Filtered Out)
WT_Cand_7081,7.244,0.043,High-Confidence (Std <= 0.20)
WT_Cand_7082,8.28,0.25,Low-Confidence (Filtered Out)
WT_Cand_7083,5.954,0.218,Low-Confidence (Filtered Out)
WT_Cand_7084,6.1,0.073,High-Confidence (Std <= 0.20)
WT_Cand_7085,6.495,0.23,Low-Confidence (Filtered Out)
WT_Cand_7086,4.43,0.136,High-Confidence (Std <= 0.20)
WT_Cand_7087,7.009,0.229,Low-Confidence (Filtered Out)
WT_Cand_7088,4.681,0.15,High-Confidence (Std <= 0.20)
WT_Cand_7089,6.911,0.021,High-Confidence (Std <= 0.20)
WT_Cand_7090,7.845,0.009,High-Confidence (Std <= 0.20)
WT_Cand_7091,6.302,0.453,Low-Confidence (Filtered Out)
WT_Cand_7092,8.779,0.016,High-Confidence (Std <= 0.20)
WT_Cand_7093,5.17,0.14,High-Confidence (Std <= 0.20)
WT_Cand_7094,8.22,0.07,High-Confidence (Std <= 0.20)
WT_Cand_7095,7.626,0.107,High-Confidence (Std <= 0.20)
WT_Cand_7096,4.877,0.305,Low-Confidence (Filtered Out)
WT_Cand_7097,9.967,0.105,High-Confidence (Std <= 0.20)
WT_Cand_7098,6.777,0.273,Low-Confidence (Filtered Out)
WT_Cand_7099,5.841,0.421,Low-Confidence (Filtered Out)
WT_Cand_7100,5.232,0.214,Low-Confidence (Filtered Out)
WT_Cand_7101,6.597,0.049,High-Confidence (Std <= 0.20)
WT_Cand_7102,6.703,0.114,High-Confidence (Std <= 0.20)
WT_Cand_7103,6.968,0.243,Low-Confidence (Filtered Out)
WT_Cand_7104,6.508,0.127,High-Confidence (Std <= 0.20)
WT_Cand_7105,7.578,0.053,High-Confidence (Std <= 0.20)
WT_Cand_7106,6.404,0.356,Low-Confidence (Filtered Out)
WT_Cand_7107,4.625,0.094,High-Confidence (Std <= 0.20)
WT_Cand_7108,6.678,0.298,Low-Confidence (Filtered Out)
WT_Cand_7109,4.127,0.115,High-Confidence (Std <= 0.20)
WT_Cand_7110,7.257,0.112,High-Confidence (Std <= 0.20)
WT_Cand_7111,5.724,0.094,High-Confidence (Std <= 0.20)
WT_Cand_7112,7.038,0.035,High-Confidence (Std <= 0.20)
WT_Cand_7113,8.361,0.208,Low-Confidence (Filtered Out)
WT_Cand_7114,5.759,0.169,High-Confidence (Std <= 0.20)
WT_Cand_7115,8.07,0.223,Low-Confidence (Filtered Out)
WT_Cand_7116,6.352,0.027,High-Confidence (Std <= 0.20)
WT_Cand_7117,8.866,0.258,Low-Confidence (Filtered Out)
WT_Cand_7118,6.43,0.039,High-Confidence (Std <= 0.20)
WT_Cand_7119,5.883,0.426,Low-Confidence (Filtered Out)
WT_Cand_7120,7.64,0.04,High-Confidence (Std <= 0.20)
WT_Cand_7121,6.349,0.117,High-Confidence (Std <= 0.20)
WT_Cand_7122,5.882,0.122,High-Confidence (Std <= 0.20)
WT_Cand_7123,6.3,0.284,Low-Confidence (Filtered Out)
WT_Cand_7124,6.799,0.371,Low-Confidence (Filtered Out)
WT_Cand_7125,8.394,0.238,Low-Confidence (Filtered Out)
WT_Cand_7126,4.626,0.176,High-Confidence (Std <= 0.20)
WT_Cand_7127,6.877,0.442,Low-Confidence (Filtered Out)
WT_Cand_7128,7.569,0.441,Low-Confidence (Filtered Out)
WT_Cand_7129,7.072,0.229,Low-Confidence (Filtered Out)
WT_Cand_7130,8.356,0.265,Low-Confidence (Filtered Out)
WT_Cand_7131,6.765,0.131,High-Confidence (Std <= 0.20)
WT_Cand_7132,6.638,0.686,Low-Confidence (Filtered Out)
WT_Cand_7133,7.531,0.082,High-Confidence (Std <= 0.20)
WT_Cand_7134,6.964,0.204,Low-Confidence (Filtered Out)
WT_Cand_7135,6.401,0.434,Low-Confidence (Filtered Out)
WT_Cand_7136,7.444,0.463,Low-Confidence (Filtered Out)
WT_Cand_7137,6.1,0.2,High-Confidence (Std <= 0.20)
WT_Cand_7138,6.147,0.152,High-Confidence (Std <= 0.20)
WT_Cand_7139,6.243,0.163,High-Confidence (Std <= 0.20)
WT_Cand_7140,8.406,0.088,High-Confidence (Std <= 0.20)
WT_Cand_7141,3.146,0.04,High-Confidence (Std <= 0.20)
WT_Cand_7142,7.305,0.088,High-Confidence (Std <= 0.20)
WT_Cand_7143,6.889,0.109,High-Confidence (Std <= 0.20)
WT_Cand_7144,4.917,0.53,Low-Confidence (Filtered Out)
WT_Cand_7145,7.206,0.412,Low-Confidence (Filtered Out)
WT_Cand_7146,7.397,0.151,High-Confidence (Std <= 0.20)
WT_Cand_7147,7.528,0.789,Low-Confidence (Filtered Out)
WT_Cand_7148,3.8,0.402,Low-Confidence (Filtered Out)
WT_Cand_7149,8.421,0.065,High-Confidence (Std <= 0.20)
WT_Cand_7150,6.002,0.051,High-Confidence (Std <= 0.20)
WT_Cand_7151,7.64,0.345,Low-Confidence (Filtered Out)
WT_Cand_7152,7.702,0.34,Low-Confidence (Filtered Out)
WT_Cand_7153,5.842,0.134,High-Confidence (Std <= 0.20)
WT_Cand_7154,7.61,0.166,High-Confidence (Std <= 0.20)
WT_Cand_7155,6.407,0.064,High-Confidence (Std <= 0.20)
WT_Cand_7156,4.468,0.093,High-Confidence (Std <= 0.20)
WT_Cand_7157,8.193,0.285,Low-Confidence (Filtered Out)
WT_Cand_7158,5.959,0.05,High-Confidence (Std <= 0.20)
WT_Cand_7159,5.867,0.089,High-Confidence (Std <= 0.20)
WT_Cand_7160,6.386,0.04,High-Confidence (Std <= 0.20)
WT_Cand_7161,7.163,0.314,Low-Confidence (Filtered Out)
WT_Cand_7162,6.784,0.177,High-Confidence (Std <= 0.20)
WT_Cand_7163,7.48,0.124,High-Confidence (Std <= 0.20)
WT_Cand_7164,5.31,0.39,Low-Confidence (Filtered Out)
WT_Cand_7165,5.996,0.049,High-Confidence (Std <= 0.20)
WT_Cand_7166,6.717,0.31,Low-Confidence (Filtered Out)
WT_Cand_7167,9.033,0.057,High-Confidence (Std <= 0.20)
WT_Cand_7168,6.719,0.134,High-Confidence (Std <= 0.20)
WT_Cand_7169,8.098,0.152,High-Confidence (Std <= 0.20)
WT_Cand_7170,6.894,0.444,Low-Confidence (Filtered Out)
WT_Cand_7171,6.294,0.228,Low-Confidence (Filtered Out)
WT_Cand_7172,6.566,0.059,High-Confidence (Std <= 0.20)
WT_Cand_7173,6.656,0.129,High-Confidence (Std <= 0.20)
WT_Cand_7174,7.544,0.135,High-Confidence (Std <= 0.20)
WT_Cand_7175,8.431,0.018,High-Confidence (Std <= 0.20)
WT_Cand_7176,7.264,0.177,High-Confidence (Std <= 0.20)
WT_Cand_7177,8.215,0.285,Low-Confidence (Filtered Out)
WT_Cand_7178,5.74,0.24,Low-Confidence (Filtered Out)
WT_Cand_7179,6.373,0.166,High-Confidence (Std <= 0.20)
WT_Cand_7180,6.017,0.489,Low-Confidence (Filtered Out)
WT_Cand_7181,7.212,0.559,Low-Confidence (Filtered Out)
WT_Cand_7182,6.437,0.091,High-Confidence (Std <= 0.20)
WT_Cand_7183,7.689,0.166,High-Confidence (Std <= 0.20)
WT_Cand_7184,5.779,0.09,High-Confidence (Std <= 0.20)
WT_Cand_7185,6.899,0.235,Low-Confidence (Filtered Out)
WT_Cand_7186,7.64,0.231,Low-Confidence (Filtered Out)
WT_Cand_7187,4.475,0.126,High-Confidence (Std <= 0.20)
WT_Cand_7188,9.29,0.022,High-Confidence (Std <= 0.20)
WT_Cand_7189,6.524,0.184,High-Confidence (Std <= 0.20)
WT_Cand_7190,4.521,0.059,High-Confidence (Std <= 0.20)
WT_Cand_7191,7.032,0.23,Low-Confidence (Filtered Out)
WT_Cand_7192,6.888,0.363,Low-Confidence (Filtered Out)
WT_Cand_7193,6.756,0.17,High-Confidence (Std <= 0.20)
WT_Cand_7194,7.99,0.044,High-Confidence (Std <= 0.20)
WT_Cand_7195,7.71,0.51,Low-Confidence (Filtered Out)
WT_Cand_7196,7.193,0.045,High-Confidence (Std <= 0.20)
WT_Cand_7197,7.368,0.172,High-Confidence (Std <= 0.20)
WT_Cand_7198,6.73,0.18,High-Confidence (Std <= 0.20)
WT_Cand_7199,8.892,0.291,Low-Confidence (Filtered Out)
WT_Cand_7200,5.149,0.026,High-Confidence (Std <= 0.20)
WT_Cand_7201,7.011,0.082,High-Confidence (Std <= 0.20)
WT_Cand_7202,6.925,0.061,High-Confidence (Std <= 0.20)
WT_Cand_7203,7.785,0.065,High-Confidence (Std <= 0.20)
WT_Cand_7204,5.88,0.045,High-Confidence (Std <= 0.20)
WT_Cand_7205,4.845,0.061,High-Confidence (Std <= 0.20)
WT_Cand_7206,7.03,0.054,High-Confidence (Std <= 0.20)
WT_Cand_7207,7.173,0.223,Low-Confidence (Filtered Out)
WT_Cand_7208,8.563,0.343,Low-Confidence (Filtered Out)
WT_Cand_7209,5.389,0.057,High-Confidence (Std <= 0.20)
WT_Cand_7210,8.178,0.064,High-Confidence (Std <= 0.20)
WT_Cand_7211,9.573,0.206,Low-Confidence (Filtered Out)
WT_Cand_7212,6.416,0.228,Low-Confidence (Filtered Out)
WT_Cand_7213,5.365,0.042,High-Confidence (Std <= 0.20)
WT_Cand_7214,6.382,0.091,High-Confidence (Std <= 0.20)
WT_Cand_7215,6.866,0.08,High-Confidence (Std <= 0.20)
WT_Cand_7216,7.498,0.315,Low-Confidence (Filtered Out)
WT_Cand_7217,6.17,0.05,High-Confidence (Std <= 0.20)
WT_Cand_7218,8.638,0.008,High-Confidence (Std <= 0.20)
WT_Cand_7219,5.568,0.1,High-Confidence (Std <= 0.20)
WT_Cand_7220,4.85,0.111,High-Confidence (Std <= 0.20)
WT_Cand_7221,8.123,0.141,High-Confidence (Std <= 0.20)
WT_Cand_7222,4.234,0.167,High-Confidence (Std <= 0.20)
WT_Cand_7223,6.615,0.45,Low-Confidence (Filtered Out)
WT_Cand_7224,10.435,0.263,Low-Confidence (Filtered Out)
WT_Cand_7225,6.836,0.066,High-Confidence (Std <= 0.20)
WT_Cand_7226,5.561,0.083,High-Confidence (Std <= 0.20)
WT_Cand_7227,6.784,0.119,High-Confidence (Std <= 0.20)
WT_Cand_7228,6.792,0.162,High-Confidence (Std <= 0.20)
WT_Cand_7229,7.035,0.092,High-Confidence (Std <= 0.20)
WT_Cand_7230,7.612,0.188,High-Confidence (Std <= 0.20)
WT_Cand_7231,5.655,0.071,High-Confidence (Std <= 0.20)
WT_Cand_7232,8.791,0.078,High-Confidence (Std <= 0.20)
WT_Cand_7233,7.132,0.109,High-Confidence (Std <= 0.20)
WT_Cand_7234,7.686,0.06,High-Confidence (Std <= 0.20)
WT_Cand_7235,6.128,0.016,High-Confidence (Std <= 0.20)
WT_Cand_7236,8.329,0.411,Low-Confidence (Filtered Out)
WT_Cand_7237,6.554,0.054,High-Confidence (Std <= 0.20)
WT_Cand_7238,7.169,0.223,Low-Confidence (Filtered Out)
WT_Cand_7239,5.777,0.364,Low-Confidence (Filtered Out)
WT_Cand_7240,5.704,0.18,High-Confidence (Std <= 0.20)
WT_Cand_7241,7.641,0.096,High-Confidence (Std <= 0.20)
WT_Cand_7242,6.34,0.176,High-Confidence (Std <= 0.20)
WT_Cand_7243,5.868,0.325,Low-Confidence (Filtered Out)
WT_Cand_7244,6.11,0.449,Low-Confidence (Filtered Out)
WT_Cand_7245,7.654,0.031,High-Confidence (Std <= 0.20)
WT_Cand_7246,6.127,0.495,Low-Confidence (Filtered Out)
WT_Cand_7247,6.715,0.169,High-Confidence (Std <= 0.20)
WT_Cand_7248,6.867,0.214,Low-Confidence (Filtered Out)
WT_Cand_7249,4.645,0.151,High-Confidence (Std <= 0.20)
WT_Cand_7250,5.158,0.028,High-Confidence (Std <= 0.20)
WT_Cand_7251,7.237,0.099,High-Confidence (Std <= 0.20)
WT_Cand_7252,6.002,0.144,High-Confidence (Std <= 0.20)
WT_Cand_7253,8.065,0.087,High-Confidence (Std <= 0.20)
WT_Cand_7254,7.962,0.329,Low-Confidence (Filtered Out)
WT_Cand_7255,7.677,0.055,High-Confidence (Std <= 0.20)
WT_Cand_7256,8.943,0.119,High-Confidence (Std <= 0.20)
WT_Cand_7257,6.754,0.103,High-Confidence (Std <= 0.20)
WT_Cand_7258,7.596,0.079,High-Confidence (Std <= 0.20)
WT_Cand_7259,6.178,0.199,High-Confidence (Std <= 0.20)
WT_Cand_7260,9.67,0.222,Low-Confidence (Filtered Out)
WT_Cand_7261,9.131,0.089,High-Confidence (Std <= 0.20)
WT_Cand_7262,6.864,0.042,High-Confidence (Std <= 0.20)
WT_Cand_7263,7.295,0.096,High-Confidence (Std <= 0.20)
WT_Cand_7264,8.413,0.307,Low-Confidence (Filtered Out)
WT_Cand_7265,6.681,0.061,High-Confidence (Std <= 0.20)
WT_Cand_7266,6.095,0.141,High-Confidence (Std <= 0.20)
WT_Cand_7267,7.855,0.038,High-Confidence (Std <= 0.20)
WT_Cand_7268,6.94,0.073,High-Confidence (Std <= 0.20)
WT_Cand_7269,7.06,0.077,High-Confidence (Std <= 0.20)
WT_Cand_7270,5.891,0.067,High-Confidence (Std <= 0.20)
WT_Cand_7271,4.875,0.193,High-Confidence (Std <= 0.20)
WT_Cand_7272,7.122,0.043,High-Confidence (Std <= 0.20)
WT_Cand_7273,7.891,0.169,High-Confidence (Std <= 0.20)
WT_Cand_7274,6.59,0.546,Low-Confidence (Filtered Out)
WT_Cand_7275,8.502,0.174,High-Confidence (Std <= 0.20)
WT_Cand_7276,6.04,0.049,High-Confidence (Std <= 0.20)
WT_Cand_7277,5.637,0.218,Low-Confidence (Filtered Out)
WT_Cand_7278,6.773,0.207,Low-Confidence (Filtered Out)
WT_Cand_7279,6.755,0.298,Low-Confidence (Filtered Out)
WT_Cand_7280,7.735,0.109,High-Confidence (Std <= 0.20)
WT_Cand_7281,5.959,0.215,Low-Confidence (Filtered Out)
WT_Cand_7282,8.423,0.086,High-Confidence (Std <= 0.20)
WT_Cand_7283,9.112,0.079,High-Confidence (Std <= 0.20)
WT_Cand_7284,6.805,0.268,Low-Confidence (Filtered Out)
WT_Cand_7285,8.287,0.012,High-Confidence (Std <= 0.20)
WT_Cand_7286,5.635,0.244,Low-Confidence (Filtered Out)
WT_Cand_7287,8.087,0.859,Low-Confidence (Filtered Out)
WT_Cand_7288,8.054,0.128,High-Confidence (Std <= 0.20)
WT_Cand_7289,7.843,0.301,Low-Confidence (Filtered Out)
WT_Cand_7290,6.832,0.175,High-Confidence (Std <= 0.20)
WT_Cand_7291,3.453,0.601,Low-Confidence (Filtered Out)
WT_Cand_7292,6.112,0.203,Low-Confidence (Filtered Out)
WT_Cand_7293,6.13,0.052,High-Confidence (Std <= 0.20)
WT_Cand_7294,5.725,0.035,High-Confidence (Std <= 0.20)
WT_Cand_7295,6.991,0.078,High-Confidence (Std <= 0.20)
WT_Cand_7296,6.368,0.488,Low-Confidence (Filtered Out)
WT_Cand_7297,5.902,0.035,High-Confidence (Std <= 0.20)
WT_Cand_7298,5.632,0.345,Low-Confidence (Filtered Out)
WT_Cand_7299,6.027,0.498,Low-Confidence (Filtered Out)
WT_Cand_7300,8.14,0.297,Low-Confidence (Filtered Out)
WT_Cand_7301,6.09,0.233,Low-Confidence (Filtered Out)
WT_Cand_7302,6.258,0.033,High-Confidence (Std <= 0.20)
WT_Cand_7303,6.325,0.026,High-Confidence (Std <= 0.20)
WT_Cand_7304,7.24,0.2,High-Confidence (Std <= 0.20)
WT_Cand_7305,7.375,0.114,High-Confidence (Std <= 0.20)
WT_Cand_7306,3.349,0.038,High-Confidence (Std <= 0.20)
WT_Cand_7307,8.025,0.27,Low-Confidence (Filtered Out)
WT_Cand_7308,8.502,0.223,Low-Confidence (Filtered Out)
WT_Cand_7309,5.642,0.27,Low-Confidence (Filtered Out)
WT_Cand_7310,5.732,0.274,Low-Confidence (Filtered Out)
WT_Cand_7311,6.332,0.352,Low-Confidence (Filtered Out)
WT_Cand_7312,5.981,0.098,High-Confidence (Std <= 0.20)
WT_Cand_7313,7.108,0.043,High-Confidence (Std <= 0.20)
WT_Cand_7314,4.611,0.47,Low-Confidence (Filtered Out)
WT_Cand_7315,5.564,0.026,High-Confidence (Std <= 0.20)
WT_Cand_7316,8.62,0.031,High-Confidence (Std <= 0.20)
WT_Cand_7317,5.783,0.077,High-Confidence (Std <= 0.20)
WT_Cand_7318,8.28,0.424,Low-Confidence (Filtered Out)
WT_Cand_7319,7.259,0.087,High-Confidence (Std <= 0.20)
WT_Cand_7320,4.769,0.031,High-Confidence (Std <= 0.20)
WT_Cand_7321,7.581,0.056,High-Confidence (Std <= 0.20)
WT_Cand_7322,6.715,0.054,High-Confidence (Std <= 0.20)
WT_Cand_7323,6.326,0.169,High-Confidence (Std <= 0.20)
WT_Cand_7324,7.132,0.069,High-Confidence (Std <= 0.20)
WT_Cand_7325,7.396,0.001,High-Confidence (Std <= 0.20)
WT_Cand_7326,7.664,0.979,Low-Confidence (Filtered Out)
WT_Cand_7327,8.205,0.009,High-Confidence (Std <= 0.20)
WT_Cand_7328,7.319,0.022,High-Confidence (Std <= 0.20)
WT_Cand_7329,5.268,0.262,Low-Confidence (Filtered Out)
WT_Cand_7330,6.305,0.04,High-Confidence (Std <= 0.20)
WT_Cand_7331,10.235,0.243,Low-Confidence (Filtered Out)
WT_Cand_7332,7.683,0.206,Low-Confidence (Filtered Out)
WT_Cand_7333,9.575,0.084,High-Confidence (Std <= 0.20)
WT_Cand_7334,8.455,0.241,Low-Confidence (Filtered Out)
WT_Cand_7335,7.128,0.118,High-Confidence (Std <= 0.20)
WT_Cand_7336,7.197,0.27,Low-Confidence (Filtered Out)
WT_Cand_7337,6.808,0.424,Low-Confidence (Filtered Out)
WT_Cand_7338,4.852,0.037,High-Confidence (Std <= 0.20)
WT_Cand_7339,6.871,0.162,High-Confidence (Std <= 0.20)
WT_Cand_7340,8.242,0.171,High-Confidence (Std <= 0.20)
WT_Cand_7341,6.16,0.167,High-Confidence (Std <= 0.20)
WT_Cand_7342,7.324,0.247,Low-Confidence (Filtered Out)
WT_Cand_7343,7.829,0.209,Low-Confidence (Filtered Out)
WT_Cand_7344,5.804,0.032,High-Confidence (Std <= 0.20)
WT_Cand_7345,6.331,0.04,High-Confidence (Std <= 0.20)
WT_Cand_7346,5.679,0.106,High-Confidence (Std <= 0.20)
WT_Cand_7347,5.905,0.165,High-Confidence (Std <= 0.20)
WT_Cand_7348,5.369,0.175,High-Confidence (Std <= 0.20)
WT_Cand_7349,5.814,0.188,High-Confidence (Std <= 0.20)
WT_Cand_7350,8.482,0.218,Low-Confidence (Filtered Out)
WT_Cand_7351,5.797,0.213,Low-Confidence (Filtered Out)
WT_Cand_7352,6.995,0.133,High-Confidence (Std <= 0.20)
WT_Cand_7353,6.272,0.426,Low-Confidence (Filtered Out)
WT_Cand_7354,8.206,0.028,High-Confidence (Std <= 0.20)
WT_Cand_7355,8.358,0.01,High-Confidence (Std <= 0.20)
WT_Cand_7356,7.844,0.159,High-Confidence (Std <= 0.20)
WT_Cand_7357,7.202,0.195,High-Confidence (Std <= 0.20)
WT_Cand_7358,6.584,0.158,High-Confidence (Std <= 0.20)
WT_Cand_7359,5.479,0.084,High-Confidence (Std <= 0.20)
WT_Cand_7360,9.085,0.204,Low-Confidence (Filtered Out)
WT_Cand_7361,5.976,0.051,High-Confidence (Std <= 0.20)
WT_Cand_7362,7.613,0.024,High-Confidence (Std <= 0.20)
WT_Cand_7363,8.069,0.334,Low-Confidence (Filtered Out)
WT_Cand_7364,6.211,0.075,High-Confidence (Std <= 0.20)
WT_Cand_7365,8.044,0.153,High-Confidence (Std <= 0.20)
WT_Cand_7366,7.729,0.066,High-Confidence (Std <= 0.20)
WT_Cand_7367,8.837,0.078,High-Confidence (Std <= 0.20)
WT_Cand_7368,6.31,0.282,Low-Confidence (Filtered Out)
WT_Cand_7369,5.371,0.141,High-Confidence (Std <= 0.20)
WT_Cand_7370,6.269,0.143,High-Confidence (Std <= 0.20)
WT_Cand_7371,7.09,0.023,High-Confidence (Std <= 0.20)
WT_Cand_7372,6.917,0.131,High-Confidence (Std <= 0.20)
WT_Cand_7373,6.398,0.063,High-Confidence (Std <= 0.20)
WT_Cand_7374,4.654,0.692,Low-Confidence (Filtered Out)
WT_Cand_7375,7.391,0.057,High-Confidence (Std <= 0.20)
WT_Cand_7376,9.118,0.417,Low-Confidence (Filtered Out)
WT_Cand_7377,7.384,0.16,High-Confidence (Std <= 0.20)
WT_Cand_7378,7.551,0.037,High-Confidence (Std <= 0.20)
WT_Cand_7379,7.508,0.281,Low-Confidence (Filtered Out)
WT_Cand_7380,7.307,0.399,Low-Confidence (Filtered Out)
WT_Cand_7381,7.921,0.542,Low-Confidence (Filtered Out)
WT_Cand_7382,7.305,0.178,High-Confidence (Std <= 0.20)
WT_Cand_7383,6.49,0.064,High-Confidence (Std <= 0.20)
WT_Cand_7384,5.935,0.062,High-Confidence (Std <= 0.20)
WT_Cand_7385,6.564,0.187,High-Confidence (Std <= 0.20)
WT_Cand_7386,7.211,0.022,High-Confidence (Std <= 0.20)
WT_Cand_7387,6.487,0.039,High-Confidence (Std <= 0.20)
WT_Cand_7388,7.211,0.142,High-Confidence (Std <= 0.20)
WT_Cand_7389,7.355,0.273,Low-Confidence (Filtered Out)
WT_Cand_7390,7.808,0.104,High-Confidence (Std <= 0.20)
WT_Cand_7391,8.325,0.534,Low-Confidence (Filtered Out)
WT_Cand_7392,6.94,0.204,Low-Confidence (Filtered Out)
WT_Cand_7393,5.346,0.096,High-Confidence (Std <= 0.20)
WT_Cand_7394,6.453,0.065,High-Confidence (Std <= 0.20)
WT_Cand_7395,6.901,0.042,High-Confidence (Std <= 0.20)
WT_Cand_7396,4.739,0.245,Low-Confidence (Filtered Out)
WT_Cand_7397,8.447,0.058,High-Confidence (Std <= 0.20)
WT_Cand_7398,7.014,0.187,High-Confidence (Std <= 0.20)
WT_Cand_7399,7.289,0.03,High-Confidence (Std <= 0.20)
WT_Cand_7400,8.42,0.039,High-Confidence (Std <= 0.20)
WT_Cand_7401,6.125,0.131,High-Confidence (Std <= 0.20)
WT_Cand_7402,7.51,0.04,High-Confidence (Std <= 0.20)
WT_Cand_7403,6.724,0.344,Low-Confidence (Filtered Out)
WT_Cand_7404,6.638,0.015,High-Confidence (Std <= 0.20)
WT_Cand_7405,5.962,0.032,High-Confidence (Std <= 0.20)
WT_Cand_7406,8.765,0.366,Low-Confidence (Filtered Out)
WT_Cand_7407,6.418,0.322,Low-Confidence (Filtered Out)
WT_Cand_7408,7.654,0.369,Low-Confidence (Filtered Out)
WT_Cand_7409,4.694,0.045,High-Confidence (Std <= 0.20)
WT_Cand_7410,8.207,0.127,High-Confidence (Std <= 0.20)
WT_Cand_7411,8.06,0.16,High-Confidence (Std <= 0.20)
WT_Cand_7412,6.962,0.103,High-Confidence (Std <= 0.20)
WT_Cand_7413,6.589,0.224,Low-Confidence (Filtered Out)
WT_Cand_7414,7.31,0.304,Low-Confidence (Filtered Out)
WT_Cand_7415,9.482,0.122,High-Confidence (Std <= 0.20)
WT_Cand_7416,4.822,0.036,High-Confidence (Std <= 0.20)
WT_Cand_7417,7.749,0.219,Low-Confidence (Filtered Out)
WT_Cand_7418,5.802,0.15,High-Confidence (Std <= 0.20)
WT_Cand_7419,6.827,0.277,Low-Confidence (Filtered Out)
WT_Cand_7420,6.565,0.225,Low-Confidence (Filtered Out)
WT_Cand_7421,6.357,0.382,Low-Confidence (Filtered Out)
WT_Cand_7422,6.838,0.148,High-Confidence (Std <= 0.20)
WT_Cand_7423,5.546,0.46,Low-Confidence (Filtered Out)
WT_Cand_7424,8.034,0.442,Low-Confidence (Filtered Out)
WT_Cand_7425,4.787,0.251,Low-Confidence (Filtered Out)
WT_Cand_7426,7.471,0.311,Low-Confidence (Filtered Out)
WT_Cand_7427,6.474,0.385,Low-Confidence (Filtered Out)
WT_Cand_7428,5.503,0.112,High-Confidence (Std <= 0.20)
WT_Cand_7429,7.083,0.39,Low-Confidence (Filtered Out)
WT_Cand_7430,5.06,0.189,High-Confidence (Std <= 0.20)
WT_Cand_7431,6.896,0.261,Low-Confidence (Filtered Out)
WT_Cand_7432,5.214,0.295,Low-Confidence (Filtered Out)
WT_Cand_7433,7.38,0.251,Low-Confidence (Filtered Out)
WT_Cand_7434,5.787,0.157,High-Confidence (Std <= 0.20)
WT_Cand_7435,6.331,0.337,Low-Confidence (Filtered Out)
WT_Cand_7436,7.188,0.815,Low-Confidence (Filtered Out)
WT_Cand_7437,5.962,0.856,Low-Confidence (Filtered Out)
WT_Cand_7438,6.783,0.203,Low-Confidence (Filtered Out)
WT_Cand_7439,5.109,0.362,Low-Confidence (Filtered Out)
WT_Cand_7440,7.576,0.824,Low-Confidence (Filtered Out)
WT_Cand_7441,8.88,0.099,High-Confidence (Std <= 0.20)
WT_Cand_7442,10.061,0.258,Low-Confidence (Filtered Out)
WT_Cand_7443,6.955,0.265,Low-Confidence (Filtered Out)
WT_Cand_7444,7.756,0.786,Low-Confidence (Filtered Out)
WT_Cand_7445,4.802,0.43,Low-Confidence (Filtered Out)
WT_Cand_7446,8.578,0.157,High-Confidence (Std <= 0.20)
WT_Cand_7447,7.743,0.176,High-Confidence (Std <= 0.20)
WT_Cand_7448,6.293,0.072,High-Confidence (Std <= 0.20)
WT_Cand_7449,8.273,0.042,High-Confidence (Std <= 0.20)
WT_Cand_7450,6.557,0.24,Low-Confidence (Filtered Out)
WT_Cand_7451,6.323,0.219,Low-Confidence (Filtered Out)
WT_Cand_7452,7.397,0.129,High-Confidence (Std <= 0.20)
WT_Cand_7453,5.627,0.067,High-Confidence (Std <= 0.20)
WT_Cand_7454,8.025,0.101,High-Confidence (Std <= 0.20)
WT_Cand_7455,5.636,0.642,Low-Confidence (Filtered Out)
WT_Cand_7456,5.642,0.059,High-Confidence (Std <= 0.20)
WT_Cand_7457,5.804,0.024,High-Confidence (Std <= 0.20)
WT_Cand_7458,7.723,0.249,Low-Confidence (Filtered Out)
WT_Cand_7459,6.141,0.097,High-Confidence (Std <= 0.20)
WT_Cand_7460,5.3,0.292,Low-Confidence (Filtered Out)
WT_Cand_7461,6.153,0.264,Low-Confidence (Filtered Out)
WT_Cand_7462,6.813,0.031,High-Confidence (Std <= 0.20)
WT_Cand_7463,5.492,0.242,Low-Confidence (Filtered Out)
WT_Cand_7464,5.526,0.109,High-Confidence (Std <= 0.20)
WT_Cand_7465,9.278,0.34,Low-Confidence (Filtered Out)
WT_Cand_7466,5.86,0.34,Low-Confidence (Filtered Out)
WT_Cand_7467,6.479,0.046,High-Confidence (Std <= 0.20)
WT_Cand_7468,6.428,0.028,High-Confidence (Std <= 0.20)
WT_Cand_7469,6.365,0.328,Low-Confidence (Filtered Out)
WT_Cand_7470,7.565,0.297,Low-Confidence (Filtered Out)
WT_Cand_7471,7.94,0.05,High-Confidence (Std <= 0.20)
WT_Cand_7472,6.498,0.331,Low-Confidence (Filtered Out)
WT_Cand_7473,5.428,0.138,High-Confidence (Std <= 0.20)
WT_Cand_7474,8.316,0.008,High-Confidence (Std <= 0.20)
WT_Cand_7475,6.74,0.089,High-Confidence (Std <= 0.20)
WT_Cand_7476,8.84,0.097,High-Confidence (Std <= 0.20)
WT_Cand_7477,4.268,0.386,Low-Confidence (Filtered Out)
WT_Cand_7478,7.075,0.403,Low-Confidence (Filtered Out)
WT_Cand_7479,9.056,0.457,Low-Confidence (Filtered Out)
WT_Cand_7480,6.444,0.041,High-Confidence (Std <= 0.20)
WT_Cand_7481,6.591,0.09,High-Confidence (Std <= 0.20)
WT_Cand_7482,7.19,0.115,High-Confidence (Std <= 0.20)
WT_Cand_7483,6.207,0.03,High-Confidence (Std <= 0.20)
WT_Cand_7484,6.491,0.191,High-Confidence (Std <= 0.20)
WT_Cand_7485,6.462,0.053,High-Confidence (Std <= 0.20)
WT_Cand_7486,6.128,0.146,High-Confidence (Std <= 0.20)
WT_Cand_7487,8.263,0.071,High-Confidence (Std <= 0.20)
WT_Cand_7488,7.38,0.239,Low-Confidence (Filtered Out)
WT_Cand_7489,7.138,0.315,Low-Confidence (Filtered Out)
WT_Cand_7490,7.78,0.129,High-Confidence (Std <= 0.20)
WT_Cand_7491,6.546,0.12,High-Confidence (Std <= 0.20)
WT_Cand_7492,5.96,0.214,Low-Confidence (Filtered Out)
WT_Cand_7493,6.157,0.011,High-Confidence (Std <= 0.20)
WT_Cand_7494,6.852,0.089,High-Confidence (Std <= 0.20)
WT_Cand_7495,5.632,0.054,High-Confidence (Std <= 0.20)
WT_Cand_7496,6.275,0.409,Low-Confidence (Filtered Out)
WT_Cand_7497,6.256,0.032,High-Confidence (Std <= 0.20)
WT_Cand_7498,9.293,0.16,High-Confidence (Std <= 0.20)
WT_Cand_7499,3.66,0.041,High-Confidence (Std <= 0.20)
WT_Cand_7500,6.643,0.052,High-Confidence (Std <= 0.20)
WT_Cand_7501,8.835,0.162,High-Confidence (Std <= 0.20)
WT_Cand_7502,6.99,0.11,High-Confidence (Std <= 0.20)
WT_Cand_7503,7.716,0.159,High-Confidence (Std <= 0.20)
WT_Cand_7504,6.965,0.049,High-Confidence (Std <= 0.20)
WT_Cand_7505,6.083,0.162,High-Confidence (Std <= 0.20)
WT_Cand_7506,4.272,0.395,Low-Confidence (Filtered Out)
WT_Cand_7507,7.086,0.275,Low-Confidence (Filtered Out)
WT_Cand_7508,5.958,0.025,High-Confidence (Std <= 0.20)
WT_Cand_7509,5.93,0.502,Low-Confidence (Filtered Out)
WT_Cand_7510,6.276,0.043,High-Confidence (Std <= 0.20)
WT_Cand_7511,8.857,0.053,High-Confidence (Std <= 0.20)
WT_Cand_7512,9.616,0.316,Low-Confidence (Filtered Out)
WT_Cand_7513,7.1,0.167,High-Confidence (Std <= 0.20)
WT_Cand_7514,6.316,0.126,High-Confidence (Std <= 0.20)
WT_Cand_7515,5.496,0.103,High-Confidence (Std <= 0.20)
WT_Cand_7516,7.389,0.107,High-Confidence (Std <= 0.20)
WT_Cand_7517,8.9,0.111,High-Confidence (Std <= 0.20)
WT_Cand_7518,6.566,0.229,Low-Confidence (Filtered Out)
WT_Cand_7519,4.114,0.253,Low-Confidence (Filtered Out)
WT_Cand_7520,7.621,0.11,High-Confidence (Std <= 0.20)
WT_Cand_7521,7.983,0.437,Low-Confidence (Filtered Out)
WT_Cand_7522,5.026,0.164,High-Confidence (Std <= 0.20)
WT_Cand_7523,7.053,0.19,High-Confidence (Std <= 0.20)
WT_Cand_7524,7.369,0.366,Low-Confidence (Filtered Out)
WT_Cand_7525,6.766,0.072,High-Confidence (Std <= 0.20)
WT_Cand_7526,5.941,0.233,Low-Confidence (Filtered Out)
WT_Cand_7527,8.018,0.061,High-Confidence (Std <= 0.20)
WT_Cand_7528,6.386,0.053,High-Confidence (Std <= 0.20)
WT_Cand_7529,5.142,0.467,Low-Confidence (Filtered Out)
WT_Cand_7530,4.493,0.568,Low-Confidence (Filtered Out)
WT_Cand_7531,8.3,0.188,High-Confidence (Std <= 0.20)
WT_Cand_7532,7.559,0.086,High-Confidence (Std <= 0.20)
WT_Cand_7533,6.951,0.223,Low-Confidence (Filtered Out)
WT_Cand_7534,6.344,0.155,High-Confidence (Std <= 0.20)
WT_Cand_7535,6.242,0.288,Low-Confidence (Filtered Out)
WT_Cand_7536,5.613,0.152,High-Confidence (Std <= 0.20)
WT_Cand_7537,6.354,0.153,High-Confidence (Std <= 0.20)
WT_Cand_7538,4.412,0.055,High-Confidence (Std <= 0.20)
WT_Cand_7539,6.004,0.093,High-Confidence (Std <= 0.20)
WT_Cand_7540,6.492,0.125,High-Confidence (Std <= 0.20)
WT_Cand_7541,7.551,0.234,Low-Confidence (Filtered Out)
WT_Cand_7542,6.804,0.079,High-Confidence (Std <= 0.20)
WT_Cand_7543,7.764,0.52,Low-Confidence (Filtered Out)
WT_Cand_7544,8.402,0.148,High-Confidence (Std <= 0.20)
WT_Cand_7545,8.067,0.033,High-Confidence (Std <= 0.20)
WT_Cand_7546,7.391,0.112,High-Confidence (Std <= 0.20)
WT_Cand_7547,6.864,0.263,Low-Confidence (Filtered Out)
WT_Cand_7548,5.722,0.115,High-Confidence (Std <= 0.20)
WT_Cand_7549,7.701,0.054,High-Confidence (Std <= 0.20)
WT_Cand_7550,8.782,0.098,High-Confidence (Std <= 0.20)
WT_Cand_7551,7.243,0.078,High-Confidence (Std <= 0.20)
WT_Cand_7552,9.055,0.229,Low-Confidence (Filtered Out)
WT_Cand_7553,5.096,0.075,High-Confidence (Std <= 0.20)
WT_Cand_7554,5.523,0.014,High-Confidence (Std <= 0.20)
WT_Cand_7555,7.833,0.07,High-Confidence (Std <= 0.20)
WT_Cand_7556,7.154,0.334,Low-Confidence (Filtered Out)
WT_Cand_7557,8.361,0.22,Low-Confidence (Filtered Out)
WT_Cand_7558,6.832,0.02,High-Confidence (Std <= 0.20)
WT_Cand_7559,5.852,0.311,Low-Confidence (Filtered Out)
WT_Cand_7560,6.604,0.382,Low-Confidence (Filtered Out)
WT_Cand_7561,5.087,0.24,Low-Confidence (Filtered Out)
WT_Cand_7562,5.552,0.059,High-Confidence (Std <= 0.20)
WT_Cand_7563,7.968,0.337,Low-Confidence (Filtered Out)
WT_Cand_7564,7.854,0.123,High-Confidence (Std <= 0.20)
WT_Cand_7565,7.267,0.076,High-Confidence (Std <= 0.20)
WT_Cand_7566,4.871,0.124,High-Confidence (Std <= 0.20)
WT_Cand_7567,6.438,0.205,Low-Confidence (Filtered Out)
WT_Cand_7568,5.441,0.24,Low-Confidence (Filtered Out)
WT_Cand_7569,8.203,0.171,High-Confidence (Std <= 0.20)
WT_Cand_7570,6.179,0.14,High-Confidence (Std <= 0.20)
WT_Cand_7571,5.601,0.054,High-Confidence (Std <= 0.20)
WT_Cand_7572,6.884,0.22,Low-Confidence (Filtered Out)
WT_Cand_7573,6.114,0.175,High-Confidence (Std <= 0.20)
WT_Cand_7574,8.556,0.235,Low-Confidence (Filtered Out)
WT_Cand_7575,6.005,0.132,High-Confidence (Std <= 0.20)
WT_Cand_7576,5.241,0.256,Low-Confidence (Filtered Out)
WT_Cand_7577,4.374,0.233,Low-Confidence (Filtered Out)
WT_Cand_7578,6.815,0.101,High-Confidence (Std <= 0.20)
WT_Cand_7579,6.204,0.143,High-Confidence (Std <= 0.20)
WT_Cand_7580,5.207,0.275,Low-Confidence (Filtered Out)
WT_Cand_7581,8.218,0.291,Low-Confidence (Filtered Out)
WT_Cand_7582,7.617,0.373,Low-Confidence (Filtered Out)
WT_Cand_7583,6.818,0.075,High-Confidence (Std <= 0.20)
WT_Cand_7584,8.419,0.107,High-Confidence (Std <= 0.20)
WT_Cand_7585,7.612,0.486,Low-Confidence (Filtered Out)
WT_Cand_7586,5.904,0.661,Low-Confidence (Filtered Out)
WT_Cand_7587,5.655,0.19,High-Confidence (Std <= 0.20)
WT_Cand_7588,7.791,0.141,High-Confidence (Std <= 0.20)
WT_Cand_7589,7.306,0.658,Low-Confidence (Filtered Out)
WT_Cand_7590,7.045,0.522,Low-Confidence (Filtered Out)
WT_Cand_7591,5.877,0.278,Low-Confidence (Filtered Out)
WT_Cand_7592,7.549,0.134,High-Confidence (Std <= 0.20)
WT_Cand_7593,5.981,0.202,Low-Confidence (Filtered Out)
WT_Cand_7594,6.733,0.023,High-Confidence (Std <= 0.20)
WT_Cand_7595,8.514,0.317,Low-Confidence (Filtered Out)
WT_Cand_7596,6.09,0.08,High-Confidence (Std <= 0.20)
WT_Cand_7597,5.041,0.466,Low-Confidence (Filtered Out)
WT_Cand_7598,5.64,0.015,High-Confidence (Std <= 0.20)
WT_Cand_7599,7.993,0.084,High-Confidence (Std <= 0.20)
WT_Cand_7600,7.143,0.168,High-Confidence (Std <= 0.20)
WT_Cand_7601,6.702,0.161,High-Confidence (Std <= 0.20)
WT_Cand_7602,6.265,0.072,High-Confidence (Std <= 0.20)
WT_Cand_7603,7.408,0.167,High-Confidence (Std <= 0.20)
WT_Cand_7604,5.874,0.132,High-Confidence (Std <= 0.20)
WT_Cand_7605,7.202,0.168,High-Confidence (Std <= 0.20)
WT_Cand_7606,6.009,0.096,High-Confidence (Std <= 0.20)
WT_Cand_7607,5.818,0.362,Low-Confidence (Filtered Out)
WT_Cand_7608,6.117,0.206,Low-Confidence (Filtered Out)
WT_Cand_7609,6.418,0.101,High-Confidence (Std <= 0.20)
WT_Cand_7610,6.794,0.255,Low-Confidence (Filtered Out)
WT_Cand_7611,7.121,0.083,High-Confidence (Std <= 0.20)
WT_Cand_7612,2.608,0.085,High-Confidence (Std <= 0.20)
WT_Cand_7613,5.921,0.019,High-Confidence (Std <= 0.20)
WT_Cand_7614,6.4,0.217,Low-Confidence (Filtered Out)
WT_Cand_7615,8.581,0.179,High-Confidence (Std <= 0.20)
WT_Cand_7616,5.608,0.063,High-Confidence (Std <= 0.20)
WT_Cand_7617,7.037,0.061,High-Confidence (Std <= 0.20)
WT_Cand_7618,8.569,0.221,Low-Confidence (Filtered Out)
WT_Cand_7619,5.34,0.105,High-Confidence (Std <= 0.20)
WT_Cand_7620,7.303,0.221,Low-Confidence (Filtered Out)
WT_Cand_7621,5.927,0.021,High-Confidence (Std <= 0.20)
WT_Cand_7622,6.27,0.041,High-Confidence (Std <= 0.20)
WT_Cand_7623,5.926,0.333,Low-Confidence (Filtered Out)
WT_Cand_7624,6.008,0.189,High-Confidence (Std <= 0.20)
WT_Cand_7625,9.98,0.274,Low-Confidence (Filtered Out)
WT_Cand_7626,7.821,0.105,High-Confidence (Std <= 0.20)
WT_Cand_7627,8.117,0.07,High-Confidence (Std <= 0.20)
WT_Cand_7628,7.416,0.315,Low-Confidence (Filtered Out)
WT_Cand_7629,5.003,0.001,High-Confidence (Std <= 0.20)
WT_Cand_7630,7.304,0.147,High-Confidence (Std <= 0.20)
WT_Cand_7631,8.084,0.262,Low-Confidence (Filtered Out)
WT_Cand_7632,5.869,0.104,High-Confidence (Std <= 0.20)
WT_Cand_7633,7.96,0.709,Low-Confidence (Filtered Out)
WT_Cand_7634,7.66,0.15,High-Confidence (Std <= 0.20)
WT_Cand_7635,8.98,0.222,Low-Confidence (Filtered Out)
WT_Cand_7636,6.37,0.063,High-Confidence (Std <= 0.20)
WT_Cand_7637,5.588,0.522,Low-Confidence (Filtered Out)
WT_Cand_7638,6.434,0.166,High-Confidence (Std <= 0.20)
WT_Cand_7639,8.501,0.111,High-Confidence (Std <= 0.20)
WT_Cand_7640,4.747,0.158,High-Confidence (Std <= 0.20)
WT_Cand_7641,4.471,0.244,Low-Confidence (Filtered Out)
WT_Cand_7642,6.953,0.085,High-Confidence (Std <= 0.20)
WT_Cand_7643,6.341,0.205,Low-Confidence (Filtered Out)
WT_Cand_7644,6.859,0.02,High-Confidence (Std <= 0.20)
WT_Cand_7645,7.937,0.033,High-Confidence (Std <= 0.20)
WT_Cand_7646,6.215,0.164,High-Confidence (Std <= 0.20)
WT_Cand_7647,4.696,0.483,Low-Confidence (Filtered Out)
WT_Cand_7648,9.201,0.017,High-Confidence (Std <= 0.20)
WT_Cand_7649,5.703,0.082,High-Confidence (Std <= 0.20)
WT_Cand_7650,5.632,0.04,High-Confidence (Std <= 0.20)
WT_Cand_7651,8.119,0.103,High-Confidence (Std <= 0.20)
WT_Cand_7652,6.408,0.155,High-Confidence (Std <= 0.20)
WT_Cand_7653,6.777,0.119,High-Confidence (Std <= 0.20)
WT_Cand_7654,7.405,0.008,High-Confidence (Std <= 0.20)
WT_Cand_7655,8.096,0.021,High-Confidence (Std <= 0.20)
WT_Cand_7656,6.467,0.041,High-Confidence (Std <= 0.20)
WT_Cand_7657,8.598,0.092,High-Confidence (Std <= 0.20)
WT_Cand_7658,4.394,0.065,High-Confidence (Std <= 0.20)
WT_Cand_7659,7.724,0.096,High-Confidence (Std <= 0.20)
WT_Cand_7660,5.885,0.134,High-Confidence (Std <= 0.20)
WT_Cand_7661,8.428,0.109,High-Confidence (Std <= 0.20)
WT_Cand_7662,7.013,0.555,Low-Confidence (Filtered Out)
WT_Cand_7663,6.076,0.569,Low-Confidence (Filtered Out)
WT_Cand_7664,7.612,0.159,High-Confidence (Std <= 0.20)
WT_Cand_7665,7.877,0.075,High-Confidence (Std <= 0.20)
WT_Cand_7666,7.588,0.107,High-Confidence (Std <= 0.20)
WT_Cand_7667,5.666,0.183,High-Confidence (Std <= 0.20)
WT_Cand_7668,6.293,0.054,High-Confidence (Std <= 0.20)
WT_Cand_7669,6.845,0.185,High-Confidence (Std <= 0.20)
WT_Cand_7670,6.803,0.113,High-Confidence (Std <= 0.20)
WT_Cand_7671,7.712,0.498,Low-Confidence (Filtered Out)
WT_Cand_7672,4.533,0.053,High-Confidence (Std <= 0.20)
WT_Cand_7673,7.234,0.403,Low-Confidence (Filtered Out)
WT_Cand_7674,6.517,0.184,High-Confidence (Std <= 0.20)
WT_Cand_7675,5.886,0.07,High-Confidence (Std <= 0.20)
WT_Cand_7676,5.996,0.265,Low-Confidence (Filtered Out)
WT_Cand_7677,6.603,0.091,High-Confidence (Std <= 0.20)
WT_Cand_7678,2.709,0.117,High-Confidence (Std <= 0.20)
WT_Cand_7679,6.044,0.073,High-Confidence (Std <= 0.20)
WT_Cand_7680,5.843,0.326,Low-Confidence (Filtered Out)
WT_Cand_7681,7.463,0.663,Low-Confidence (Filtered Out)
WT_Cand_7682,5.924,0.054,High-Confidence (Std <= 0.20)
WT_Cand_7683,6.603,0.306,Low-Confidence (Filtered Out)
WT_Cand_7684,8.624,0.153,High-Confidence (Std <= 0.20)
WT_Cand_7685,7.994,0.282,Low-Confidence (Filtered Out)
WT_Cand_7686,7.888,0.179,High-Confidence (Std <= 0.20)
WT_Cand_7687,6.275,0.122,High-Confidence (Std <= 0.20)
WT_Cand_7688,7.474,0.91,Low-Confidence (Filtered Out)
WT_Cand_7689,6.581,0.169,High-Confidence (Std <= 0.20)
WT_Cand_7690,6.624,0.303,Low-Confidence (Filtered Out)
WT_Cand_7691,7.321,0.075,High-Confidence (Std <= 0.20)
WT_Cand_7692,6.163,0.472,Low-Confidence (Filtered Out)
WT_Cand_7693,8.567,0.147,High-Confidence (Std <= 0.20)
WT_Cand_7694,6.666,0.032,High-Confidence (Std <= 0.20)
WT_Cand_7695,7.561,0.101,High-Confidence (Std <= 0.20)
WT_Cand_7696,8.524,0.166,High-Confidence (Std <= 0.20)
WT_Cand_7697,8.036,0.159,High-Confidence (Std <= 0.20)
WT_Cand_7698,5.23,0.132,High-Confidence (Std <= 0.20)
WT_Cand_7699,7.362,0.154,High-Confidence (Std <= 0.20)
WT_Cand_7700,7.828,0.048,High-Confidence (Std <= 0.20)
WT_Cand_7701,7.876,0.149,High-Confidence (Std <= 0.20)
WT_Cand_7702,5.57,0.089,High-Confidence (Std <= 0.20)
WT_Cand_7703,6.094,0.222,Low-Confidence (Filtered Out)
WT_Cand_7704,7.994,0.156,High-Confidence (Std <= 0.20)
WT_Cand_7705,5.974,0.079,High-Confidence (Std <= 0.20)
WT_Cand_7706,6.505,0.232,Low-Confidence (Filtered Out)
WT_Cand_7707,8.662,0.322,Low-Confidence (Filtered Out)
WT_Cand_7708,6.795,0.191,High-Confidence (Std <= 0.20)
WT_Cand_7709,6.014,0.064,High-Confidence (Std <= 0.20)
WT_Cand_7710,5.841,0.598,Low-Confidence (Filtered Out)
WT_Cand_7711,7.233,0.138,High-Confidence (Std <= 0.20)
WT_Cand_7712,5.317,0.186,High-Confidence (Std <= 0.20)
WT_Cand_7713,6.566,0.015,High-Confidence (Std <= 0.20)
WT_Cand_7714,7.233,0.153,High-Confidence (Std <= 0.20)
WT_Cand_7715,8.344,0.278,Low-Confidence (Filtered Out)
WT_Cand_7716,7.618,0.112,High-Confidence (Std <= 0.20)
WT_Cand_7717,6.029,0.211,Low-Confidence (Filtered Out)
WT_Cand_7718,8.205,0.217,Low-Confidence (Filtered Out)
WT_Cand_7719,6.506,0.296,Low-Confidence (Filtered Out)
WT_Cand_7720,5.429,0.142,High-Confidence (Std <= 0.20)
WT_Cand_7721,6.652,0.096,High-Confidence (Std <= 0.20)
WT_Cand_7722,8.504,0.038,High-Confidence (Std <= 0.20)
WT_Cand_7723,7.04,0.218,Low-Confidence (Filtered Out)
WT_Cand_7724,6.864,0.568,Low-Confidence (Filtered Out)
WT_Cand_7725,8.733,0.066,High-Confidence (Std <= 0.20)
WT_Cand_7726,5.204,0.264,Low-Confidence (Filtered Out)
WT_Cand_7727,5.372,0.509,Low-Confidence (Filtered Out)
WT_Cand_7728,4.992,0.075,High-Confidence (Std <= 0.20)
WT_Cand_7729,7.279,0.331,Low-Confidence (Filtered Out)
WT_Cand_7730,7.041,0.032,High-Confidence (Std <= 0.20)
WT_Cand_7731,8.624,0.334,Low-Confidence (Filtered Out)
WT_Cand_7732,7.13,0.008,High-Confidence (Std <= 0.20)
WT_Cand_7733,6.385,0.054,High-Confidence (Std <= 0.20)
WT_Cand_7734,6.852,0.224,Low-Confidence (Filtered Out)
WT_Cand_7735,6.985,0.167,High-Confidence (Std <= 0.20)
WT_Cand_7736,4.927,0.341,Low-Confidence (Filtered Out)
WT_Cand_7737,9.967,0.138,High-Confidence (Std <= 0.20)
WT_Cand_7738,7.448,0.047,High-Confidence (Std <= 0.20)
WT_Cand_7739,7.092,0.172,High-Confidence (Std <= 0.20)
WT_Cand_7740,7.557,0.243,Low-Confidence (Filtered Out)
WT_Cand_7741,7.666,0.211,Low-Confidence (Filtered Out)
WT_Cand_7742,6.688,0.219,Low-Confidence (Filtered Out)
WT_Cand_7743,6.124,0.269,Low-Confidence (Filtered Out)
WT_Cand_7744,7.539,0.148,High-Confidence (Std <= 0.20)
WT_Cand_7745,7.294,0.341,Low-Confidence (Filtered Out)
WT_Cand_7746,5.919,0.025,High-Confidence (Std <= 0.20)
WT_Cand_7747,8.482,0.356,Low-Confidence (Filtered Out)
WT_Cand_7748,7.187,0.346,Low-Confidence (Filtered Out)
WT_Cand_7749,7.689,0.139,High-Confidence (Std <= 0.20)
WT_Cand_7750,8.451,0.194,High-Confidence (Std <= 0.20)
WT_Cand_7751,6.875,0.231,Low-Confidence (Filtered Out)
WT_Cand_7752,7.214,0.831,Low-Confidence (Filtered Out)
WT_Cand_7753,7.782,0.128,High-Confidence (Std <= 0.20)
WT_Cand_7754,6.016,0.134,High-Confidence (Std <= 0.20)
WT_Cand_7755,6.912,0.041,High-Confidence (Std <= 0.20)
WT_Cand_7756,6.994,0.46,Low-Confidence (Filtered Out)
WT_Cand_7757,5.751,0.214,Low-Confidence (Filtered Out)
WT_Cand_7758,9.515,0.107,High-Confidence (Std <= 0.20)
WT_Cand_7759,5.232,0.155,High-Confidence (Std <= 0.20)
WT_Cand_7760,5.357,0.293,Low-Confidence (Filtered Out)
WT_Cand_7761,8.361,0.166,High-Confidence (Std <= 0.20)
WT_Cand_7762,7.67,0.213,Low-Confidence (Filtered Out)
WT_Cand_7763,5.67,0.05,High-Confidence (Std <= 0.20)
WT_Cand_7764,7.548,0.058,High-Confidence (Std <= 0.20)
WT_Cand_7765,8.538,0.383,Low-Confidence (Filtered Out)
WT_Cand_7766,6.815,0.079,High-Confidence (Std <= 0.20)
WT_Cand_7767,9.839,0.059,High-Confidence (Std <= 0.20)
WT_Cand_7768,4.867,0.012,High-Confidence (Std <= 0.20)
WT_Cand_7769,7.648,0.334,Low-Confidence (Filtered Out)
WT_Cand_7770,8.192,0.09,High-Confidence (Std <= 0.20)
WT_Cand_7771,7.875,0.501,Low-Confidence (Filtered Out)
WT_Cand_7772,6.615,0.071,High-Confidence (Std <= 0.20)
WT_Cand_7773,6.516,0.033,High-Confidence (Std <= 0.20)
WT_Cand_7774,7.361,0.064,High-Confidence (Std <= 0.20)
WT_Cand_7775,7.788,0.153,High-Confidence (Std <= 0.20)
WT_Cand_7776,7.543,0.771,Low-Confidence (Filtered Out)
WT_Cand_7777,8.046,0.448,Low-Confidence (Filtered Out)
WT_Cand_7778,5.678,0.327,Low-Confidence (Filtered Out)
WT_Cand_7779,6.588,0.51,Low-Confidence (Filtered Out)
WT_Cand_7780,5.769,0.131,High-Confidence (Std <= 0.20)
WT_Cand_7781,6.406,0.091,High-Confidence (Std <= 0.20)
WT_Cand_7782,8.018,0.347,Low-Confidence (Filtered Out)
WT_Cand_7783,6.974,0.145,High-Confidence (Std <= 0.20)
WT_Cand_7784,9.848,0.061,High-Confidence (Std <= 0.20)
WT_Cand_7785,7.072,0.054,High-Confidence (Std <= 0.20)
WT_Cand_7786,6.919,0.229,Low-Confidence (Filtered Out)
WT_Cand_7787,6.972,0.061,High-Confidence (Std <= 0.20)
WT_Cand_7788,6.117,0.294,Low-Confidence (Filtered Out)
WT_Cand_7789,6.783,0.031,High-Confidence (Std <= 0.20)
WT_Cand_7790,8.147,0.056,High-Confidence (Std <= 0.20)
WT_Cand_7791,6.981,0.514,Low-Confidence (Filtered Out)
WT_Cand_7792,5.938,0.324,Low-Confidence (Filtered Out)
WT_Cand_7793,5.786,0.155,High-Confidence (Std <= 0.20)
WT_Cand_7794,6.332,0.155,High-Confidence (Std <= 0.20)
WT_Cand_7795,6.935,0.065,High-Confidence (Std <= 0.20)
WT_Cand_7796,8.223,0.39,Low-Confidence (Filtered Out)
WT_Cand_7797,5.308,0.396,Low-Confidence (Filtered Out)
WT_Cand_7798,6.482,0.129,High-Confidence (Std <= 0.20)
WT_Cand_7799,7.016,0.127,High-Confidence (Std <= 0.20)
WT_Cand_7800,4.741,0.086,High-Confidence (Std <= 0.20)
WT_Cand_7801,5.891,0.189,High-Confidence (Std <= 0.20)
WT_Cand_7802,6.068,0.014,High-Confidence (Std <= 0.20)
WT_Cand_7803,5.935,0.141,High-Confidence (Std <= 0.20)
WT_Cand_7804,7.071,0.328,Low-Confidence (Filtered Out)
WT_Cand_7805,6.665,0.171,High-Confidence (Std <= 0.20)
WT_Cand_7806,6.211,0.263,Low-Confidence (Filtered Out)
WT_Cand_7807,7.342,0.206,Low-Confidence (Filtered Out)
WT_Cand_7808,8.832,0.177,High-Confidence (Std <= 0.20)
WT_Cand_7809,8.735,0.151,High-Confidence (Std <= 0.20)
WT_Cand_7810,4.639,0.295,Low-Confidence (Filtered Out)
WT_Cand_7811,7.514,0.121,High-Confidence (Std <= 0.20)
WT_Cand_7812,6.645,0.051,High-Confidence (Std <= 0.20)
WT_Cand_7813,7.028,0.424,Low-Confidence (Filtered Out)
WT_Cand_7814,6.392,0.272,Low-Confidence (Filtered Out)
WT_Cand_7815,6.985,0.011,High-Confidence (Std <= 0.20)
WT_Cand_7816,7.024,0.192,High-Confidence (Std <= 0.20)
WT_Cand_7817,6.184,0.009,High-Confidence (Std <= 0.20)
WT_Cand_7818,5.819,0.035,High-Confidence (Std <= 0.20)
WT_Cand_7819,6.334,0.21,Low-Confidence (Filtered Out)
WT_Cand_7820,7.119,0.41,Low-Confidence (Filtered Out)
WT_Cand_7821,7.539,0.667,Low-Confidence (Filtered Out)
WT_Cand_7822,7.831,0.516,Low-Confidence (Filtered Out)
WT_Cand_7823,6.282,0.019,High-Confidence (Std <= 0.20)
WT_Cand_7824,7.176,0.567,Low-Confidence (Filtered Out)
WT_Cand_7825,7.957,0.295,Low-Confidence (Filtered Out)
WT_Cand_7826,8.19,0.314,Low-Confidence (Filtered Out)
WT_Cand_7827,6.782,0.082,High-Confidence (Std <= 0.20)
WT_Cand_7828,6.596,0.228,Low-Confidence (Filtered Out)
WT_Cand_7829,7.07,0.213,Low-Confidence (Filtered Out)
WT_Cand_7830,5.528,0.225,Low-Confidence (Filtered Out)
WT_Cand_7831,6.627,0.259,Low-Confidence (Filtered Out)
WT_Cand_7832,7.706,0.148,High-Confidence (Std <= 0.20)
WT_Cand_7833,7.588,0.122,High-Confidence (Std <= 0.20)
WT_Cand_7834,6.539,0.163,High-Confidence (Std <= 0.20)
WT_Cand_7835,7.1,0.374,Low-Confidence (Filtered Out)
WT_Cand_7836,5.902,0.311,Low-Confidence (Filtered Out)
WT_Cand_7837,7.659,0.358,Low-Confidence (Filtered Out)
WT_Cand_7838,6.761,0.214,Low-Confidence (Filtered Out)
WT_Cand_7839,6.533,0.056,High-Confidence (Std <= 0.20)
WT_Cand_7840,6.434,0.085,High-Confidence (Std <= 0.20)
WT_Cand_7841,6.778,0.308,Low-Confidence (Filtered Out)
WT_Cand_7842,6.335,0.386,Low-Confidence (Filtered Out)
WT_Cand_7843,7.607,0.347,Low-Confidence (Filtered Out)
WT_Cand_7844,6.395,0.164,High-Confidence (Std <= 0.20)
WT_Cand_7845,8.682,0.186,High-Confidence (Std <= 0.20)
WT_Cand_7846,8.535,0.168,High-Confidence (Std <= 0.20)
WT_Cand_7847,5.825,0.027,High-Confidence (Std <= 0.20)
WT_Cand_7848,6.93,0.049,High-Confidence (Std <= 0.20)
WT_Cand_7849,6.102,0.251,Low-Confidence (Filtered Out)
WT_Cand_7850,6.474,0.113,High-Confidence (Std <= 0.20)
WT_Cand_7851,9.153,0.009,High-Confidence (Std <= 0.20)
WT_Cand_7852,6.496,0.171,High-Confidence (Std <= 0.20)
WT_Cand_7853,7.264,0.054,High-Confidence (Std <= 0.20)
WT_Cand_7854,7.473,0.046,High-Confidence (Std <= 0.20)
WT_Cand_7855,5.699,0.025,High-Confidence (Std <= 0.20)
WT_Cand_7856,5.867,0.069,High-Confidence (Std <= 0.20)
WT_Cand_7857,5.463,0.004,High-Confidence (Std <= 0.20)
WT_Cand_7858,5.831,0.054,High-Confidence (Std <= 0.20)
WT_Cand_7859,3.572,0.254,Low-Confidence (Filtered Out)
WT_Cand_7860,7.476,0.206,Low-Confidence (Filtered Out)
WT_Cand_7861,9.212,0.348,Low-Confidence (Filtered Out)
WT_Cand_7862,7.02,0.222,Low-Confidence (Filtered Out)
WT_Cand_7863,5.221,0.002,High-Confidence (Std <= 0.20)
WT_Cand_7864,6.111,0.111,High-Confidence (Std <= 0.20)
WT_Cand_7865,6.322,0.102,High-Confidence (Std <= 0.20)
WT_Cand_7866,5.68,0.047,High-Confidence (Std <= 0.20)
WT_Cand_7867,7.839,0.025,High-Confidence (Std <= 0.20)
WT_Cand_7868,7.782,0.241,Low-Confidence (Filtered Out)
WT_Cand_7869,5.521,0.141,High-Confidence (Std <= 0.20)
WT_Cand_7870,7.684,0.039,High-Confidence (Std <= 0.20)
WT_Cand_7871,8.606,0.021,High-Confidence (Std <= 0.20)
WT_Cand_7872,9.038,0.3,Low-Confidence (Filtered Out)
WT_Cand_7873,10.145,0.259,Low-Confidence (Filtered Out)
WT_Cand_7874,5.813,0.264,Low-Confidence (Filtered Out)
WT_Cand_7875,10.098,0.25,Low-Confidence (Filtered Out)
WT_Cand_7876,6.443,0.25,Low-Confidence (Filtered Out)
WT_Cand_7877,6.169,0.227,Low-Confidence (Filtered Out)
WT_Cand_7878,7.226,0.078,High-Confidence (Std <= 0.20)
WT_Cand_7879,6.181,0.247,Low-Confidence (Filtered Out)
WT_Cand_7880,7.309,0.161,High-Confidence (Std <= 0.20)
WT_Cand_7881,5.332,0.056,High-Confidence (Std <= 0.20)
WT_Cand_7882,6.575,0.143,High-Confidence (Std <= 0.20)
WT_Cand_7883,8.328,0.386,Low-Confidence (Filtered Out)
WT_Cand_7884,6.784,0.187,High-Confidence (Std <= 0.20)
WT_Cand_7885,7.013,0.208,Low-Confidence (Filtered Out)
WT_Cand_7886,7.397,0.043,High-Confidence (Std <= 0.20)
WT_Cand_7887,8.196,0.06,High-Confidence (Std <= 0.20)
WT_Cand_7888,4.946,0.162,High-Confidence (Std <= 0.20)
WT_Cand_7889,7.522,0.123,High-Confidence (Std <= 0.20)
WT_Cand_7890,6.542,0.106,High-Confidence (Std <= 0.20)
WT_Cand_7891,7.042,0.044,High-Confidence (Std <= 0.20)
WT_Cand_7892,8.069,0.058,High-Confidence (Std <= 0.20)
WT_Cand_7893,5.477,0.023,High-Confidence (Std <= 0.20)
WT_Cand_7894,5.685,0.085,High-Confidence (Std <= 0.20)
WT_Cand_7895,4.624,0.124,High-Confidence (Std <= 0.20)
WT_Cand_7896,6.218,0.133,High-Confidence (Std <= 0.20)
WT_Cand_7897,8.38,0.376,Low-Confidence (Filtered Out)
WT_Cand_7898,6.711,0.008,High-Confidence (Std <= 0.20)
WT_Cand_7899,5.309,0.551,Low-Confidence (Filtered Out)
WT_Cand_7900,6.291,0.25,Low-Confidence (Filtered Out)
WT_Cand_7901,5.139,0.154,High-Confidence (Std <= 0.20)
WT_Cand_7902,5.556,0.053,High-Confidence (Std <= 0.20)
WT_Cand_7903,7.297,0.091,High-Confidence (Std <= 0.20)
WT_Cand_7904,5.5,0.246,Low-Confidence (Filtered Out)
WT_Cand_7905,8.13,0.065,High-Confidence (Std <= 0.20)
WT_Cand_7906,6.768,0.265,Low-Confidence (Filtered Out)
WT_Cand_7907,6.948,0.14,High-Confidence (Std <= 0.20)
WT_Cand_7908,6.53,0.14,High-Confidence (Std <= 0.20)
WT_Cand_7909,7.739,0.246,Low-Confidence (Filtered Out)
WT_Cand_7910,7.751,0.039,High-Confidence (Std <= 0.20)
WT_Cand_7911,7.235,0.103,High-Confidence (Std <= 0.20)
WT_Cand_7912,7.5,0.125,High-Confidence (Std <= 0.20)
WT_Cand_7913,6.606,0.236,Low-Confidence (Filtered Out)
WT_Cand_7914,7.474,0.352,Low-Confidence (Filtered Out)
WT_Cand_7915,6.461,0.035,High-Confidence (Std <= 0.20)
WT_Cand_7916,6.853,0.141,High-Confidence (Std <= 0.20)
WT_Cand_7917,6.534,0.032,High-Confidence (Std <= 0.20)
WT_Cand_7918,6.324,0.14,High-Confidence (Std <= 0.20)
WT_Cand_7919,6.058,0.21,Low-Confidence (Filtered Out)
WT_Cand_7920,7.388,0.091,High-Confidence (Std <= 0.20)
WT_Cand_7921,8.357,0.366,Low-Confidence (Filtered Out)
WT_Cand_7922,8.197,0.212,Low-Confidence (Filtered Out)
WT_Cand_7923,5.405,0.198,High-Confidence (Std <= 0.20)
WT_Cand_7924,8.333,0.159,High-Confidence (Std <= 0.20)
WT_Cand_7925,6.484,0.243,Low-Confidence (Filtered Out)
WT_Cand_7926,7.541,0.389,Low-Confidence (Filtered Out)
WT_Cand_7927,5.808,0.168,High-Confidence (Std <= 0.20)
WT_Cand_7928,7.013,0.096,High-Confidence (Std <= 0.20)
WT_Cand_7929,7.211,0.755,Low-Confidence (Filtered Out)
WT_Cand_7930,5.143,0.164,High-Confidence (Std <= 0.20)
WT_Cand_7931,7.55,0.124,High-Confidence (Std <= 0.20)
WT_Cand_7932,8.398,0.232,Low-Confidence (Filtered Out)
WT_Cand_7933,6.649,0.013,High-Confidence (Std <= 0.20)
WT_Cand_7934,8.414,0.032,High-Confidence (Std <= 0.20)
WT_Cand_7935,6.632,0.009,High-Confidence (Std <= 0.20)
WT_Cand_7936,7.827,0.013,High-Confidence (Std <= 0.20)
WT_Cand_7937,4.299,0.049,High-Confidence (Std <= 0.20)
WT_Cand_7938,9.632,0.091,High-Confidence (Std <= 0.20)
WT_Cand_7939,8.57,0.086,High-Confidence (Std <= 0.20)
WT_Cand_7940,6.523,0.127,High-Confidence (Std <= 0.20)
WT_Cand_7941,4.582,0.189,High-Confidence (Std <= 0.20)
WT_Cand_7942,7.181,0.094,High-Confidence (Std <= 0.20)
WT_Cand_7943,5.189,0.194,High-Confidence (Std <= 0.20)
WT_Cand_7944,7.362,0.387,Low-Confidence (Filtered Out)
WT_Cand_7945,7.323,0.616,Low-Confidence (Filtered Out)
WT_Cand_7946,5.767,0.44,Low-Confidence (Filtered Out)
WT_Cand_7947,8.139,0.556,Low-Confidence (Filtered Out)
WT_Cand_7948,7.776,0.13,High-Confidence (Std <= 0.20)
WT_Cand_7949,7.972,0.016,High-Confidence (Std <= 0.20)
WT_Cand_7950,6.86,0.119,High-Confidence (Std <= 0.20)
WT_Cand_7951,5.222,0.044,High-Confidence (Std <= 0.20)
WT_Cand_7952,7.975,0.132,High-Confidence (Std <= 0.20)
WT_Cand_7953,6.539,0.032,High-Confidence (Std <= 0.20)
WT_Cand_7954,5.252,0.156,High-Confidence (Std <= 0.20)
WT_Cand_7955,8.405,0.062,High-Confidence (Std <= 0.20)
WT_Cand_7956,9.264,0.061,High-Confidence (Std <= 0.20)
WT_Cand_7957,6.803,0.352,Low-Confidence (Filtered Out)
WT_Cand_7958,9.333,0.16,High-Confidence (Std <= 0.20)
WT_Cand_7959,6.955,0.139,High-Confidence (Std <= 0.20)
WT_Cand_7960,6.412,0.284,Low-Confidence (Filtered Out)
WT_Cand_7961,6.125,0.191,High-Confidence (Std <= 0.20)
WT_Cand_7962,8.733,0.28,Low-Confidence (Filtered Out)
WT_Cand_7963,5.953,0.121,High-Confidence (Std <= 0.20)
WT_Cand_7964,7.696,0.265,Low-Confidence (Filtered Out)
WT_Cand_7965,6.207,0.018,High-Confidence (Std <= 0.20)
WT_Cand_7966,6.321,0.119,High-Confidence (Std <= 0.20)
WT_Cand_7967,8.035,0.178,High-Confidence (Std <= 0.20)
WT_Cand_7968,6.413,0.09,High-Confidence (Std <= 0.20)
WT_Cand_7969,6.384,0.124,High-Confidence (Std <= 0.20)
WT_Cand_7970,8.153,0.293,Low-Confidence (Filtered Out)
WT_Cand_7971,8.687,0.3,Low-Confidence (Filtered Out)
WT_Cand_7972,7.591,0.178,High-Confidence (Std <= 0.20)
WT_Cand_7973,6.097,0.402,Low-Confidence (Filtered Out)
WT_Cand_7974,6.263,0.042,High-Confidence (Std <= 0.20)
WT_Cand_7975,6.942,0.107,High-Confidence (Std <= 0.20)
WT_Cand_7976,7.219,0.111,High-Confidence (Std <= 0.20)
WT_Cand_7977,5.714,0.373,Low-Confidence (Filtered Out)
WT_Cand_7978,7.681,0.212,Low-Confidence (Filtered Out)
WT_Cand_7979,6.948,0.457,Low-Confidence (Filtered Out)
WT_Cand_7980,4.877,0.019,High-Confidence (Std <= 0.20)
WT_Cand_7981,5.782,0.182,High-Confidence (Std <= 0.20)
WT_Cand_7982,6.27,0.142,High-Confidence (Std <= 0.20)
WT_Cand_7983,6.766,0.002,High-Confidence (Std <= 0.20)
WT_Cand_7984,9.023,0.06,High-Confidence (Std <= 0.20)
WT_Cand_7985,7.124,0.042,High-Confidence (Std <= 0.20)
WT_Cand_7986,5.883,0.21,Low-Confidence (Filtered Out)
WT_Cand_7987,7.104,0.359,Low-Confidence (Filtered Out)
WT_Cand_7988,6.445,0.098,High-Confidence (Std <= 0.20)
WT_Cand_7989,7.223,0.04,High-Confidence (Std <= 0.20)
WT_Cand_7990,7.518,0.031,High-Confidence (Std <= 0.20)
WT_Cand_7991,8.241,0.476,Low-Confidence (Filtered Out)
WT_Cand_7992,6.822,0.068,High-Confidence (Std <= 0.20)
WT_Cand_7993,8.735,0.077,High-Confidence (Std <= 0.20)
WT_Cand_7994,7.894,0.018,High-Confidence (Std <= 0.20)
WT_Cand_7995,6.036,0.148,High-Confidence (Std <= 0.20)
WT_Cand_7996,9.391,0.135,High-Confidence (Std <= 0.20)
WT_Cand_7997,7.226,0.097,High-Confidence (Std <= 0.20)
WT_Cand_7998,5.89,0.023,High-Confidence (Std <= 0.20)
WT_Cand_7999,8.751,0.131,High-Confidence (Std <= 0.20)
WT_Cand_8000,9.239,0.111,High-Confidence (Std <= 0.20)
WT_Cand_8001,6.812,0.124,High-Confidence (Std <= 0.20)
WT_Cand_8002,6.271,0.086,High-Confidence (Std <= 0.20)
WT_Cand_8003,6.652,0.25,Low-Confidence (Filtered Out)
WT_Cand_8004,7.672,0.307,Low-Confidence (Filtered Out)
WT_Cand_8005,8.32,0.03,High-Confidence (Std <= 0.20)
WT_Cand_8006,7.506,0.236,Low-Confidence (Filtered Out)
WT_Cand_8007,6.967,0.322,Low-Confidence (Filtered Out)
WT_Cand_8008,8.573,0.662,Low-Confidence (Filtered Out)
WT_Cand_8009,6.49,0.159,High-Confidence (Std <= 0.20)
WT_Cand_8010,8.036,0.088,High-Confidence (Std <= 0.20)
WT_Cand_8011,6.519,0.27,Low-Confidence (Filtered Out)
WT_Cand_8012,7.346,0.089,High-Confidence (Std <= 0.20)
WT_Cand_8013,6.719,0.336,Low-Confidence (Filtered Out)
WT_Cand_8014,6.786,0.123,High-Confidence (Std <= 0.20)
WT_Cand_8015,6.416,0.062,High-Confidence (Std <= 0.20)
WT_Cand_8016,8.397,0.15,High-Confidence (Std <= 0.20)
WT_Cand_8017,6.007,0.108,High-Confidence (Std <= 0.20)
WT_Cand_8018,5.999,0.098,High-Confidence (Std <= 0.20)
WT_Cand_8019,9.289,0.009,High-Confidence (Std <= 0.20)
WT_Cand_8020,7.975,0.317,Low-Confidence (Filtered Out)
WT_Cand_8021,4.107,0.315,Low-Confidence (Filtered Out)
WT_Cand_8022,6.2,0.204,Low-Confidence (Filtered Out)
WT_Cand_8023,4.766,0.22,Low-Confidence (Filtered Out)
WT_Cand_8024,5.757,0.05,High-Confidence (Std <= 0.20)
WT_Cand_8025,3.241,0.164,High-Confidence (Std <= 0.20)
WT_Cand_8026,6.692,0.12,High-Confidence (Std <= 0.20)
WT_Cand_8027,5.537,0.161,High-Confidence (Std <= 0.20)
WT_Cand_8028,6.919,0.001,High-Confidence (Std <= 0.20)
WT_Cand_8029,4.981,0.243,Low-Confidence (Filtered Out)
WT_Cand_8030,6.945,0.049,High-Confidence (Std <= 0.20)
WT_Cand_8031,6.373,0.038,High-Confidence (Std <= 0.20)
WT_Cand_8032,8.577,0.515,Low-Confidence (Filtered Out)
WT_Cand_8033,8.473,0.423,Low-Confidence (Filtered Out)
WT_Cand_8034,7.753,0.009,High-Confidence (Std <= 0.20)
WT_Cand_8035,6.474,0.064,High-Confidence (Std <= 0.20)
WT_Cand_8036,9.133,0.099,High-Confidence (Std <= 0.20)
WT_Cand_8037,5.064,0.385,Low-Confidence (Filtered Out)
WT_Cand_8038,5.236,0.259,Low-Confidence (Filtered Out)
WT_Cand_8039,6.754,0.025,High-Confidence (Std <= 0.20)
WT_Cand_8040,9.442,0.147,High-Confidence (Std <= 0.20)
WT_Cand_8041,6.617,0.1,High-Confidence (Std <= 0.20)
WT_Cand_8042,6.639,0.103,High-Confidence (Std <= 0.20)
WT_Cand_8043,5.192,0.07,High-Confidence (Std <= 0.20)
WT_Cand_8044,7.938,0.101,High-Confidence (Std <= 0.20)
WT_Cand_8045,7.946,0.237,Low-Confidence (Filtered Out)
WT_Cand_8046,7.757,0.113,High-Confidence (Std <= 0.20)
WT_Cand_8047,6.126,0.124,High-Confidence (Std <= 0.20)
WT_Cand_8048,6.037,0.261,Low-Confidence (Filtered Out)
WT_Cand_8049,5.363,0.194,High-Confidence (Std <= 0.20)
WT_Cand_8050,6.946,0.263,Low-Confidence (Filtered Out)
WT_Cand_8051,5.608,0.051,High-Confidence (Std <= 0.20)
WT_Cand_8052,5.496,0.137,High-Confidence (Std <= 0.20)
WT_Cand_8053,6.363,0.133,High-Confidence (Std <= 0.20)
WT_Cand_8054,6.287,0.115,High-Confidence (Std <= 0.20)
WT_Cand_8055,6.231,0.095,High-Confidence (Std <= 0.20)
WT_Cand_8056,7.386,0.412,Low-Confidence (Filtered Out)
WT_Cand_8057,6.941,0.085,High-Confidence (Std <= 0.20)
WT_Cand_8058,6.519,0.335,Low-Confidence (Filtered Out)
WT_Cand_8059,7.06,0.57,Low-Confidence (Filtered Out)
WT_Cand_8060,5.71,0.039,High-Confidence (Std <= 0.20)
WT_Cand_8061,6.971,0.024,High-Confidence (Std <= 0.20)
WT_Cand_8062,7.023,0.006,High-Confidence (Std <= 0.20)
WT_Cand_8063,5.121,0.332,Low-Confidence (Filtered Out)
WT_Cand_8064,7.995,0.339,Low-Confidence (Filtered Out)
WT_Cand_8065,5.836,0.042,High-Confidence (Std <= 0.20)
WT_Cand_8066,6.954,0.266,Low-Confidence (Filtered Out)
WT_Cand_8067,8.189,0.059,High-Confidence (Std <= 0.20)
WT_Cand_8068,7.915,0.142,High-Confidence (Std <= 0.20)
WT_Cand_8069,6.889,0.314,Low-Confidence (Filtered Out)
WT_Cand_8070,6.433,0.196,High-Confidence (Std <= 0.20)
WT_Cand_8071,7.94,0.052,High-Confidence (Std <= 0.20)
WT_Cand_8072,7.626,0.151,High-Confidence (Std <= 0.20)
WT_Cand_8073,6.139,0.094,High-Confidence (Std <= 0.20)
WT_Cand_8074,5.936,0.264,Low-Confidence (Filtered Out)
WT_Cand_8075,4.467,0.191,High-Confidence (Std <= 0.20)
WT_Cand_8076,7.027,0.19,High-Confidence (Std <= 0.20)
WT_Cand_8077,6.755,0.049,High-Confidence (Std <= 0.20)
WT_Cand_8078,8.157,0.047,High-Confidence (Std <= 0.20)
WT_Cand_8079,7.263,0.16,High-Confidence (Std <= 0.20)
WT_Cand_8080,8.384,0.294,Low-Confidence (Filtered Out)
WT_Cand_8081,6.048,0.478,Low-Confidence (Filtered Out)
WT_Cand_8082,8.159,0.013,High-Confidence (Std <= 0.20)
WT_Cand_8083,6.242,0.143,High-Confidence (Std <= 0.20)
WT_Cand_8084,7.744,0.316,Low-Confidence (Filtered Out)
WT_Cand_8085,5.172,0.243,Low-Confidence (Filtered Out)
WT_Cand_8086,7.12,0.185,High-Confidence (Std <= 0.20)
WT_Cand_8087,4.568,0.312,Low-Confidence (Filtered Out)
WT_Cand_8088,6.543,0.043,High-Confidence (Std <= 0.20)
WT_Cand_8089,7.356,0.25,Low-Confidence (Filtered Out)
WT_Cand_8090,6.251,0.328,Low-Confidence (Filtered Out)
WT_Cand_8091,5.642,0.035,High-Confidence (Std <= 0.20)
WT_Cand_8092,7.823,0.191,High-Confidence (Std <= 0.20)
WT_Cand_8093,6.731,0.266,Low-Confidence (Filtered Out)
WT_Cand_8094,6.287,0.286,Low-Confidence (Filtered Out)
WT_Cand_8095,6.898,0.011,High-Confidence (Std <= 0.20)
WT_Cand_8096,9.882,0.072,High-Confidence (Std <= 0.20)
WT_Cand_8097,8.177,0.002,High-Confidence (Std <= 0.20)
WT_Cand_8098,8.187,0.409,Low-Confidence (Filtered Out)
WT_Cand_8099,7.351,0.099,High-Confidence (Std <= 0.20)
WT_Cand_8100,7.041,0.044,High-Confidence (Std <= 0.20)
WT_Cand_8101,4.095,0.038,High-Confidence (Std <= 0.20)
WT_Cand_8102,6.069,0.076,High-Confidence (Std <= 0.20)
WT_Cand_8103,6.297,0.329,Low-Confidence (Filtered Out)
WT_Cand_8104,4.694,0.051,High-Confidence (Std <= 0.20)
WT_Cand_8105,5.519,0.453,Low-Confidence (Filtered Out)
WT_Cand_8106,4.572,0.025,High-Confidence (Std <= 0.20)
WT_Cand_8107,6.806,0.693,Low-Confidence (Filtered Out)
WT_Cand_8108,7.792,0.078,High-Confidence (Std <= 0.20)
WT_Cand_8109,8.123,0.461,Low-Confidence (Filtered Out)
WT_Cand_8110,7.327,0.41,Low-Confidence (Filtered Out)
WT_Cand_8111,5.742,0.408,Low-Confidence (Filtered Out)
WT_Cand_8112,4.628,0.13,High-Confidence (Std <= 0.20)
WT_Cand_8113,4.83,0.03,High-Confidence (Std <= 0.20)
WT_Cand_8114,5.391,0.173,High-Confidence (Std <= 0.20)
WT_Cand_8115,5.828,0.058,High-Confidence (Std <= 0.20)
WT_Cand_8116,6.666,0.411,Low-Confidence (Filtered Out)
WT_Cand_8117,5.684,0.165,High-Confidence (Std <= 0.20)
WT_Cand_8118,7.24,0.144,High-Confidence (Std <= 0.20)
WT_Cand_8119,6.583,0.063,High-Confidence (Std <= 0.20)
WT_Cand_8120,6.862,0.089,High-Confidence (Std <= 0.20)
WT_Cand_8121,8.161,0.229,Low-Confidence (Filtered Out)
WT_Cand_8122,5.493,0.197,High-Confidence (Std <= 0.20)
WT_Cand_8123,7.332,0.266,Low-Confidence (Filtered Out)
WT_Cand_8124,6.834,0.284,Low-Confidence (Filtered Out)
WT_Cand_8125,6.466,0.306,Low-Confidence (Filtered Out)
WT_Cand_8126,7.868,0.037,High-Confidence (Std <= 0.20)
WT_Cand_8127,7.861,0.206,Low-Confidence (Filtered Out)
WT_Cand_8128,5.762,0.193,High-Confidence (Std <= 0.20)
WT_Cand_8129,6.641,0.023,High-Confidence (Std <= 0.20)
WT_Cand_8130,7.173,0.217,Low-Confidence (Filtered Out)
WT_Cand_8131,6.536,0.406,Low-Confidence (Filtered Out)
WT_Cand_8132,7.523,0.221,Low-Confidence (Filtered Out)
WT_Cand_8133,7.173,0.026,High-Confidence (Std <= 0.20)
WT_Cand_8134,8.957,0.059,High-Confidence (Std <= 0.20)
WT_Cand_8135,5.09,0.182,High-Confidence (Std <= 0.20)
WT_Cand_8136,6.709,0.048,High-Confidence (Std <= 0.20)
WT_Cand_8137,5.805,0.237,Low-Confidence (Filtered Out)
WT_Cand_8138,7.545,0.146,High-Confidence (Std <= 0.20)
WT_Cand_8139,4.99,0.3,Low-Confidence (Filtered Out)
WT_Cand_8140,7.248,0.107,High-Confidence (Std <= 0.20)
WT_Cand_8141,6.125,0.185,High-Confidence (Std <= 0.20)
WT_Cand_8142,6.006,0.069,High-Confidence (Std <= 0.20)
WT_Cand_8143,5.187,0.141,High-Confidence (Std <= 0.20)
WT_Cand_8144,6.315,0.034,High-Confidence (Std <= 0.20)
WT_Cand_8145,8.097,0.336,Low-Confidence (Filtered Out)
WT_Cand_8146,6.821,0.103,High-Confidence (Std <= 0.20)
WT_Cand_8147,7.572,0.322,Low-Confidence (Filtered Out)
WT_Cand_8148,8.764,0.105,High-Confidence (Std <= 0.20)
WT_Cand_8149,7.153,0.047,High-Confidence (Std <= 0.20)
WT_Cand_8150,6.207,0.138,High-Confidence (Std <= 0.20)
WT_Cand_8151,7.387,0.031,High-Confidence (Std <= 0.20)
WT_Cand_8152,6.224,0.101,High-Confidence (Std <= 0.20)
WT_Cand_8153,6.27,0.29,Low-Confidence (Filtered Out)
WT_Cand_8154,5.102,0.211,Low-Confidence (Filtered Out)
WT_Cand_8155,7.915,0.16,High-Confidence (Std <= 0.20)
WT_Cand_8156,6.406,0.104,High-Confidence (Std <= 0.20)
WT_Cand_8157,7.059,0.428,Low-Confidence (Filtered Out)
WT_Cand_8158,5.659,0.164,High-Confidence (Std <= 0.20)
WT_Cand_8159,7.351,0.07,High-Confidence (Std <= 0.20)
WT_Cand_8160,5.974,0.282,Low-Confidence (Filtered Out)
WT_Cand_8161,6.687,0.226,Low-Confidence (Filtered Out)
WT_Cand_8162,7.859,0.058,High-Confidence (Std <= 0.20)
WT_Cand_8163,7.759,0.367,Low-Confidence (Filtered Out)
WT_Cand_8164,6.825,0.168,High-Confidence (Std <= 0.20)
WT_Cand_8165,4.817,0.188,High-Confidence (Std <= 0.20)
WT_Cand_8166,10.292,0.386,Low-Confidence (Filtered Out)
WT_Cand_8167,8.858,0.027,High-Confidence (Std <= 0.20)
WT_Cand_8168,7.681,0.062,High-Confidence (Std <= 0.20)
WT_Cand_8169,5.984,0.391,Low-Confidence (Filtered Out)
WT_Cand_8170,6.719,0.057,High-Confidence (Std <= 0.20)
WT_Cand_8171,6.225,0.144,High-Confidence (Std <= 0.20)
WT_Cand_8172,8.303,0.434,Low-Confidence (Filtered Out)
WT_Cand_8173,7.152,0.041,High-Confidence (Std <= 0.20)
WT_Cand_8174,5.948,0.009,High-Confidence (Std <= 0.20)
WT_Cand_8175,6.309,0.035,High-Confidence (Std <= 0.20)
WT_Cand_8176,8.139,0.142,High-Confidence (Std <= 0.20)
WT_Cand_8177,8.69,0.114,High-Confidence (Std <= 0.20)
WT_Cand_8178,8.608,0.102,High-Confidence (Std <= 0.20)
WT_Cand_8179,7.721,0.092,High-Confidence (Std <= 0.20)
WT_Cand_8180,6.559,0.056,High-Confidence (Std <= 0.20)
WT_Cand_8181,3.122,0.096,High-Confidence (Std <= 0.20)
WT_Cand_8182,7.192,0.203,Low-Confidence (Filtered Out)
WT_Cand_8183,6.848,0.262,Low-Confidence (Filtered Out)
WT_Cand_8184,7.011,0.222,Low-Confidence (Filtered Out)
WT_Cand_8185,6.912,0.094,High-Confidence (Std <= 0.20)
WT_Cand_8186,5.325,0.115,High-Confidence (Std <= 0.20)
WT_Cand_8187,7.491,0.29,Low-Confidence (Filtered Out)
WT_Cand_8188,7.577,0.287,Low-Confidence (Filtered Out)
WT_Cand_8189,7.635,0.561,Low-Confidence (Filtered Out)
WT_Cand_8190,7.939,0.103,High-Confidence (Std <= 0.20)
WT_Cand_8191,7.545,0.032,High-Confidence (Std <= 0.20)
WT_Cand_8192,6.378,0.152,High-Confidence (Std <= 0.20)
WT_Cand_8193,6.769,0.233,Low-Confidence (Filtered Out)
WT_Cand_8194,6.955,0.306,Low-Confidence (Filtered Out)
WT_Cand_8195,6.974,0.083,High-Confidence (Std <= 0.20)
WT_Cand_8196,7.998,0.176,High-Confidence (Std <= 0.20)
WT_Cand_8197,7.59,0.254,Low-Confidence (Filtered Out)
WT_Cand_8198,9.239,0.141,High-Confidence (Std <= 0.20)
WT_Cand_8199,9.387,0.114,High-Confidence (Std <= 0.20)
WT_Cand_8200,6.942,0.206,Low-Confidence (Filtered Out)
WT_Cand_8201,2.438,0.007,High-Confidence (Std <= 0.20)
WT_Cand_8202,8.272,0.106,High-Confidence (Std <= 0.20)
WT_Cand_8203,6.229,0.629,Low-Confidence (Filtered Out)
WT_Cand_8204,5.928,0.196,High-Confidence (Std <= 0.20)
WT_Cand_8205,6.392,0.642,Low-Confidence (Filtered Out)
WT_Cand_8206,6.336,0.163,High-Confidence (Std <= 0.20)
WT_Cand_8207,7.554,0.365,Low-Confidence (Filtered Out)
WT_Cand_8208,5.057,0.092,High-Confidence (Std <= 0.20)
WT_Cand_8209,5.611,0.106,High-Confidence (Std <= 0.20)
WT_Cand_8210,7.245,0.073,High-Confidence (Std <= 0.20)
WT_Cand_8211,7.566,0.344,Low-Confidence (Filtered Out)
WT_Cand_8212,7.588,0.054,High-Confidence (Std <= 0.20)
WT_Cand_8213,5.945,0.014,High-Confidence (Std <= 0.20)
WT_Cand_8214,5.725,0.312,Low-Confidence (Filtered Out)
WT_Cand_8215,6.267,0.048,High-Confidence (Std <= 0.20)
WT_Cand_8216,7.126,0.276,Low-Confidence (Filtered Out)
WT_Cand_8217,8.558,0.112,High-Confidence (Std <= 0.20)
WT_Cand_8218,4.495,0.891,Low-Confidence (Filtered Out)
WT_Cand_8219,6.596,0.558,Low-Confidence (Filtered Out)
WT_Cand_8220,5.317,0.042,High-Confidence (Std <= 0.20)
WT_Cand_8221,4.95,0.14,High-Confidence (Std <= 0.20)
WT_Cand_8222,7.962,0.014,High-Confidence (Std <= 0.20)
WT_Cand_8223,7.476,0.215,Low-Confidence (Filtered Out)
WT_Cand_8224,7.367,0.048,High-Confidence (Std <= 0.20)
WT_Cand_8225,7.909,0.148,High-Confidence (Std <= 0.20)
WT_Cand_8226,6.298,0.004,High-Confidence (Std <= 0.20)
WT_Cand_8227,6.352,0.005,High-Confidence (Std <= 0.20)
WT_Cand_8228,9.364,0.057,High-Confidence (Std <= 0.20)
WT_Cand_8229,6.566,0.068,High-Confidence (Std <= 0.20)
WT_Cand_8230,7.695,0.429,Low-Confidence (Filtered Out)
WT_Cand_8231,6.857,0.096,High-Confidence (Std <= 0.20)
WT_Cand_8232,4.725,0.234,Low-Confidence (Filtered Out)
WT_Cand_8233,4.499,0.012,High-Confidence (Std <= 0.20)
WT_Cand_8234,6.184,0.188,High-Confidence (Std <= 0.20)
WT_Cand_8235,8.065,0.177,High-Confidence (Std <= 0.20)
WT_Cand_8236,7.757,0.267,Low-Confidence (Filtered Out)
WT_Cand_8237,7.901,0.17,High-Confidence (Std <= 0.20)
WT_Cand_8238,5.715,0.601,Low-Confidence (Filtered Out)
WT_Cand_8239,8.708,0.102,High-Confidence (Std <= 0.20)
WT_Cand_8240,5.74,0.052,High-Confidence (Std <= 0.20)
WT_Cand_8241,7.095,0.278,Low-Confidence (Filtered Out)
WT_Cand_8242,6.838,0.191,High-Confidence (Std <= 0.20)
WT_Cand_8243,6.65,0.055,High-Confidence (Std <= 0.20)
WT_Cand_8244,8.389,0.238,Low-Confidence (Filtered Out)
WT_Cand_8245,6.039,0.35,Low-Confidence (Filtered Out)
WT_Cand_8246,5.298,0.198,High-Confidence (Std <= 0.20)
WT_Cand_8247,6.873,0.17,High-Confidence (Std <= 0.20)
WT_Cand_8248,6.39,0.025,High-Confidence (Std <= 0.20)
WT_Cand_8249,10.734,0.099,High-Confidence (Std <= 0.20)
WT_Cand_8250,7.628,0.051,High-Confidence (Std <= 0.20)
WT_Cand_8251,6.379,0.243,Low-Confidence (Filtered Out)
WT_Cand_8252,5.635,0.027,High-Confidence (Std <= 0.20)
WT_Cand_8253,4.688,0.03,High-Confidence (Std <= 0.20)
WT_Cand_8254,5.671,0.045,High-Confidence (Std <= 0.20)
WT_Cand_8255,6.982,0.063,High-Confidence (Std <= 0.20)
WT_Cand_8256,8.491,0.038,High-Confidence (Std <= 0.20)
WT_Cand_8257,8.14,0.094,High-Confidence (Std <= 0.20)
WT_Cand_8258,7.113,0.104,High-Confidence (Std <= 0.20)
WT_Cand_8259,6.478,0.316,Low-Confidence (Filtered Out)
WT_Cand_8260,7.159,0.053,High-Confidence (Std <= 0.20)
WT_Cand_8261,6.254,0.066,High-Confidence (Std <= 0.20)
WT_Cand_8262,8.826,0.23,Low-Confidence (Filtered Out)
WT_Cand_8263,6.632,0.272,Low-Confidence (Filtered Out)
WT_Cand_8264,6.751,0.158,High-Confidence (Std <= 0.20)
WT_Cand_8265,4.302,0.229,Low-Confidence (Filtered Out)
WT_Cand_8266,6.625,0.291,Low-Confidence (Filtered Out)
WT_Cand_8267,7.812,0.134,High-Confidence (Std <= 0.20)
WT_Cand_8268,5.622,0.236,Low-Confidence (Filtered Out)
WT_Cand_8269,5.987,0.173,High-Confidence (Std <= 0.20)
WT_Cand_8270,7.762,0.091,High-Confidence (Std <= 0.20)
WT_Cand_8271,5.152,0.198,High-Confidence (Std <= 0.20)
WT_Cand_8272,8.066,0.078,High-Confidence (Std <= 0.20)
WT_Cand_8273,6.238,0.687,Low-Confidence (Filtered Out)
WT_Cand_8274,6.403,0.022,High-Confidence (Std <= 0.20)
WT_Cand_8275,5.558,0.285,Low-Confidence (Filtered Out)
WT_Cand_8276,7.285,0.186,High-Confidence (Std <= 0.20)
WT_Cand_8277,9.679,0.139,High-Confidence (Std <= 0.20)
WT_Cand_8278,7.749,0.062,High-Confidence (Std <= 0.20)
WT_Cand_8279,5.856,0.194,High-Confidence (Std <= 0.20)
WT_Cand_8280,8.156,0.135,High-Confidence (Std <= 0.20)
WT_Cand_8281,6.486,0.018,High-Confidence (Std <= 0.20)
WT_Cand_8282,8.431,0.243,Low-Confidence (Filtered Out)
WT_Cand_8283,7.778,0.2,High-Confidence (Std <= 0.20)
WT_Cand_8284,3.465,0.052,High-Confidence (Std <= 0.20)
WT_Cand_8285,5.695,0.328,Low-Confidence (Filtered Out)
WT_Cand_8286,7.936,0.312,Low-Confidence (Filtered Out)
WT_Cand_8287,7.024,0.035,High-Confidence (Std <= 0.20)
WT_Cand_8288,5.673,0.2,High-Confidence (Std <= 0.20)
WT_Cand_8289,6.121,0.269,Low-Confidence (Filtered Out)
WT_Cand_8290,4.658,0.025,High-Confidence (Std <= 0.20)
WT_Cand_8291,6.748,0.008,High-Confidence (Std <= 0.20)
WT_Cand_8292,9.392,0.11,High-Confidence (Std <= 0.20)
WT_Cand_8293,7.776,0.08,High-Confidence (Std <= 0.20)
WT_Cand_8294,9.369,0.132,High-Confidence (Std <= 0.20)
WT_Cand_8295,7.865,0.494,Low-Confidence (Filtered Out)
WT_Cand_8296,8.032,0.275,Low-Confidence (Filtered Out)
WT_Cand_8297,9.12,0.067,High-Confidence (Std <= 0.20)
WT_Cand_8298,7.284,0.165,High-Confidence (Std <= 0.20)
WT_Cand_8299,6.635,0.149,High-Confidence (Std <= 0.20)
WT_Cand_8300,8.038,0.307,Low-Confidence (Filtered Out)
WT_Cand_8301,8.522,0.283,Low-Confidence (Filtered Out)
WT_Cand_8302,6.298,0.131,High-Confidence (Std <= 0.20)
WT_Cand_8303,6.02,0.235,Low-Confidence (Filtered Out)
WT_Cand_8304,7.01,0.351,Low-Confidence (Filtered Out)
WT_Cand_8305,7.806,0.247,Low-Confidence (Filtered Out)
WT_Cand_8306,7.768,0.065,High-Confidence (Std <= 0.20)
WT_Cand_8307,5.212,0.067,High-Confidence (Std <= 0.20)
WT_Cand_8308,9.048,0.019,High-Confidence (Std <= 0.20)
WT_Cand_8309,6.113,0.062,High-Confidence (Std <= 0.20)
WT_Cand_8310,6.545,0.071,High-Confidence (Std <= 0.20)
WT_Cand_8311,5.812,0.04,High-Confidence (Std <= 0.20)
WT_Cand_8312,9.953,0.03,High-Confidence (Std <= 0.20)
WT_Cand_8313,7.128,0.089,High-Confidence (Std <= 0.20)
WT_Cand_8314,5.871,0.154,High-Confidence (Std <= 0.20)
WT_Cand_8315,7.844,0.06,High-Confidence (Std <= 0.20)
WT_Cand_8316,7.735,0.447,Low-Confidence (Filtered Out)
WT_Cand_8317,6.634,0.039,High-Confidence (Std <= 0.20)
WT_Cand_8318,7.817,0.003,High-Confidence (Std <= 0.20)
WT_Cand_8319,5.901,0.125,High-Confidence (Std <= 0.20)
WT_Cand_8320,6.283,0.262,Low-Confidence (Filtered Out)
WT_Cand_8321,4.538,0.086,High-Confidence (Std <= 0.20)
WT_Cand_8322,5.327,0.096,High-Confidence (Std <= 0.20)
WT_Cand_8323,8.929,0.556,Low-Confidence (Filtered Out)
WT_Cand_8324,8.738,0.28,Low-Confidence (Filtered Out)
WT_Cand_8325,6.926,0.168,High-Confidence (Std <= 0.20)
WT_Cand_8326,8.762,0.132,High-Confidence (Std <= 0.20)
WT_Cand_8327,6.666,0.375,Low-Confidence (Filtered Out)
WT_Cand_8328,6.57,0.134,High-Confidence (Std <= 0.20)
WT_Cand_8329,6.915,0.025,High-Confidence (Std <= 0.20)
WT_Cand_8330,6.706,0.226,Low-Confidence (Filtered Out)
WT_Cand_8331,6.603,0.288,Low-Confidence (Filtered Out)
WT_Cand_8332,8.165,0.093,High-Confidence (Std <= 0.20)
WT_Cand_8333,7.023,0.074,High-Confidence (Std <= 0.20)
WT_Cand_8334,7.669,0.115,High-Confidence (Std <= 0.20)
WT_Cand_8335,8.036,0.058,High-Confidence (Std <= 0.20)
WT_Cand_8336,7.296,0.038,High-Confidence (Std <= 0.20)
WT_Cand_8337,5.734,0.126,High-Confidence (Std <= 0.20)
WT_Cand_8338,5.294,0.278,Low-Confidence (Filtered Out)
WT_Cand_8339,7.021,0.518,Low-Confidence (Filtered Out)
WT_Cand_8340,6.653,0.134,High-Confidence (Std <= 0.20)
WT_Cand_8341,6.951,0.45,Low-Confidence (Filtered Out)
WT_Cand_8342,6.832,0.036,High-Confidence (Std <= 0.20)
WT_Cand_8343,9.821,0.268,Low-Confidence (Filtered Out)
WT_Cand_8344,5.32,0.091,High-Confidence (Std <= 0.20)
WT_Cand_8345,4.562,0.673,Low-Confidence (Filtered Out)
WT_Cand_8346,7.232,0.066,High-Confidence (Std <= 0.20)
WT_Cand_8347,6.417,0.167,High-Confidence (Std <= 0.20)
WT_Cand_8348,7.213,0.016,High-Confidence (Std <= 0.20)
WT_Cand_8349,7.521,0.083,High-Confidence (Std <= 0.20)
WT_Cand_8350,8.327,0.312,Low-Confidence (Filtered Out)
WT_Cand_8351,5.117,0.26,Low-Confidence (Filtered Out)
WT_Cand_8352,6.21,0.168,High-Confidence (Std <= 0.20)
WT_Cand_8353,7.343,0.27,Low-Confidence (Filtered Out)
WT_Cand_8354,7.736,0.122,High-Confidence (Std <= 0.20)
WT_Cand_8355,9.372,0.485,Low-Confidence (Filtered Out)
WT_Cand_8356,7.949,0.015,High-Confidence (Std <= 0.20)
WT_Cand_8357,6.785,0.164,High-Confidence (Std <= 0.20)
WT_Cand_8358,5.826,0.019,High-Confidence (Std <= 0.20)
WT_Cand_8359,6.201,0.041,High-Confidence (Std <= 0.20)
WT_Cand_8360,6.168,0.077,High-Confidence (Std <= 0.20)
WT_Cand_8361,7.604,0.094,High-Confidence (Std <= 0.20)
WT_Cand_8362,7.146,0.124,High-Confidence (Std <= 0.20)
WT_Cand_8363,5.328,0.126,High-Confidence (Std <= 0.20)
WT_Cand_8364,6.349,0.071,High-Confidence (Std <= 0.20)
WT_Cand_8365,7.859,0.136,High-Confidence (Std <= 0.20)
WT_Cand_8366,7.254,0.029,High-Confidence (Std <= 0.20)
WT_Cand_8367,7.504,0.285,Low-Confidence (Filtered Out)
WT_Cand_8368,7.29,0.233,Low-Confidence (Filtered Out)
WT_Cand_8369,8.72,0.479,Low-Confidence (Filtered Out)
WT_Cand_8370,7.121,0.199,High-Confidence (Std <= 0.20)
WT_Cand_8371,6.406,0.221,Low-Confidence (Filtered Out)
WT_Cand_8372,5.797,0.218,Low-Confidence (Filtered Out)
WT_Cand_8373,7.137,0.052,High-Confidence (Std <= 0.20)
WT_Cand_8374,4.043,0.162,High-Confidence (Std <= 0.20)
WT_Cand_8375,6.638,0.087,High-Confidence (Std <= 0.20)
WT_Cand_8376,6.613,0.178,High-Confidence (Std <= 0.20)
WT_Cand_8377,5.281,0.204,Low-Confidence (Filtered Out)
WT_Cand_8378,5.782,0.256,Low-Confidence (Filtered Out)
WT_Cand_8379,7.781,0.217,Low-Confidence (Filtered Out)
WT_Cand_8380,7.115,0.222,Low-Confidence (Filtered Out)
WT_Cand_8381,6.967,0.093,High-Confidence (Std <= 0.20)
WT_Cand_8382,7.202,0.209,Low-Confidence (Filtered Out)
WT_Cand_8383,6.957,0.143,High-Confidence (Std <= 0.20)
WT_Cand_8384,8.279,0.352,Low-Confidence (Filtered Out)
WT_Cand_8385,6.992,0.103,High-Confidence (Std <= 0.20)
WT_Cand_8386,5.173,0.021,High-Confidence (Std <= 0.20)
WT_Cand_8387,8.725,0.064,High-Confidence (Std <= 0.20)
WT_Cand_8388,7.276,0.039,High-Confidence (Std <= 0.20)
WT_Cand_8389,6.172,0.183,High-Confidence (Std <= 0.20)
WT_Cand_8390,5.409,0.28,Low-Confidence (Filtered Out)
WT_Cand_8391,7.305,0.032,High-Confidence (Std <= 0.20)
WT_Cand_8392,6.715,0.231,Low-Confidence (Filtered Out)
WT_Cand_8393,8.66,0.217,Low-Confidence (Filtered Out)
WT_Cand_8394,6.452,0.461,Low-Confidence (Filtered Out)
WT_Cand_8395,5.887,0.323,Low-Confidence (Filtered Out)
WT_Cand_8396,7.88,0.065,High-Confidence (Std <= 0.20)
WT_Cand_8397,7.914,0.094,High-Confidence (Std <= 0.20)
WT_Cand_8398,7.044,0.103,High-Confidence (Std <= 0.20)
WT_Cand_8399,7.628,0.412,Low-Confidence (Filtered Out)
WT_Cand_8400,6.807,0.485,Low-Confidence (Filtered Out)
WT_Cand_8401,7.119,0.21,Low-Confidence (Filtered Out)
WT_Cand_8402,8.19,0.024,High-Confidence (Std <= 0.20)
WT_Cand_8403,7.569,0.117,High-Confidence (Std <= 0.20)
WT_Cand_8404,6.655,0.647,Low-Confidence (Filtered Out)
WT_Cand_8405,8.405,0.147,High-Confidence (Std <= 0.20)
WT_Cand_8406,4.13,0.134,High-Confidence (Std <= 0.20)
WT_Cand_8407,9.21,0.368,Low-Confidence (Filtered Out)
WT_Cand_8408,4.888,0.026,High-Confidence (Std <= 0.20)
WT_Cand_8409,6.129,0.4,Low-Confidence (Filtered Out)
WT_Cand_8410,6.803,0.24,Low-Confidence (Filtered Out)
WT_Cand_8411,6.682,0.233,Low-Confidence (Filtered Out)
WT_Cand_8412,8.007,0.01,High-Confidence (Std <= 0.20)
WT_Cand_8413,5.633,0.071,High-Confidence (Std <= 0.20)
WT_Cand_8414,7.15,0.215,Low-Confidence (Filtered Out)
WT_Cand_8415,6.185,0.038,High-Confidence (Std <= 0.20)
WT_Cand_8416,7.189,0.201,Low-Confidence (Filtered Out)
WT_Cand_8417,6.776,0.039,High-Confidence (Std <= 0.20)
WT_Cand_8418,6.957,0.021,High-Confidence (Std <= 0.20)
WT_Cand_8419,6.218,0.208,Low-Confidence (Filtered Out)
WT_Cand_8420,6.263,0.148,High-Confidence (Std <= 0.20)
WT_Cand_8421,7.18,0.119,High-Confidence (Std <= 0.20)
WT_Cand_8422,7.935,0.13,High-Confidence (Std <= 0.20)
WT_Cand_8423,6.162,0.13,High-Confidence (Std <= 0.20)
WT_Cand_8424,5.851,0.014,High-Confidence (Std <= 0.20)
WT_Cand_8425,7.555,0.279,Low-Confidence (Filtered Out)
WT_Cand_8426,6.813,0.382,Low-Confidence (Filtered Out)
WT_Cand_8427,7.805,0.52,Low-Confidence (Filtered Out)
WT_Cand_8428,5.808,0.178,High-Confidence (Std <= 0.20)
WT_Cand_8429,4.804,0.021,High-Confidence (Std <= 0.20)
WT_Cand_8430,6.237,0.272,Low-Confidence (Filtered Out)
WT_Cand_8431,5.969,0.156,High-Confidence (Std <= 0.20)
WT_Cand_8432,6.759,0.167,High-Confidence (Std <= 0.20)
WT_Cand_8433,6.118,0.052,High-Confidence (Std <= 0.20)
WT_Cand_8434,7.702,0.201,Low-Confidence (Filtered Out)
WT_Cand_8435,6.519,0.279,Low-Confidence (Filtered Out)
WT_Cand_8436,7.023,0.157,High-Confidence (Std <= 0.20)
WT_Cand_8437,7.031,0.083,High-Confidence (Std <= 0.20)
WT_Cand_8438,7.074,0.091,High-Confidence (Std <= 0.20)
WT_Cand_8439,6.822,0.171,High-Confidence (Std <= 0.20)
WT_Cand_8440,7.437,0.087,High-Confidence (Std <= 0.20)
WT_Cand_8441,5.935,0.034,High-Confidence (Std <= 0.20)
WT_Cand_8442,8.459,0.268,Low-Confidence (Filtered Out)
WT_Cand_8443,6.578,0.141,High-Confidence (Std <= 0.20)
WT_Cand_8444,5.342,0.159,High-Confidence (Std <= 0.20)
WT_Cand_8445,7.066,0.068,High-Confidence (Std <= 0.20)
WT_Cand_8446,5.871,0.034,High-Confidence (Std <= 0.20)
WT_Cand_8447,7.615,0.055,High-Confidence (Std <= 0.20)
WT_Cand_8448,9.391,0.078,High-Confidence (Std <= 0.20)
WT_Cand_8449,5.945,0.085,High-Confidence (Std <= 0.20)
WT_Cand_8450,7.232,0.12,High-Confidence (Std <= 0.20)
WT_Cand_8451,4.831,0.308,Low-Confidence (Filtered Out)
WT_Cand_8452,7.372,0.246,Low-Confidence (Filtered Out)
WT_Cand_8453,5.831,0.23,Low-Confidence (Filtered Out)
WT_Cand_8454,6.131,0.036,High-Confidence (Std <= 0.20)
WT_Cand_8455,5.584,0.218,Low-Confidence (Filtered Out)
WT_Cand_8456,7.692,0.302,Low-Confidence (Filtered Out)
WT_Cand_8457,8.008,0.085,High-Confidence (Std <= 0.20)
WT_Cand_8458,6.877,0.033,High-Confidence (Std <= 0.20)
WT_Cand_8459,5.856,0.205,Low-Confidence (Filtered Out)
WT_Cand_8460,8.678,0.242,Low-Confidence (Filtered Out)
WT_Cand_8461,5.987,0.132,High-Confidence (Std <= 0.20)
WT_Cand_8462,4.364,0.276,Low-Confidence (Filtered Out)
WT_Cand_8463,7.377,0.141,High-Confidence (Std <= 0.20)
WT_Cand_8464,5.58,0.048,High-Confidence (Std <= 0.20)
WT_Cand_8465,7.987,0.139,High-Confidence (Std <= 0.20)
WT_Cand_8466,6.412,0.154,High-Confidence (Std <= 0.20)
WT_Cand_8467,7.544,0.13,High-Confidence (Std <= 0.20)
WT_Cand_8468,8.462,0.024,High-Confidence (Std <= 0.20)
WT_Cand_8469,5.46,0.448,Low-Confidence (Filtered Out)
WT_Cand_8470,6.199,0.645,Low-Confidence (Filtered Out)
WT_Cand_8471,6.763,0.106,High-Confidence (Std <= 0.20)
WT_Cand_8472,8.618,0.117,High-Confidence (Std <= 0.20)
WT_Cand_8473,6.093,0.14,High-Confidence (Std <= 0.20)
WT_Cand_8474,6.166,0.123,High-Confidence (Std <= 0.20)
WT_Cand_8475,7.4,0.049,High-Confidence (Std <= 0.20)
WT_Cand_8476,6.186,0.26,Low-Confidence (Filtered Out)
WT_Cand_8477,7.025,0.27,Low-Confidence (Filtered Out)
WT_Cand_8478,5.066,0.121,High-Confidence (Std <= 0.20)
WT_Cand_8479,9.396,0.113,High-Confidence (Std <= 0.20)
WT_Cand_8480,5.3,0.11,High-Confidence (Std <= 0.20)
WT_Cand_8481,6.48,0.254,Low-Confidence (Filtered Out)
WT_Cand_8482,6.813,0.137,High-Confidence (Std <= 0.20)
WT_Cand_8483,9.05,0.105,High-Confidence (Std <= 0.20)
WT_Cand_8484,5.326,0.034,High-Confidence (Std <= 0.20)
WT_Cand_8485,9.131,0.288,Low-Confidence (Filtered Out)
WT_Cand_8486,7.721,0.062,High-Confidence (Std <= 0.20)
WT_Cand_8487,7.33,0.033,High-Confidence (Std <= 0.20)
WT_Cand_8488,5.718,0.219,Low-Confidence (Filtered Out)
WT_Cand_8489,7.507,0.136,High-Confidence (Std <= 0.20)
WT_Cand_8490,6.018,0.67,Low-Confidence (Filtered Out)
WT_Cand_8491,8.307,0.027,High-Confidence (Std <= 0.20)
WT_Cand_8492,5.733,0.075,High-Confidence (Std <= 0.20)
WT_Cand_8493,6.72,0.219,Low-Confidence (Filtered Out)
WT_Cand_8494,6.211,0.129,High-Confidence (Std <= 0.20)
WT_Cand_8495,5.714,0.156,High-Confidence (Std <= 0.20)
WT_Cand_8496,7.703,0.156,High-Confidence (Std <= 0.20)
WT_Cand_8497,7.466,0.015,High-Confidence (Std <= 0.20)
WT_Cand_8498,8.24,0.165,High-Confidence (Std <= 0.20)
WT_Cand_8499,4.803,0.247,Low-Confidence (Filtered Out)
WT_Cand_8500,8.074,0.053,High-Confidence (Std <= 0.20)
WT_Cand_8501,9.731,0.057,High-Confidence (Std <= 0.20)
WT_Cand_8502,6.331,0.087,High-Confidence (Std <= 0.20)
WT_Cand_8503,9.029,0.032,High-Confidence (Std <= 0.20)
WT_Cand_8504,6.547,0.046,High-Confidence (Std <= 0.20)
WT_Cand_8505,5.272,0.142,High-Confidence (Std <= 0.20)
WT_Cand_8506,6.499,0.357,Low-Confidence (Filtered Out)
WT_Cand_8507,8.055,0.077,High-Confidence (Std <= 0.20)
WT_Cand_8508,5.886,0.478,Low-Confidence (Filtered Out)
WT_Cand_8509,6.16,0.076,High-Confidence (Std <= 0.20)
WT_Cand_8510,7.533,0.266,Low-Confidence (Filtered Out)
WT_Cand_8511,6.854,0.061,High-Confidence (Std <= 0.20)
WT_Cand_8512,7.522,0.186,High-Confidence (Std <= 0.20)
WT_Cand_8513,7.124,0.431,Low-Confidence (Filtered Out)
WT_Cand_8514,7.402,0.224,Low-Confidence (Filtered Out)
WT_Cand_8515,6.353,0.117,High-Confidence (Std <= 0.20)
WT_Cand_8516,7.116,0.11,High-Confidence (Std <= 0.20)
WT_Cand_8517,5.784,0.188,High-Confidence (Std <= 0.20)
WT_Cand_8518,8.332,0.241,Low-Confidence (Filtered Out)
WT_Cand_8519,6.121,0.264,Low-Confidence (Filtered Out)
WT_Cand_8520,8.148,0.144,High-Confidence (Std <= 0.20)
WT_Cand_8521,6.581,0.182,High-Confidence (Std <= 0.20)
WT_Cand_8522,7.082,0.058,High-Confidence (Std <= 0.20)
WT_Cand_8523,6.281,0.204,Low-Confidence (Filtered Out)
WT_Cand_8524,5.682,0.062,High-Confidence (Std <= 0.20)
WT_Cand_8525,4.844,0.158,High-Confidence (Std <= 0.20)
WT_Cand_8526,5.636,0.096,High-Confidence (Std <= 0.20)
WT_Cand_8527,6.478,0.397,Low-Confidence (Filtered Out)
WT_Cand_8528,7.094,0.143,High-Confidence (Std <= 0.20)
WT_Cand_8529,8.012,0.43,Low-Confidence (Filtered Out)
WT_Cand_8530,6.337,0.131,High-Confidence (Std <= 0.20)
WT_Cand_8531,5.836,0.487,Low-Confidence (Filtered Out)
WT_Cand_8532,5.191,0.212,Low-Confidence (Filtered Out)
WT_Cand_8533,7.402,0.098,High-Confidence (Std <= 0.20)
WT_Cand_8534,8.441,0.068,High-Confidence (Std <= 0.20)
WT_Cand_8535,8.306,0.035,High-Confidence (Std <= 0.20)
WT_Cand_8536,7.666,0.064,High-Confidence (Std <= 0.20)
WT_Cand_8537,7.584,0.08,High-Confidence (Std <= 0.20)
WT_Cand_8538,8.802,0.019,High-Confidence (Std <= 0.20)
WT_Cand_8539,7.232,0.115,High-Confidence (Std <= 0.20)
WT_Cand_8540,7.593,0.204,Low-Confidence (Filtered Out)
WT_Cand_8541,6.481,0.682,Low-Confidence (Filtered Out)
WT_Cand_8542,5.284,0.368,Low-Confidence (Filtered Out)
WT_Cand_8543,6.064,0.111,High-Confidence (Std <= 0.20)
WT_Cand_8544,6.839,0.14,High-Confidence (Std <= 0.20)
WT_Cand_8545,6.92,0.22,Low-Confidence (Filtered Out)
WT_Cand_8546,9.065,0.119,High-Confidence (Std <= 0.20)
WT_Cand_8547,6.943,0.146,High-Confidence (Std <= 0.20)
WT_Cand_8548,8.206,0.064,High-Confidence (Std <= 0.20)
WT_Cand_8549,6.35,0.135,High-Confidence (Std <= 0.20)
WT_Cand_8550,6.492,0.152,High-Confidence (Std <= 0.20)
WT_Cand_8551,5.322,0.036,High-Confidence (Std <= 0.20)
WT_Cand_8552,5.996,0.215,Low-Confidence (Filtered Out)
WT_Cand_8553,7.456,0.224,Low-Confidence (Filtered Out)
WT_Cand_8554,6.859,0.231,Low-Confidence (Filtered Out)
WT_Cand_8555,7.934,0.065,High-Confidence (Std <= 0.20)
WT_Cand_8556,7.058,0.43,Low-Confidence (Filtered Out)
WT_Cand_8557,6.445,0.099,High-Confidence (Std <= 0.20)
WT_Cand_8558,9.321,0.04,High-Confidence (Std <= 0.20)
WT_Cand_8559,6.742,0.408,Low-Confidence (Filtered Out)
WT_Cand_8560,8.187,0.05,High-Confidence (Std <= 0.20)
WT_Cand_8561,6.389,0.178,High-Confidence (Std <= 0.20)
WT_Cand_8562,7.666,0.077,High-Confidence (Std <= 0.20)
WT_Cand_8563,7.917,0.023,High-Confidence (Std <= 0.20)
WT_Cand_8564,7.09,0.049,High-Confidence (Std <= 0.20)
WT_Cand_8565,4.142,0.373,Low-Confidence (Filtered Out)
WT_Cand_8566,6.871,0.141,High-Confidence (Std <= 0.20)
WT_Cand_8567,8.265,0.084,High-Confidence (Std <= 0.20)
WT_Cand_8568,7.457,0.106,High-Confidence (Std <= 0.20)
WT_Cand_8569,7.363,0.042,High-Confidence (Std <= 0.20)
WT_Cand_8570,4.869,0.059,High-Confidence (Std <= 0.20)
WT_Cand_8571,6.021,0.265,Low-Confidence (Filtered Out)
WT_Cand_8572,7.323,0.165,High-Confidence (Std <= 0.20)
WT_Cand_8573,7.322,0.134,High-Confidence (Std <= 0.20)
WT_Cand_8574,8.247,0.115,High-Confidence (Std <= 0.20)
WT_Cand_8575,6.683,0.019,High-Confidence (Std <= 0.20)
WT_Cand_8576,7.317,0.124,High-Confidence (Std <= 0.20)
WT_Cand_8577,6.869,0.265,Low-Confidence (Filtered Out)
WT_Cand_8578,5.715,0.075,High-Confidence (Std <= 0.20)
WT_Cand_8579,4.256,0.125,High-Confidence (Std <= 0.20)
WT_Cand_8580,7.346,0.348,Low-Confidence (Filtered Out)
WT_Cand_8581,7.05,0.435,Low-Confidence (Filtered Out)
WT_Cand_8582,6.139,0.433,Low-Confidence (Filtered Out)
WT_Cand_8583,4.988,0.022,High-Confidence (Std <= 0.20)
WT_Cand_8584,7.574,0.283,Low-Confidence (Filtered Out)
WT_Cand_8585,6.544,0.295,Low-Confidence (Filtered Out)
WT_Cand_8586,7.49,0.132,High-Confidence (Std <= 0.20)
WT_Cand_8587,8.994,0.096,High-Confidence (Std <= 0.20)
WT_Cand_8588,4.387,0.281,Low-Confidence (Filtered Out)
WT_Cand_8589,6.045,0.148,High-Confidence (Std <= 0.20)
WT_Cand_8590,6.609,0.058,High-Confidence (Std <= 0.20)
WT_Cand_8591,8.523,0.236,Low-Confidence (Filtered Out)
WT_Cand_8592,4.968,0.339,Low-Confidence (Filtered Out)
WT_Cand_8593,9.076,0.265,Low-Confidence (Filtered Out)
WT_Cand_8594,7.006,0.278,Low-Confidence (Filtered Out)
WT_Cand_8595,6.74,0.041,High-Confidence (Std <= 0.20)
WT_Cand_8596,6.622,0.082,High-Confidence (Std <= 0.20)
WT_Cand_8597,6.348,0.168,High-Confidence (Std <= 0.20)
WT_Cand_8598,8.055,0.401,Low-Confidence (Filtered Out)
WT_Cand_8599,5.621,0.061,High-Confidence (Std <= 0.20)
WT_Cand_8600,7.247,0.385,Low-Confidence (Filtered Out)
WT_Cand_8601,6.408,0.015,High-Confidence (Std <= 0.20)
WT_Cand_8602,5.974,0.349,Low-Confidence (Filtered Out)
WT_Cand_8603,9.824,0.325,Low-Confidence (Filtered Out)
WT_Cand_8604,7.332,0.565,Low-Confidence (Filtered Out)
WT_Cand_8605,7.555,0.294,Low-Confidence (Filtered Out)
WT_Cand_8606,8.158,0.181,High-Confidence (Std <= 0.20)
WT_Cand_8607,5.215,0.097,High-Confidence (Std <= 0.20)
WT_Cand_8608,8.865,0.086,High-Confidence (Std <= 0.20)
WT_Cand_8609,3.965,0.128,High-Confidence (Std <= 0.20)
WT_Cand_8610,5.966,0.091,High-Confidence (Std <= 0.20)
WT_Cand_8611,6.322,0.236,Low-Confidence (Filtered Out)
WT_Cand_8612,7.519,0.288,Low-Confidence (Filtered Out)
WT_Cand_8613,7.102,0.056,High-Confidence (Std <= 0.20)
WT_Cand_8614,6.658,0.3,Low-Confidence (Filtered Out)
WT_Cand_8615,6.836,0.192,High-Confidence (Std <= 0.20)
WT_Cand_8616,5.725,0.104,High-Confidence (Std <= 0.20)
WT_Cand_8617,5.128,0.343,Low-Confidence (Filtered Out)
WT_Cand_8618,7.685,0.065,High-Confidence (Std <= 0.20)
WT_Cand_8619,7.648,0.034,High-Confidence (Std <= 0.20)
WT_Cand_8620,8.672,0.062,High-Confidence (Std <= 0.20)
WT_Cand_8621,5.941,0.082,High-Confidence (Std <= 0.20)
WT_Cand_8622,7.647,0.332,Low-Confidence (Filtered Out)
WT_Cand_8623,6.524,0.32,Low-Confidence (Filtered Out)
WT_Cand_8624,8.219,0.142,High-Confidence (Std <= 0.20)
WT_Cand_8625,8.025,0.011,High-Confidence (Std <= 0.20)
WT_Cand_8626,7.093,0.069,High-Confidence (Std <= 0.20)
WT_Cand_8627,6.46,0.525,Low-Confidence (Filtered Out)
WT_Cand_8628,7.955,0.274,Low-Confidence (Filtered Out)
WT_Cand_8629,7.594,0.01,High-Confidence (Std <= 0.20)
WT_Cand_8630,6.063,0.004,High-Confidence (Std <= 0.20)
WT_Cand_8631,5.323,0.264,Low-Confidence (Filtered Out)
WT_Cand_8632,6.518,0.392,Low-Confidence (Filtered Out)
WT_Cand_8633,8.593,0.046,High-Confidence (Std <= 0.20)
WT_Cand_8634,8.168,0.066,High-Confidence (Std <= 0.20)
WT_Cand_8635,5.571,0.311,Low-Confidence (Filtered Out)
WT_Cand_8636,5.507,0.104,High-Confidence (Std <= 0.20)
WT_Cand_8637,8.316,0.118,High-Confidence (Std <= 0.20)
WT_Cand_8638,5.544,0.113,High-Confidence (Std <= 0.20)
WT_Cand_8639,7.436,0.155,High-Confidence (Std <= 0.20)
WT_Cand_8640,6.142,0.185,High-Confidence (Std <= 0.20)
WT_Cand_8641,8.71,0.558,Low-Confidence (Filtered Out)
WT_Cand_8642,5.964,0.096,High-Confidence (Std <= 0.20)
WT_Cand_8643,8.165,0.117,High-Confidence (Std <= 0.20)
WT_Cand_8644,7.063,0.041,High-Confidence (Std <= 0.20)
WT_Cand_8645,7.14,0.154,High-Confidence (Std <= 0.20)
WT_Cand_8646,4.584,0.33,Low-Confidence (Filtered Out)
WT_Cand_8647,4.317,0.065,High-Confidence (Std <= 0.20)
WT_Cand_8648,6.596,0.056,High-Confidence (Std <= 0.20)
WT_Cand_8649,7.134,0.307,Low-Confidence (Filtered Out)
WT_Cand_8650,5.556,0.184,High-Confidence (Std <= 0.20)
WT_Cand_8651,5.598,0.056,High-Confidence (Std <= 0.20)
WT_Cand_8652,7.496,0.161,High-Confidence (Std <= 0.20)
WT_Cand_8653,7.497,0.05,High-Confidence (Std <= 0.20)
WT_Cand_8654,6.692,0.1,High-Confidence (Std <= 0.20)
WT_Cand_8655,7.747,0.11,High-Confidence (Std <= 0.20)
WT_Cand_8656,5.5,0.304,Low-Confidence (Filtered Out)
WT_Cand_8657,6.441,0.225,Low-Confidence (Filtered Out)
WT_Cand_8658,8.745,0.318,Low-Confidence (Filtered Out)
WT_Cand_8659,6.929,0.099,High-Confidence (Std <= 0.20)
WT_Cand_8660,6.995,0.207,Low-Confidence (Filtered Out)
WT_Cand_8661,9.502,0.054,High-Confidence (Std <= 0.20)
WT_Cand_8662,5.241,0.033,High-Confidence (Std <= 0.20)
WT_Cand_8663,7.766,0.269,Low-Confidence (Filtered Out)
WT_Cand_8664,8.764,0.488,Low-Confidence (Filtered Out)
WT_Cand_8665,6.476,0.115,High-Confidence (Std <= 0.20)
WT_Cand_8666,7.839,0.221,Low-Confidence (Filtered Out)
WT_Cand_8667,5.721,0.216,Low-Confidence (Filtered Out)
WT_Cand_8668,6.06,0.453,Low-Confidence (Filtered Out)
WT_Cand_8669,7.293,0.1,High-Confidence (Std <= 0.20)
WT_Cand_8670,7.768,0.15,High-Confidence (Std <= 0.20)
WT_Cand_8671,8.139,0.056,High-Confidence (Std <= 0.20)
WT_Cand_8672,8.655,0.037,High-Confidence (Std <= 0.20)
WT_Cand_8673,6.772,0.245,Low-Confidence (Filtered Out)
WT_Cand_8674,8.223,0.069,High-Confidence (Std <= 0.20)
WT_Cand_8675,6.456,0.073,High-Confidence (Std <= 0.20)
WT_Cand_8676,7.887,0.203,Low-Confidence (Filtered Out)
WT_Cand_8677,7.089,0.108,High-Confidence (Std <= 0.20)
WT_Cand_8678,7.363,0.249,Low-Confidence (Filtered Out)
WT_Cand_8679,7.337,0.253,Low-Confidence (Filtered Out)
WT_Cand_8680,5.005,0.163,High-Confidence (Std <= 0.20)
WT_Cand_8681,5.557,0.147,High-Confidence (Std <= 0.20)
WT_Cand_8682,6.968,0.481,Low-Confidence (Filtered Out)
WT_Cand_8683,4.91,0.123,High-Confidence (Std <= 0.20)
WT_Cand_8684,7.806,0.262,Low-Confidence (Filtered Out)
WT_Cand_8685,7.852,0.051,High-Confidence (Std <= 0.20)
WT_Cand_8686,7.226,0.144,High-Confidence (Std <= 0.20)
WT_Cand_8687,5.561,0.263,Low-Confidence (Filtered Out)
WT_Cand_8688,8.437,0.059,High-Confidence (Std <= 0.20)
WT_Cand_8689,9.193,0.13,High-Confidence (Std <= 0.20)
WT_Cand_8690,7.019,0.14,High-Confidence (Std <= 0.20)
WT_Cand_8691,7.437,0.062,High-Confidence (Std <= 0.20)
WT_Cand_8692,7.082,0.074,High-Confidence (Std <= 0.20)
WT_Cand_8693,7.46,0.049,High-Confidence (Std <= 0.20)
WT_Cand_8694,6.713,0.009,High-Confidence (Std <= 0.20)
WT_Cand_8695,6.81,0.052,High-Confidence (Std <= 0.20)
WT_Cand_8696,7.892,0.161,High-Confidence (Std <= 0.20)
WT_Cand_8697,9.547,0.077,High-Confidence (Std <= 0.20)
WT_Cand_8698,5.24,0.131,High-Confidence (Std <= 0.20)
WT_Cand_8699,6.731,0.148,High-Confidence (Std <= 0.20)
WT_Cand_8700,5.492,0.113,High-Confidence (Std <= 0.20)
WT_Cand_8701,8.681,0.26,Low-Confidence (Filtered Out)
WT_Cand_8702,6.174,0.608,Low-Confidence (Filtered Out)
WT_Cand_8703,5.19,0.052,High-Confidence (Std <= 0.20)
WT_Cand_8704,7.584,0.303,Low-Confidence (Filtered Out)
WT_Cand_8705,8.856,0.063,High-Confidence (Std <= 0.20)
WT_Cand_8706,7.613,0.19,High-Confidence (Std <= 0.20)
WT_Cand_8707,7.086,0.033,High-Confidence (Std <= 0.20)
WT_Cand_8708,7.321,0.178,High-Confidence (Std <= 0.20)
WT_Cand_8709,8.477,0.095,High-Confidence (Std <= 0.20)
WT_Cand_8710,5.845,0.092,High-Confidence (Std <= 0.20)
WT_Cand_8711,6.721,0.161,High-Confidence (Std <= 0.20)
WT_Cand_8712,6.329,0.046,High-Confidence (Std <= 0.20)
WT_Cand_8713,5.507,0.046,High-Confidence (Std <= 0.20)
WT_Cand_8714,6.472,0.098,High-Confidence (Std <= 0.20)
WT_Cand_8715,8.124,0.297,Low-Confidence (Filtered Out)
WT_Cand_8716,7.502,0.101,High-Confidence (Std <= 0.20)
WT_Cand_8717,7.591,0.617,Low-Confidence (Filtered Out)
WT_Cand_8718,7.018,0.749,Low-Confidence (Filtered Out)
WT_Cand_8719,7.452,0.128,High-Confidence (Std <= 0.20)
WT_Cand_8720,5.929,0.054,High-Confidence (Std <= 0.20)
WT_Cand_8721,6.494,0.143,High-Confidence (Std <= 0.20)
WT_Cand_8722,7.071,0.167,High-Confidence (Std <= 0.20)
WT_Cand_8723,7.169,0.225,Low-Confidence (Filtered Out)
WT_Cand_8724,7.218,0.026,High-Confidence (Std <= 0.20)
WT_Cand_8725,6.691,0.158,High-Confidence (Std <= 0.20)
WT_Cand_8726,6.416,0.37,Low-Confidence (Filtered Out)
WT_Cand_8727,10.481,0.007,High-Confidence (Std <= 0.20)
WT_Cand_8728,7.893,0.058,High-Confidence (Std <= 0.20)
WT_Cand_8729,7.325,0.376,Low-Confidence (Filtered Out)
WT_Cand_8730,6.582,0.075,High-Confidence (Std <= 0.20)
WT_Cand_8731,6.331,0.153,High-Confidence (Std <= 0.20)
WT_Cand_8732,6.7,0.196,High-Confidence (Std <= 0.20)
WT_Cand_8733,7.187,0.058,High-Confidence (Std <= 0.20)
WT_Cand_8734,4.687,0.038,High-Confidence (Std <= 0.20)
WT_Cand_8735,5.045,0.112,High-Confidence (Std <= 0.20)
WT_Cand_8736,6.118,0.322,Low-Confidence (Filtered Out)
WT_Cand_8737,7.088,0.159,High-Confidence (Std <= 0.20)
WT_Cand_8738,6.575,0.039,High-Confidence (Std <= 0.20)
WT_Cand_8739,8.55,0.263,Low-Confidence (Filtered Out)
WT_Cand_8740,5.145,0.042,High-Confidence (Std <= 0.20)
WT_Cand_8741,5.986,0.191,High-Confidence (Std <= 0.20)
WT_Cand_8742,8.598,0.118,High-Confidence (Std <= 0.20)
WT_Cand_8743,7.001,0.089,High-Confidence (Std <= 0.20)
WT_Cand_8744,7.868,0.107,High-Confidence (Std <= 0.20)
WT_Cand_8745,9.209,0.121,High-Confidence (Std <= 0.20)
WT_Cand_8746,6.052,0.132,High-Confidence (Std <= 0.20)
WT_Cand_8747,6.736,0.168,High-Confidence (Std <= 0.20)
WT_Cand_8748,6.537,0.296,Low-Confidence (Filtered Out)
WT_Cand_8749,4.602,0.516,Low-Confidence (Filtered Out)
WT_Cand_8750,6.493,0.136,High-Confidence (Std <= 0.20)
WT_Cand_8751,7.863,0.271,Low-Confidence (Filtered Out)
WT_Cand_8752,7.472,0.151,High-Confidence (Std <= 0.20)
WT_Cand_8753,7.562,0.101,High-Confidence (Std <= 0.20)
WT_Cand_8754,6.418,0.175,High-Confidence (Std <= 0.20)
WT_Cand_8755,6.095,0.026,High-Confidence (Std <= 0.20)
WT_Cand_8756,8.31,0.05,High-Confidence (Std <= 0.20)
WT_Cand_8757,6.278,0.036,High-Confidence (Std <= 0.20)
WT_Cand_8758,7.188,0.166,High-Confidence (Std <= 0.20)
WT_Cand_8759,7.038,0.011,High-Confidence (Std <= 0.20)
WT_Cand_8760,8.531,0.031,High-Confidence (Std <= 0.20)
WT_Cand_8761,7.967,0.016,High-Confidence (Std <= 0.20)
WT_Cand_8762,5.36,0.139,High-Confidence (Std <= 0.20)
WT_Cand_8763,5.484,0.087,High-Confidence (Std <= 0.20)
WT_Cand_8764,7.516,0.108,High-Confidence (Std <= 0.20)
WT_Cand_8765,6.776,0.191,High-Confidence (Std <= 0.20)
WT_Cand_8766,6.327,0.126,High-Confidence (Std <= 0.20)
WT_Cand_8767,8.018,0.097,High-Confidence (Std <= 0.20)
WT_Cand_8768,7.066,0.011,High-Confidence (Std <= 0.20)
WT_Cand_8769,6.91,0.192,High-Confidence (Std <= 0.20)
WT_Cand_8770,7.747,0.01,High-Confidence (Std <= 0.20)
WT_Cand_8771,6.419,0.16,High-Confidence (Std <= 0.20)
WT_Cand_8772,8.654,1.007,Low-Confidence (Filtered Out)
WT_Cand_8773,5.944,0.219,Low-Confidence (Filtered Out)
WT_Cand_8774,7.605,0.069,High-Confidence (Std <= 0.20)
WT_Cand_8775,8.499,0.287,Low-Confidence (Filtered Out)
WT_Cand_8776,5.266,0.579,Low-Confidence (Filtered Out)
WT_Cand_8777,6.455,0.325,Low-Confidence (Filtered Out)
WT_Cand_8778,8.164,0.41,Low-Confidence (Filtered Out)
WT_Cand_8779,8.181,0.054,High-Confidence (Std <= 0.20)
WT_Cand_8780,6.653,0.089,High-Confidence (Std <= 0.20)
WT_Cand_8781,6.005,0.247,Low-Confidence (Filtered Out)
WT_Cand_8782,7.949,0.124,High-Confidence (Std <= 0.20)
WT_Cand_8783,8.211,0.049,High-Confidence (Std <= 0.20)
WT_Cand_8784,5.511,0.222,Low-Confidence (Filtered Out)
WT_Cand_8785,5.465,0.246,Low-Confidence (Filtered Out)
WT_Cand_8786,7.109,0.101,High-Confidence (Std <= 0.20)
WT_Cand_8787,7.574,0.041,High-Confidence (Std <= 0.20)
WT_Cand_8788,6.506,0.085,High-Confidence (Std <= 0.20)
WT_Cand_8789,7.631,0.092,High-Confidence (Std <= 0.20)
WT_Cand_8790,6.033,0.152,High-Confidence (Std <= 0.20)
WT_Cand_8791,4.418,0.033,High-Confidence (Std <= 0.20)
WT_Cand_8792,6.363,0.115,High-Confidence (Std <= 0.20)
WT_Cand_8793,6.923,0.079,High-Confidence (Std <= 0.20)
WT_Cand_8794,6.533,0.224,Low-Confidence (Filtered Out)
WT_Cand_8795,5.518,1.371,Low-Confidence (Filtered Out)
WT_Cand_8796,4.762,0.159,High-Confidence (Std <= 0.20)
WT_Cand_8797,6.259,0.128,High-Confidence (Std <= 0.20)
WT_Cand_8798,7.882,0.188,High-Confidence (Std <= 0.20)
WT_Cand_8799,8.295,0.252,Low-Confidence (Filtered Out)
WT_Cand_8800,8.216,0.002,High-Confidence (Std <= 0.20)
WT_Cand_8801,5.912,0.127,High-Confidence (Std <= 0.20)
WT_Cand_8802,5.523,0.277,Low-Confidence (Filtered Out)
WT_Cand_8803,7.421,0.019,High-Confidence (Std <= 0.20)
WT_Cand_8804,7.58,0.158,High-Confidence (Std <= 0.20)
WT_Cand_8805,7.31,0.299,Low-Confidence (Filtered Out)
WT_Cand_8806,4.534,0.565,Low-Confidence (Filtered Out)
WT_Cand_8807,5.853,0.173,High-Confidence (Std <= 0.20)
WT_Cand_8808,6.816,0.223,Low-Confidence (Filtered Out)
WT_Cand_8809,7.41,0.205,Low-Confidence (Filtered Out)
WT_Cand_8810,7.732,0.026,High-Confidence (Std <= 0.20)
WT_Cand_8811,7.016,0.731,Low-Confidence (Filtered Out)
WT_Cand_8812,7.23,0.186,High-Confidence (Std <= 0.20)
WT_Cand_8813,6.948,0.111,High-Confidence (Std <= 0.20)
WT_Cand_8814,7.638,0.376,Low-Confidence (Filtered Out)
WT_Cand_8815,7.21,0.064,High-Confidence (Std <= 0.20)
WT_Cand_8816,6.926,0.208,Low-Confidence (Filtered Out)
WT_Cand_8817,6.541,0.101,High-Confidence (Std <= 0.20)
WT_Cand_8818,6.943,0.061,High-Confidence (Std <= 0.20)
WT_Cand_8819,7.407,0.14,High-Confidence (Std <= 0.20)
WT_Cand_8820,7.158,0.158,High-Confidence (Std <= 0.20)
WT_Cand_8821,7.288,0.124,High-Confidence (Std <= 0.20)
WT_Cand_8822,8.394,0.786,Low-Confidence (Filtered Out)
WT_Cand_8823,7.155,0.157,High-Confidence (Std <= 0.20)
WT_Cand_8824,6.104,0.096,High-Confidence (Std <= 0.20)
WT_Cand_8825,7.866,0.154,High-Confidence (Std <= 0.20)
WT_Cand_8826,5.279,0.249,Low-Confidence (Filtered Out)
WT_Cand_8827,5.606,0.198,High-Confidence (Std <= 0.20)
WT_Cand_8828,7.236,0.466,Low-Confidence (Filtered Out)
WT_Cand_8829,7.444,0.174,High-Confidence (Std <= 0.20)
WT_Cand_8830,5.418,0.006,High-Confidence (Std <= 0.20)
WT_Cand_8831,6.41,0.159,High-Confidence (Std <= 0.20)
WT_Cand_8832,6.153,0.16,High-Confidence (Std <= 0.20)
WT_Cand_8833,6.29,0.311,Low-Confidence (Filtered Out)
WT_Cand_8834,7.935,0.011,High-Confidence (Std <= 0.20)
WT_Cand_8835,7.662,0.216,Low-Confidence (Filtered Out)
WT_Cand_8836,6.828,0.276,Low-Confidence (Filtered Out)
WT_Cand_8837,6.222,0.162,High-Confidence (Std <= 0.20)
WT_Cand_8838,5.298,0.257,Low-Confidence (Filtered Out)
WT_Cand_8839,8.483,0.051,High-Confidence (Std <= 0.20)
WT_Cand_8840,7.531,0.29,Low-Confidence (Filtered Out)
WT_Cand_8841,6.037,0.041,High-Confidence (Std <= 0.20)
WT_Cand_8842,7.678,0.075,High-Confidence (Std <= 0.20)
WT_Cand_8843,6.769,0.238,Low-Confidence (Filtered Out)
WT_Cand_8844,6.52,0.611,Low-Confidence (Filtered Out)
WT_Cand_8845,7.35,0.531,Low-Confidence (Filtered Out)
WT_Cand_8846,5.997,0.187,High-Confidence (Std <= 0.20)
WT_Cand_8847,6.455,0.02,High-Confidence (Std <= 0.20)
WT_Cand_8848,6.99,0.078,High-Confidence (Std <= 0.20)
WT_Cand_8849,6.276,0.104,High-Confidence (Std <= 0.20)
WT_Cand_8850,7.619,0.003,High-Confidence (Std <= 0.20)
WT_Cand_8851,8.999,0.041,High-Confidence (Std <= 0.20)
WT_Cand_8852,5.983,0.297,Low-Confidence (Filtered Out)
WT_Cand_8853,4.935,0.506,Low-Confidence (Filtered Out)
WT_Cand_8854,4.548,0.336,Low-Confidence (Filtered Out)
WT_Cand_8855,6.677,0.083,High-Confidence (Std <= 0.20)
WT_Cand_8856,6.087,0.247,Low-Confidence (Filtered Out)
WT_Cand_8857,7.089,0.136,High-Confidence (Std <= 0.20)
WT_Cand_8858,7.002,0.04,High-Confidence (Std <= 0.20)
WT_Cand_8859,5.006,0.179,High-Confidence (Std <= 0.20)
WT_Cand_8860,4.763,0.229,Low-Confidence (Filtered Out)
WT_Cand_8861,7.19,0.051,High-Confidence (Std <= 0.20)
WT_Cand_8862,7.006,0.027,High-Confidence (Std <= 0.20)
WT_Cand_8863,6.36,0.085,High-Confidence (Std <= 0.20)
WT_Cand_8864,4.944,0.377,Low-Confidence (Filtered Out)
WT_Cand_8865,7.392,0.265,Low-Confidence (Filtered Out)
WT_Cand_8866,8.313,0.091,High-Confidence (Std <= 0.20)
WT_Cand_8867,7.17,0.056,High-Confidence (Std <= 0.20)
WT_Cand_8868,5.875,0.135,High-Confidence (Std <= 0.20)
WT_Cand_8869,6.901,0.037,High-Confidence (Std <= 0.20)
WT_Cand_8870,5.279,0.163,High-Confidence (Std <= 0.20)
WT_Cand_8871,8.067,0.116,High-Confidence (Std <= 0.20)
WT_Cand_8872,6.944,0.002,High-Confidence (Std <= 0.20)
WT_Cand_8873,4.817,0.096,High-Confidence (Std <= 0.20)
WT_Cand_8874,6.504,0.003,High-Confidence (Std <= 0.20)
WT_Cand_8875,7.383,0.173,High-Confidence (Std <= 0.20)
WT_Cand_8876,6.467,0.034,High-Confidence (Std <= 0.20)
WT_Cand_8877,6.533,0.015,High-Confidence (Std <= 0.20)
WT_Cand_8878,5.442,0.107,High-Confidence (Std <= 0.20)
WT_Cand_8879,7.502,0.098,High-Confidence (Std <= 0.20)
WT_Cand_8880,6.104,0.178,High-Confidence (Std <= 0.20)
WT_Cand_8881,4.37,0.036,High-Confidence (Std <= 0.20)
WT_Cand_8882,6.423,0.413,Low-Confidence (Filtered Out)
WT_Cand_8883,7.978,0.254,Low-Confidence (Filtered Out)
WT_Cand_8884,6.405,0.425,Low-Confidence (Filtered Out)
WT_Cand_8885,8.849,0.112,High-Confidence (Std <= 0.20)
WT_Cand_8886,7.343,0.049,High-Confidence (Std <= 0.20)
WT_Cand_8887,7.24,0.506,Low-Confidence (Filtered Out)
WT_Cand_8888,6.702,0.25,Low-Confidence (Filtered Out)
WT_Cand_8889,6.771,0.104,High-Confidence (Std <= 0.20)
WT_Cand_8890,6.547,0.13,High-Confidence (Std <= 0.20)
WT_Cand_8891,6.502,0.086,High-Confidence (Std <= 0.20)
WT_Cand_8892,7.46,0.305,Low-Confidence (Filtered Out)
WT_Cand_8893,5.774,0.191,High-Confidence (Std <= 0.20)
WT_Cand_8894,5.613,0.213,Low-Confidence (Filtered Out)
WT_Cand_8895,5.558,0.044,High-Confidence (Std <= 0.20)
WT_Cand_8896,9.203,0.119,High-Confidence (Std <= 0.20)
WT_Cand_8897,7.46,0.16,High-Confidence (Std <= 0.20)
WT_Cand_8898,7.2,0.018,High-Confidence (Std <= 0.20)
WT_Cand_8899,5.634,0.188,High-Confidence (Std <= 0.20)
WT_Cand_8900,7.567,0.147,High-Confidence (Std <= 0.20)
WT_Cand_8901,6.716,0.284,Low-Confidence (Filtered Out)
WT_Cand_8902,7.096,0.324,Low-Confidence (Filtered Out)
WT_Cand_8903,5.727,0.596,Low-Confidence (Filtered Out)
WT_Cand_8904,7.034,0.156,High-Confidence (Std <= 0.20)
WT_Cand_8905,6.363,0.096,High-Confidence (Std <= 0.20)
WT_Cand_8906,5.97,0.036,High-Confidence (Std <= 0.20)
WT_Cand_8907,7.694,0.028,High-Confidence (Std <= 0.20)
WT_Cand_8908,5.082,0.128,High-Confidence (Std <= 0.20)
WT_Cand_8909,7.499,0.025,High-Confidence (Std <= 0.20)
WT_Cand_8910,7.637,0.032,High-Confidence (Std <= 0.20)
WT_Cand_8911,5.838,0.133,High-Confidence (Std <= 0.20)
WT_Cand_8912,5.907,0.089,High-Confidence (Std <= 0.20)
WT_Cand_8913,6.594,0.049,High-Confidence (Std <= 0.20)
WT_Cand_8914,7.174,0.095,High-Confidence (Std <= 0.20)
WT_Cand_8915,6.674,0.261,Low-Confidence (Filtered Out)
WT_Cand_8916,7.349,0.192,High-Confidence (Std <= 0.20)
WT_Cand_8917,8.877,0.314,Low-Confidence (Filtered Out)
WT_Cand_8918,6.266,0.112,High-Confidence (Std <= 0.20)
WT_Cand_8919,4.878,0.086,High-Confidence (Std <= 0.20)
WT_Cand_8920,7.8,0.152,High-Confidence (Std <= 0.20)
WT_Cand_8921,8.786,0.033,High-Confidence (Std <= 0.20)
WT_Cand_8922,7.302,0.104,High-Confidence (Std <= 0.20)
WT_Cand_8923,5.599,0.093,High-Confidence (Std <= 0.20)
WT_Cand_8924,6.708,0.877,Low-Confidence (Filtered Out)
WT_Cand_8925,5.564,0.363,Low-Confidence (Filtered Out)
WT_Cand_8926,7.589,0.234,Low-Confidence (Filtered Out)
WT_Cand_8927,5.296,0.197,High-Confidence (Std <= 0.20)
WT_Cand_8928,6.505,0.472,Low-Confidence (Filtered Out)
WT_Cand_8929,5.695,0.196,High-Confidence (Std <= 0.20)
WT_Cand_8930,6.996,0.112,High-Confidence (Std <= 0.20)
WT_Cand_8931,6.429,0.099,High-Confidence (Std <= 0.20)
WT_Cand_8932,7.053,0.249,Low-Confidence (Filtered Out)
WT_Cand_8933,6.876,0.057,High-Confidence (Std <= 0.20)
WT_Cand_8934,5.715,0.28,Low-Confidence (Filtered Out)
WT_Cand_8935,7.571,0.087,High-Confidence (Std <= 0.20)
WT_Cand_8936,6.794,0.05,High-Confidence (Std <= 0.20)
WT_Cand_8937,5.713,0.202,Low-Confidence (Filtered Out)
WT_Cand_8938,9.427,0.116,High-Confidence (Std <= 0.20)
WT_Cand_8939,7.398,0.433,Low-Confidence (Filtered Out)
WT_Cand_8940,6.674,0.115,High-Confidence (Std <= 0.20)
WT_Cand_8941,8.477,0.119,High-Confidence (Std <= 0.20)
WT_Cand_8942,8.968,0.466,Low-Confidence (Filtered Out)
WT_Cand_8943,6.683,0.249,Low-Confidence (Filtered Out)
WT_Cand_8944,7.25,0.184,High-Confidence (Std <= 0.20)
WT_Cand_8945,5.714,0.088,High-Confidence (Std <= 0.20)
WT_Cand_8946,6.681,0.025,High-Confidence (Std <= 0.20)
WT_Cand_8947,6.621,0.187,High-Confidence (Std <= 0.20)
WT_Cand_8948,7.063,0.03,High-Confidence (Std <= 0.20)
WT_Cand_8949,7.233,0.085,High-Confidence (Std <= 0.20)
WT_Cand_8950,7.494,0.047,High-Confidence (Std <= 0.20)
WT_Cand_8951,7.123,0.025,High-Confidence (Std <= 0.20)
WT_Cand_8952,5.458,0.233,Low-Confidence (Filtered Out)
WT_Cand_8953,5.771,0.121,High-Confidence (Std <= 0.20)
WT_Cand_8954,6.222,0.021,High-Confidence (Std <= 0.20)
WT_Cand_8955,6.525,0.086,High-Confidence (Std <= 0.20)
WT_Cand_8956,8.058,0.241,Low-Confidence (Filtered Out)
WT_Cand_8957,5.513,0.001,High-Confidence (Std <= 0.20)
WT_Cand_8958,6.439,0.154,High-Confidence (Std <= 0.20)
WT_Cand_8959,7.946,0.003,High-Confidence (Std <= 0.20)
WT_Cand_8960,6.505,0.1,High-Confidence (Std <= 0.20)
WT_Cand_8961,7.379,0.176,High-Confidence (Std <= 0.20)
WT_Cand_8962,6.69,0.259,Low-Confidence (Filtered Out)
WT_Cand_8963,7.145,0.266,Low-Confidence (Filtered Out)
WT_Cand_8964,6.587,0.278,Low-Confidence (Filtered Out)
WT_Cand_8965,7.617,0.204,Low-Confidence (Filtered Out)
WT_Cand_8966,5.073,0.436,Low-Confidence (Filtered Out)
WT_Cand_8967,6.432,0.213,Low-Confidence (Filtered Out)
WT_Cand_8968,7.191,0.042,High-Confidence (Std <= 0.20)
WT_Cand_8969,7.464,0.066,High-Confidence (Std <= 0.20)
WT_Cand_8970,8.567,0.04,High-Confidence (Std <= 0.20)
WT_Cand_8971,6.4,0.12,High-Confidence (Std <= 0.20)
WT_Cand_8972,8.551,0.094,High-Confidence (Std <= 0.20)
WT_Cand_8973,6.092,0.039,High-Confidence (Std <= 0.20)
WT_Cand_8974,8.378,0.107,High-Confidence (Std <= 0.20)
WT_Cand_8975,7.79,0.145,High-Confidence (Std <= 0.20)
WT_Cand_8976,5.8,0.11,High-Confidence (Std <= 0.20)
WT_Cand_8977,7.203,0.502,Low-Confidence (Filtered Out)
WT_Cand_8978,6.791,0.009,High-Confidence (Std <= 0.20)
WT_Cand_8979,7.569,0.098,High-Confidence (Std <= 0.20)
WT_Cand_8980,6.593,0.24,Low-Confidence (Filtered Out)
WT_Cand_8981,6.497,0.139,High-Confidence (Std <= 0.20)
WT_Cand_8982,8.424,0.114,High-Confidence (Std <= 0.20)
WT_Cand_8983,6.736,0.031,High-Confidence (Std <= 0.20)
WT_Cand_8984,7.8,0.322,Low-Confidence (Filtered Out)
WT_Cand_8985,6.591,0.029,High-Confidence (Std <= 0.20)
WT_Cand_8986,8.767,0.197,High-Confidence (Std <= 0.20)
WT_Cand_8987,6.07,0.145,High-Confidence (Std <= 0.20)
WT_Cand_8988,6.144,0.377,Low-Confidence (Filtered Out)
WT_Cand_8989,8.603,0.058,High-Confidence (Std <= 0.20)
WT_Cand_8990,6.338,0.159,High-Confidence (Std <= 0.20)
WT_Cand_8991,8.691,0.064,High-Confidence (Std <= 0.20)
WT_Cand_8992,7.876,0.178,High-Confidence (Std <= 0.20)
WT_Cand_8993,6.672,0.084,High-Confidence (Std <= 0.20)
WT_Cand_8994,4.765,0.184,High-Confidence (Std <= 0.20)
WT_Cand_8995,6.828,0.144,High-Confidence (Std <= 0.20)
WT_Cand_8996,6.967,0.054,High-Confidence (Std <= 0.20)
WT_Cand_8997,8.192,0.053,High-Confidence (Std <= 0.20)
WT_Cand_8998,8.677,0.11,High-Confidence (Std <= 0.20)
WT_Cand_8999,6.062,0.421,Low-Confidence (Filtered Out)
WT_Cand_9000,7.771,0.208,Low-Confidence (Filtered Out)
WT_Cand_9001,7.73,0.08,High-Confidence (Std <= 0.20)
WT_Cand_9002,8.084,0.299,Low-Confidence (Filtered Out)
WT_Cand_9003,7.423,0.183,High-Confidence (Std <= 0.20)
WT_Cand_9004,4.616,0.251,Low-Confidence (Filtered Out)
WT_Cand_9005,6.671,0.101,High-Confidence (Std <= 0.20)
WT_Cand_9006,5.521,0.234,Low-Confidence (Filtered Out)
WT_Cand_9007,6.617,0.222,Low-Confidence (Filtered Out)
WT_Cand_9008,7.977,0.14,High-Confidence (Std <= 0.20)
WT_Cand_9009,7.201,0.066,High-Confidence (Std <= 0.20)
WT_Cand_9010,8.17,0.177,High-Confidence (Std <= 0.20)
WT_Cand_9011,7.243,0.202,Low-Confidence (Filtered Out)
WT_Cand_9012,5.357,0.008,High-Confidence (Std <= 0.20)
WT_Cand_9013,3.951,0.188,High-Confidence (Std <= 0.20)
WT_Cand_9014,7.021,0.311,Low-Confidence (Filtered Out)
WT_Cand_9015,6.604,0.26,Low-Confidence (Filtered Out)
WT_Cand_9016,5.727,0.057,High-Confidence (Std <= 0.20)
WT_Cand_9017,4.894,0.116,High-Confidence (Std <= 0.20)
WT_Cand_9018,6.005,0.023,High-Confidence (Std <= 0.20)
WT_Cand_9019,6.626,0.206,Low-Confidence (Filtered Out)
WT_Cand_9020,7.616,0.1,High-Confidence (Std <= 0.20)
WT_Cand_9021,7.067,0.397,Low-Confidence (Filtered Out)
WT_Cand_9022,8.699,0.202,Low-Confidence (Filtered Out)
WT_Cand_9023,5.659,0.056,High-Confidence (Std <= 0.20)
WT_Cand_9024,7.863,0.173,High-Confidence (Std <= 0.20)
WT_Cand_9025,6.904,0.042,High-Confidence (Std <= 0.20)
WT_Cand_9026,7.649,0.061,High-Confidence (Std <= 0.20)
WT_Cand_9027,6.348,0.229,Low-Confidence (Filtered Out)
WT_Cand_9028,8.082,0.032,High-Confidence (Std <= 0.20)
WT_Cand_9029,7.19,0.286,Low-Confidence (Filtered Out)
WT_Cand_9030,6.069,0.105,High-Confidence (Std <= 0.20)
WT_Cand_9031,6.836,0.09,High-Confidence (Std <= 0.20)
WT_Cand_9032,6.575,0.179,High-Confidence (Std <= 0.20)
WT_Cand_9033,7.413,0.018,High-Confidence (Std <= 0.20)
WT_Cand_9034,5.493,0.084,High-Confidence (Std <= 0.20)
WT_Cand_9035,6.816,0.079,High-Confidence (Std <= 0.20)
WT_Cand_9036,7.305,0.081,High-Confidence (Std <= 0.20)
WT_Cand_9037,6.888,0.448,Low-Confidence (Filtered Out)
WT_Cand_9038,8.399,0.336,Low-Confidence (Filtered Out)
WT_Cand_9039,7.74,0.142,High-Confidence (Std <= 0.20)
WT_Cand_9040,6.841,0.395,Low-Confidence (Filtered Out)
WT_Cand_9041,7.099,0.044,High-Confidence (Std <= 0.20)
WT_Cand_9042,7.19,0.059,High-Confidence (Std <= 0.20)
WT_Cand_9043,7.314,0.053,High-Confidence (Std <= 0.20)
WT_Cand_9044,4.75,0.378,Low-Confidence (Filtered Out)
WT_Cand_9045,6.503,0.219,Low-Confidence (Filtered Out)
WT_Cand_9046,5.143,0.138,High-Confidence (Std <= 0.20)
WT_Cand_9047,8.32,0.054,High-Confidence (Std <= 0.20)
WT_Cand_9048,6.78,0.11,High-Confidence (Std <= 0.20)
WT_Cand_9049,6.628,0.123,High-Confidence (Std <= 0.20)
WT_Cand_9050,7.881,0.113,High-Confidence (Std <= 0.20)
WT_Cand_9051,7.336,0.281,Low-Confidence (Filtered Out)
WT_Cand_9052,5.552,0.344,Low-Confidence (Filtered Out)
WT_Cand_9053,6.768,0.051,High-Confidence (Std <= 0.20)
WT_Cand_9054,6.465,0.186,High-Confidence (Std <= 0.20)
WT_Cand_9055,4.844,0.313,Low-Confidence (Filtered Out)
WT_Cand_9056,6.056,0.027,High-Confidence (Std <= 0.20)
WT_Cand_9057,6.639,0.043,High-Confidence (Std <= 0.20)
WT_Cand_9058,6.718,0.05,High-Confidence (Std <= 0.20)
WT_Cand_9059,5.145,0.096,High-Confidence (Std <= 0.20)
WT_Cand_9060,8.174,0.126,High-Confidence (Std <= 0.20)
WT_Cand_9061,6.733,0.065,High-Confidence (Std <= 0.20)
WT_Cand_9062,6.893,0.108,High-Confidence (Std <= 0.20)
WT_Cand_9063,7.311,0.281,Low-Confidence (Filtered Out)
WT_Cand_9064,5.944,0.31,Low-Confidence (Filtered Out)
WT_Cand_9065,7.375,0.254,Low-Confidence (Filtered Out)
WT_Cand_9066,6.428,0.06,High-Confidence (Std <= 0.20)
WT_Cand_9067,5.819,0.199,High-Confidence (Std <= 0.20)
WT_Cand_9068,7.509,0.1,High-Confidence (Std <= 0.20)
WT_Cand_9069,8.565,0.029,High-Confidence (Std <= 0.20)
WT_Cand_9070,7.684,0.067,High-Confidence (Std <= 0.20)
WT_Cand_9071,7.911,0.222,Low-Confidence (Filtered Out)
WT_Cand_9072,6.251,0.213,Low-Confidence (Filtered Out)
WT_Cand_9073,5.013,0.01,High-Confidence (Std <= 0.20)
WT_Cand_9074,8.564,0.117,High-Confidence (Std <= 0.20)
WT_Cand_9075,9.213,0.141,High-Confidence (Std <= 0.20)
WT_Cand_9076,8.624,0.123,High-Confidence (Std <= 0.20)
WT_Cand_9077,6.464,0.563,Low-Confidence (Filtered Out)
WT_Cand_9078,5.522,0.055,High-Confidence (Std <= 0.20)
WT_Cand_9079,5.624,0.153,High-Confidence (Std <= 0.20)
WT_Cand_9080,4.914,0.312,Low-Confidence (Filtered Out)
WT_Cand_9081,6.727,0.039,High-Confidence (Std <= 0.20)
WT_Cand_9082,8.697,0.125,High-Confidence (Std <= 0.20)
WT_Cand_9083,6.687,0.282,Low-Confidence (Filtered Out)
WT_Cand_9084,7.198,0.098,High-Confidence (Std <= 0.20)
WT_Cand_9085,8.432,0.156,High-Confidence (Std <= 0.20)
WT_Cand_9086,6.385,0.08,High-Confidence (Std <= 0.20)
WT_Cand_9087,9.191,0.17,High-Confidence (Std <= 0.20)
WT_Cand_9088,9.141,0.122,High-Confidence (Std <= 0.20)
WT_Cand_9089,6.699,0.064,High-Confidence (Std <= 0.20)
WT_Cand_9090,6.186,0.077,High-Confidence (Std <= 0.20)
WT_Cand_9091,7.652,0.087,High-Confidence (Std <= 0.20)
WT_Cand_9092,6.45,0.249,Low-Confidence (Filtered Out)
WT_Cand_9093,5.52,0.163,High-Confidence (Std <= 0.20)
WT_Cand_9094,8.323,0.195,High-Confidence (Std <= 0.20)
WT_Cand_9095,8.249,0.094,High-Confidence (Std <= 0.20)
WT_Cand_9096,7.029,0.008,High-Confidence (Std <= 0.20)
WT_Cand_9097,5.398,0.167,High-Confidence (Std <= 0.20)
WT_Cand_9098,5.436,0.18,High-Confidence (Std <= 0.20)
WT_Cand_9099,6.973,0.064,High-Confidence (Std <= 0.20)
WT_Cand_9100,6.275,0.078,High-Confidence (Std <= 0.20)
WT_Cand_9101,6.458,0.003,High-Confidence (Std <= 0.20)
WT_Cand_9102,8.025,0.078,High-Confidence (Std <= 0.20)
WT_Cand_9103,7.693,0.124,High-Confidence (Std <= 0.20)
WT_Cand_9104,8.435,0.085,High-Confidence (Std <= 0.20)
WT_Cand_9105,5.711,0.067,High-Confidence (Std <= 0.20)
WT_Cand_9106,6.455,0.101,High-Confidence (Std <= 0.20)
WT_Cand_9107,7.723,0.114,High-Confidence (Std <= 0.20)
WT_Cand_9108,7.365,0.191,High-Confidence (Std <= 0.20)
WT_Cand_9109,8.612,0.14,High-Confidence (Std <= 0.20)
WT_Cand_9110,7.334,0.04,High-Confidence (Std <= 0.20)
WT_Cand_9111,8.975,0.1,High-Confidence (Std <= 0.20)
WT_Cand_9112,7.471,0.021,High-Confidence (Std <= 0.20)
WT_Cand_9113,8.071,0.18,High-Confidence (Std <= 0.20)
WT_Cand_9114,6.478,0.274,Low-Confidence (Filtered Out)
WT_Cand_9115,6.866,0.142,High-Confidence (Std <= 0.20)
WT_Cand_9116,7.898,0.129,High-Confidence (Std <= 0.20)
WT_Cand_9117,8.705,0.418,Low-Confidence (Filtered Out)
WT_Cand_9118,7.689,0.317,Low-Confidence (Filtered Out)
WT_Cand_9119,6.754,0.211,Low-Confidence (Filtered Out)
WT_Cand_9120,8.434,0.104,High-Confidence (Std <= 0.20)
WT_Cand_9121,4.329,0.027,High-Confidence (Std <= 0.20)
WT_Cand_9122,5.214,0.285,Low-Confidence (Filtered Out)
WT_Cand_9123,7.634,0.215,Low-Confidence (Filtered Out)
WT_Cand_9124,6.866,0.576,Low-Confidence (Filtered Out)
WT_Cand_9125,7.546,0.251,Low-Confidence (Filtered Out)
WT_Cand_9126,6.924,0.054,High-Confidence (Std <= 0.20)
WT_Cand_9127,7.507,0.136,High-Confidence (Std <= 0.20)
WT_Cand_9128,5.913,0.139,High-Confidence (Std <= 0.20)
WT_Cand_9129,7.506,0.064,High-Confidence (Std <= 0.20)
WT_Cand_9130,7.994,0.279,Low-Confidence (Filtered Out)
WT_Cand_9131,8.254,0.204,Low-Confidence (Filtered Out)
WT_Cand_9132,9.166,0.131,High-Confidence (Std <= 0.20)
WT_Cand_9133,7.131,0.181,High-Confidence (Std <= 0.20)
WT_Cand_9134,7.165,0.204,Low-Confidence (Filtered Out)
WT_Cand_9135,5.098,0.892,Low-Confidence (Filtered Out)
WT_Cand_9136,6.239,0.078,High-Confidence (Std <= 0.20)
WT_Cand_9137,6.628,0.047,High-Confidence (Std <= 0.20)
WT_Cand_9138,8.058,0.02,High-Confidence (Std <= 0.20)
WT_Cand_9139,6.147,0.051,High-Confidence (Std <= 0.20)
WT_Cand_9140,7.766,0.017,High-Confidence (Std <= 0.20)
WT_Cand_9141,6.848,0.216,Low-Confidence (Filtered Out)
WT_Cand_9142,6.646,0.242,Low-Confidence (Filtered Out)
WT_Cand_9143,7.136,0.358,Low-Confidence (Filtered Out)
WT_Cand_9144,6.4,0.201,Low-Confidence (Filtered Out)
WT_Cand_9145,6.357,0.458,Low-Confidence (Filtered Out)
WT_Cand_9146,4.889,0.383,Low-Confidence (Filtered Out)
WT_Cand_9147,6.565,0.236,Low-Confidence (Filtered Out)
WT_Cand_9148,6.298,0.528,Low-Confidence (Filtered Out)
WT_Cand_9149,6.257,0.27,Low-Confidence (Filtered Out)
WT_Cand_9150,7.329,0.152,High-Confidence (Std <= 0.20)
WT_Cand_9151,7.607,0.32,Low-Confidence (Filtered Out)
WT_Cand_9152,7.117,0.146,High-Confidence (Std <= 0.20)
WT_Cand_9153,7.995,0.173,High-Confidence (Std <= 0.20)
WT_Cand_9154,7.512,0.122,High-Confidence (Std <= 0.20)
WT_Cand_9155,6.511,0.183,High-Confidence (Std <= 0.20)
WT_Cand_9156,6.318,0.237,Low-Confidence (Filtered Out)
WT_Cand_9157,7.21,0.029,High-Confidence (Std <= 0.20)
WT_Cand_9158,7.51,0.231,Low-Confidence (Filtered Out)
WT_Cand_9159,8.458,0.249,Low-Confidence (Filtered Out)
WT_Cand_9160,8.22,0.098,High-Confidence (Std <= 0.20)
WT_Cand_9161,6.227,0.129,High-Confidence (Std <= 0.20)
WT_Cand_9162,6.733,0.124,High-Confidence (Std <= 0.20)
WT_Cand_9163,7.622,0.282,Low-Confidence (Filtered Out)
WT_Cand_9164,8.078,0.277,Low-Confidence (Filtered Out)
WT_Cand_9165,7.93,0.184,High-Confidence (Std <= 0.20)
WT_Cand_9166,6.777,0.695,Low-Confidence (Filtered Out)
WT_Cand_9167,5.408,0.035,High-Confidence (Std <= 0.20)
WT_Cand_9168,5.701,0.068,High-Confidence (Std <= 0.20)
WT_Cand_9169,7.164,0.214,Low-Confidence (Filtered Out)
WT_Cand_9170,7.244,0.029,High-Confidence (Std <= 0.20)
WT_Cand_9171,5.587,0.411,Low-Confidence (Filtered Out)
WT_Cand_9172,6.901,0.11,High-Confidence (Std <= 0.20)
WT_Cand_9173,7.576,0.44,Low-Confidence (Filtered Out)
WT_Cand_9174,5.526,0.248,Low-Confidence (Filtered Out)
WT_Cand_9175,8.121,0.34,Low-Confidence (Filtered Out)
WT_Cand_9176,6.416,0.132,High-Confidence (Std <= 0.20)
WT_Cand_9177,8.296,0.338,Low-Confidence (Filtered Out)
WT_Cand_9178,6.237,0.413,Low-Confidence (Filtered Out)
WT_Cand_9179,5.669,0.111,High-Confidence (Std <= 0.20)
WT_Cand_9180,6.323,0.184,High-Confidence (Std <= 0.20)
WT_Cand_9181,6.741,0.185,High-Confidence (Std <= 0.20)
WT_Cand_9182,6.403,0.081,High-Confidence (Std <= 0.20)
WT_Cand_9183,6.602,0.174,High-Confidence (Std <= 0.20)
WT_Cand_9184,7.234,0.162,High-Confidence (Std <= 0.20)
WT_Cand_9185,6.653,0.296,Low-Confidence (Filtered Out)
WT_Cand_9186,6.774,0.172,High-Confidence (Std <= 0.20)
WT_Cand_9187,4.884,0.325,Low-Confidence (Filtered Out)
WT_Cand_9188,7.3,0.54,Low-Confidence (Filtered Out)
WT_Cand_9189,6.747,0.114,High-Confidence (Std <= 0.20)
WT_Cand_9190,8.702,0.174,High-Confidence (Std <= 0.20)
WT_Cand_9191,5.77,0.095,High-Confidence (Std <= 0.20)
WT_Cand_9192,4.77,0.074,High-Confidence (Std <= 0.20)
WT_Cand_9193,7.561,0.129,High-Confidence (Std <= 0.20)
WT_Cand_9194,7.249,0.473,Low-Confidence (Filtered Out)
WT_Cand_9195,5.69,0.256,Low-Confidence (Filtered Out)
WT_Cand_9196,5.091,0.266,Low-Confidence (Filtered Out)
WT_Cand_9197,8.618,0.237,Low-Confidence (Filtered Out)
WT_Cand_9198,8.476,0.08,High-Confidence (Std <= 0.20)
WT_Cand_9199,3.989,0.071,High-Confidence (Std <= 0.20)
WT_Cand_9200,6.323,0.083,High-Confidence (Std <= 0.20)
WT_Cand_9201,8.764,0.007,High-Confidence (Std <= 0.20)
WT_Cand_9202,6.303,0.272,Low-Confidence (Filtered Out)
WT_Cand_9203,6.286,0.371,Low-Confidence (Filtered Out)
WT_Cand_9204,6.525,0.394,Low-Confidence (Filtered Out)
WT_Cand_9205,5.561,0.111,High-Confidence (Std <= 0.20)
WT_Cand_9206,4.89,0.224,Low-Confidence (Filtered Out)
WT_Cand_9207,8.06,0.219,Low-Confidence (Filtered Out)
WT_Cand_9208,4.731,0.11,High-Confidence (Std <= 0.20)
WT_Cand_9209,7.134,0.126,High-Confidence (Std <= 0.20)
WT_Cand_9210,7.87,0.115,High-Confidence (Std <= 0.20)
WT_Cand_9211,5.181,0.335,Low-Confidence (Filtered Out)
WT_Cand_9212,5.787,0.024,High-Confidence (Std <= 0.20)
WT_Cand_9213,8.245,0.004,High-Confidence (Std <= 0.20)
WT_Cand_9214,7.463,0.286,Low-Confidence (Filtered Out)
WT_Cand_9215,6.14,0.213,Low-Confidence (Filtered Out)
WT_Cand_9216,8.233,0.178,High-Confidence (Std <= 0.20)
WT_Cand_9217,8.238,0.674,Low-Confidence (Filtered Out)
WT_Cand_9218,7.159,0.216,Low-Confidence (Filtered Out)
WT_Cand_9219,5.815,0.154,High-Confidence (Std <= 0.20)
WT_Cand_9220,6.375,0.335,Low-Confidence (Filtered Out)
WT_Cand_9221,7.179,0.076,High-Confidence (Std <= 0.20)
WT_Cand_9222,6.633,0.203,Low-Confidence (Filtered Out)
WT_Cand_9223,7.93,0.146,High-Confidence (Std <= 0.20)
WT_Cand_9224,5.091,0.304,Low-Confidence (Filtered Out)
WT_Cand_9225,5.132,0.012,High-Confidence (Std <= 0.20)
WT_Cand_9226,7.058,0.323,Low-Confidence (Filtered Out)
WT_Cand_9227,6.285,0.012,High-Confidence (Std <= 0.20)
WT_Cand_9228,6.129,0.434,Low-Confidence (Filtered Out)
WT_Cand_9229,4.817,0.117,High-Confidence (Std <= 0.20)
WT_Cand_9230,6.872,0.107,High-Confidence (Std <= 0.20)
WT_Cand_9231,6.789,0.161,High-Confidence (Std <= 0.20)
WT_Cand_9232,7.602,0.139,High-Confidence (Std <= 0.20)
WT_Cand_9233,6.929,0.141,High-Confidence (Std <= 0.20)
WT_Cand_9234,6.698,0.524,Low-Confidence (Filtered Out)
WT_Cand_9235,8.204,0.276,Low-Confidence (Filtered Out)
WT_Cand_9236,5.341,0.039,High-Confidence (Std <= 0.20)
WT_Cand_9237,7.467,0.074,High-Confidence (Std <= 0.20)
WT_Cand_9238,4.928,0.128,High-Confidence (Std <= 0.20)
WT_Cand_9239,5.886,0.333,Low-Confidence (Filtered Out)
WT_Cand_9240,5.455,0.063,High-Confidence (Std <= 0.20)
WT_Cand_9241,7.749,0.093,High-Confidence (Std <= 0.20)
WT_Cand_9242,6.775,0.158,High-Confidence (Std <= 0.20)
WT_Cand_9243,6.834,0.028,High-Confidence (Std <= 0.20)
WT_Cand_9244,5.577,0.031,High-Confidence (Std <= 0.20)
WT_Cand_9245,6.505,0.096,High-Confidence (Std <= 0.20)
WT_Cand_9246,5.972,0.392,Low-Confidence (Filtered Out)
WT_Cand_9247,7.291,0.036,High-Confidence (Std <= 0.20)
WT_Cand_9248,5.71,0.028,High-Confidence (Std <= 0.20)
WT_Cand_9249,8.379,0.269,Low-Confidence (Filtered Out)
WT_Cand_9250,4.923,0.339,Low-Confidence (Filtered Out)
WT_Cand_9251,5.923,0.118,High-Confidence (Std <= 0.20)
WT_Cand_9252,8.779,0.179,High-Confidence (Std <= 0.20)
WT_Cand_9253,6.35,0.052,High-Confidence (Std <= 0.20)
WT_Cand_9254,5.338,0.215,Low-Confidence (Filtered Out)
WT_Cand_9255,7.102,0.018,High-Confidence (Std <= 0.20)
WT_Cand_9256,6.303,0.171,High-Confidence (Std <= 0.20)
WT_Cand_9257,5.889,0.111,High-Confidence (Std <= 0.20)
WT_Cand_9258,5.59,0.285,Low-Confidence (Filtered Out)
WT_Cand_9259,10.034,0.197,High-Confidence (Std <= 0.20)
WT_Cand_9260,6.561,0.287,Low-Confidence (Filtered Out)
WT_Cand_9261,4.636,0.04,High-Confidence (Std <= 0.20)
WT_Cand_9262,8.568,0.095,High-Confidence (Std <= 0.20)
WT_Cand_9263,7.553,0.204,Low-Confidence (Filtered Out)
WT_Cand_9264,5.969,0.112,High-Confidence (Std <= 0.20)
WT_Cand_9265,5.777,0.061,High-Confidence (Std <= 0.20)
WT_Cand_9266,7.624,0.374,Low-Confidence (Filtered Out)
WT_Cand_9267,6.566,0.264,Low-Confidence (Filtered Out)
WT_Cand_9268,4.635,0.163,High-Confidence (Std <= 0.20)
WT_Cand_9269,8.905,0.161,High-Confidence (Std <= 0.20)
WT_Cand_9270,6.351,0.254,Low-Confidence (Filtered Out)
WT_Cand_9271,8.57,0.051,High-Confidence (Std <= 0.20)
WT_Cand_9272,8.32,0.76,Low-Confidence (Filtered Out)
WT_Cand_9273,5.699,0.086,High-Confidence (Std <= 0.20)
WT_Cand_9274,8.038,0.294,Low-Confidence (Filtered Out)
WT_Cand_9275,6.101,0.269,Low-Confidence (Filtered Out)
WT_Cand_9276,4.703,0.034,High-Confidence (Std <= 0.20)
WT_Cand_9277,6.362,0.076,High-Confidence (Std <= 0.20)
WT_Cand_9278,7.307,0.145,High-Confidence (Std <= 0.20)
WT_Cand_9279,6.318,0.092,High-Confidence (Std <= 0.20)
WT_Cand_9280,6.497,0.307,Low-Confidence (Filtered Out)
WT_Cand_9281,8.165,0.149,High-Confidence (Std <= 0.20)
WT_Cand_9282,6.972,0.095,High-Confidence (Std <= 0.20)
WT_Cand_9283,5.88,0.123,High-Confidence (Std <= 0.20)
WT_Cand_9284,7.657,0.205,Low-Confidence (Filtered Out)
WT_Cand_9285,7.077,0.289,Low-Confidence (Filtered Out)
WT_Cand_9286,3.95,0.201,Low-Confidence (Filtered Out)
WT_Cand_9287,7.343,0.283,Low-Confidence (Filtered Out)
WT_Cand_9288,7.301,0.181,High-Confidence (Std <= 0.20)
WT_Cand_9289,6.873,0.183,High-Confidence (Std <= 0.20)
WT_Cand_9290,7.875,0.066,High-Confidence (Std <= 0.20)
WT_Cand_9291,6.077,0.278,Low-Confidence (Filtered Out)
WT_Cand_9292,7.237,0.013,High-Confidence (Std <= 0.20)
WT_Cand_9293,5.048,0.103,High-Confidence (Std <= 0.20)
WT_Cand_9294,7.318,0.043,High-Confidence (Std <= 0.20)
WT_Cand_9295,9.096,0.22,Low-Confidence (Filtered Out)
WT_Cand_9296,5.706,0.178,High-Confidence (Std <= 0.20)
WT_Cand_9297,5.976,0.138,High-Confidence (Std <= 0.20)
WT_Cand_9298,6.033,0.44,Low-Confidence (Filtered Out)
WT_Cand_9299,6.999,0.116,High-Confidence (Std <= 0.20)
WT_Cand_9300,5.628,0.112,High-Confidence (Std <= 0.20)
WT_Cand_9301,7.334,0.07,High-Confidence (Std <= 0.20)
WT_Cand_9302,7.824,0.302,Low-Confidence (Filtered Out)
WT_Cand_9303,7.464,0.218,Low-Confidence (Filtered Out)
WT_Cand_9304,4.816,0.277,Low-Confidence (Filtered Out)
WT_Cand_9305,7.994,0.315,Low-Confidence (Filtered Out)
WT_Cand_9306,7.928,0.34,Low-Confidence (Filtered Out)
WT_Cand_9307,7.805,0.619,Low-Confidence (Filtered Out)
WT_Cand_9308,7.279,0.516,Low-Confidence (Filtered Out)
WT_Cand_9309,7.103,0.249,Low-Confidence (Filtered Out)
WT_Cand_9310,8.037,0.066,High-Confidence (Std <= 0.20)
WT_Cand_9311,9.062,0.23,Low-Confidence (Filtered Out)
WT_Cand_9312,5.754,0.169,High-Confidence (Std <= 0.20)
WT_Cand_9313,8.09,0.007,High-Confidence (Std <= 0.20)
WT_Cand_9314,6.751,0.284,Low-Confidence (Filtered Out)
WT_Cand_9315,6.701,0.16,High-Confidence (Std <= 0.20)
WT_Cand_9316,5.083,0.161,High-Confidence (Std <= 0.20)
WT_Cand_9317,6.522,0.061,High-Confidence (Std <= 0.20)
WT_Cand_9318,5.703,0.298,Low-Confidence (Filtered Out)
WT_Cand_9319,6.317,0.05,High-Confidence (Std <= 0.20)
WT_Cand_9320,5.587,0.127,High-Confidence (Std <= 0.20)
WT_Cand_9321,6.334,0.077,High-Confidence (Std <= 0.20)
WT_Cand_9322,6.383,0.079,High-Confidence (Std <= 0.20)
WT_Cand_9323,6.961,0.288,Low-Confidence (Filtered Out)
WT_Cand_9324,4.993,0.124,High-Confidence (Std <= 0.20)
WT_Cand_9325,5.188,0.138,High-Confidence (Std <= 0.20)
WT_Cand_9326,7.266,0.415,Low-Confidence (Filtered Out)
WT_Cand_9327,5.933,0.401,Low-Confidence (Filtered Out)
WT_Cand_9328,8.086,0.123,High-Confidence (Std <= 0.20)
WT_Cand_9329,7.109,0.226,Low-Confidence (Filtered Out)
WT_Cand_9330,7.548,0.272,Low-Confidence (Filtered Out)
WT_Cand_9331,8.472,0.08,High-Confidence (Std <= 0.20)
WT_Cand_9332,6.494,0.019,High-Confidence (Std <= 0.20)
WT_Cand_9333,6.189,0.347,Low-Confidence (Filtered Out)
WT_Cand_9334,7.852,0.106,High-Confidence (Std <= 0.20)
WT_Cand_9335,7.436,0.15,High-Confidence (Std <= 0.20)
WT_Cand_9336,6.635,0.077,High-Confidence (Std <= 0.20)
WT_Cand_9337,8.45,0.343,Low-Confidence (Filtered Out)
WT_Cand_9338,6.606,0.191,High-Confidence (Std <= 0.20)
WT_Cand_9339,6.888,0.13,High-Confidence (Std <= 0.20)
WT_Cand_9340,6.874,0.147,High-Confidence (Std <= 0.20)
WT_Cand_9341,5.775,0.427,Low-Confidence (Filtered Out)
WT_Cand_9342,6.939,0.14,High-Confidence (Std <= 0.20)
WT_Cand_9343,8.456,0.278,Low-Confidence (Filtered Out)
WT_Cand_9344,7.362,0.019,High-Confidence (Std <= 0.20)
WT_Cand_9345,6.886,0.193,High-Confidence (Std <= 0.20)
WT_Cand_9346,6.664,0.141,High-Confidence (Std <= 0.20)
WT_Cand_9347,7.23,0.054,High-Confidence (Std <= 0.20)
WT_Cand_9348,7.712,0.702,Low-Confidence (Filtered Out)
WT_Cand_9349,7.551,0.042,High-Confidence (Std <= 0.20)
WT_Cand_9350,6.468,0.096,High-Confidence (Std <= 0.20)
WT_Cand_9351,7.223,0.102,High-Confidence (Std <= 0.20)
WT_Cand_9352,7.402,0.401,Low-Confidence (Filtered Out)
WT_Cand_9353,5.692,0.102,High-Confidence (Std <= 0.20)
WT_Cand_9354,7.043,0.158,High-Confidence (Std <= 0.20)
WT_Cand_9355,4.365,0.112,High-Confidence (Std <= 0.20)
WT_Cand_9356,7.405,0.184,High-Confidence (Std <= 0.20)
WT_Cand_9357,7.609,0.209,Low-Confidence (Filtered Out)
WT_Cand_9358,7.71,0.209,Low-Confidence (Filtered Out)
WT_Cand_9359,6.396,0.12,High-Confidence (Std <= 0.20)
WT_Cand_9360,7.205,0.3,Low-Confidence (Filtered Out)
WT_Cand_9361,8.488,0.1,High-Confidence (Std <= 0.20)
WT_Cand_9362,8.476,0.094,High-Confidence (Std <= 0.20)
WT_Cand_9363,6.816,0.157,High-Confidence (Std <= 0.20)
WT_Cand_9364,7.01,0.197,High-Confidence (Std <= 0.20)
WT_Cand_9365,8.128,0.117,High-Confidence (Std <= 0.20)
WT_Cand_9366,5.124,0.142,High-Confidence (Std <= 0.20)
WT_Cand_9367,6.478,0.183,High-Confidence (Std <= 0.20)
WT_Cand_9368,8.386,0.116,High-Confidence (Std <= 0.20)
WT_Cand_9369,7.971,0.27,Low-Confidence (Filtered Out)
WT_Cand_9370,7.275,0.355,Low-Confidence (Filtered Out)
WT_Cand_9371,5.118,0.039,High-Confidence (Std <= 0.20)
WT_Cand_9372,6.793,0.132,High-Confidence (Std <= 0.20)
WT_Cand_9373,6.172,0.16,High-Confidence (Std <= 0.20)
WT_Cand_9374,7.231,0.147,High-Confidence (Std <= 0.20)
WT_Cand_9375,5.919,0.015,High-Confidence (Std <= 0.20)
WT_Cand_9376,5.67,0.207,Low-Confidence (Filtered Out)
WT_Cand_9377,4.475,0.142,High-Confidence (Std <= 0.20)
WT_Cand_9378,8.255,0.452,Low-Confidence (Filtered Out)
WT_Cand_9379,6.39,0.017,High-Confidence (Std <= 0.20)
WT_Cand_9380,7.031,0.176,High-Confidence (Std <= 0.20)
WT_Cand_9381,6.847,0.092,High-Confidence (Std <= 0.20)
WT_Cand_9382,5.622,0.122,High-Confidence (Std <= 0.20)
WT_Cand_9383,5.402,0.089,High-Confidence (Std <= 0.20)
WT_Cand_9384,5.694,0.458,Low-Confidence (Filtered Out)
WT_Cand_9385,6.018,0.165,High-Confidence (Std <= 0.20)
WT_Cand_9386,7.272,0.71,Low-Confidence (Filtered Out)
WT_Cand_9387,5.935,0.036,High-Confidence (Std <= 0.20)
WT_Cand_9388,8.858,0.046,High-Confidence (Std <= 0.20)
WT_Cand_9389,8.031,0.08,High-Confidence (Std <= 0.20)
WT_Cand_9390,7.78,0.158,High-Confidence (Std <= 0.20)
WT_Cand_9391,6.712,0.03,High-Confidence (Std <= 0.20)
WT_Cand_9392,8.591,0.031,High-Confidence (Std <= 0.20)
WT_Cand_9393,6.599,0.167,High-Confidence (Std <= 0.20)
WT_Cand_9394,6.814,0.062,High-Confidence (Std <= 0.20)
WT_Cand_9395,7.045,0.401,Low-Confidence (Filtered Out)
WT_Cand_9396,7.657,0.217,Low-Confidence (Filtered Out)
WT_Cand_9397,7.582,0.232,Low-Confidence (Filtered Out)
WT_Cand_9398,6.304,0.463,Low-Confidence (Filtered Out)
WT_Cand_9399,6.237,0.016,High-Confidence (Std <= 0.20)
WT_Cand_9400,7.586,0.067,High-Confidence (Std <= 0.20)
WT_Cand_9401,7.673,0.037,High-Confidence (Std <= 0.20)
WT_Cand_9402,6.398,0.202,Low-Confidence (Filtered Out)
WT_Cand_9403,5.025,0.322,Low-Confidence (Filtered Out)
WT_Cand_9404,6.612,0.171,High-Confidence (Std <= 0.20)
WT_Cand_9405,7.567,0.473,Low-Confidence (Filtered Out)
WT_Cand_9406,8.926,0.27,Low-Confidence (Filtered Out)
WT_Cand_9407,5.472,0.14,High-Confidence (Std <= 0.20)
WT_Cand_9408,6.359,0.533,Low-Confidence (Filtered Out)
WT_Cand_9409,6.402,0.228,Low-Confidence (Filtered Out)
WT_Cand_9410,8.409,0.21,Low-Confidence (Filtered Out)
WT_Cand_9411,6.81,0.356,Low-Confidence (Filtered Out)
WT_Cand_9412,5.807,0.109,High-Confidence (Std <= 0.20)
WT_Cand_9413,7.492,0.083,High-Confidence (Std <= 0.20)
WT_Cand_9414,6.385,0.172,High-Confidence (Std <= 0.20)
WT_Cand_9415,5.442,0.196,High-Confidence (Std <= 0.20)
WT_Cand_9416,5.823,0.177,High-Confidence (Std <= 0.20)
WT_Cand_9417,8.844,0.351,Low-Confidence (Filtered Out)
WT_Cand_9418,7.292,0.15,High-Confidence (Std <= 0.20)
WT_Cand_9419,6.974,0.01,High-Confidence (Std <= 0.20)
WT_Cand_9420,6.563,0.078,High-Confidence (Std <= 0.20)
WT_Cand_9421,7.186,0.176,High-Confidence (Std <= 0.20)
WT_Cand_9422,7.172,0.209,Low-Confidence (Filtered Out)
WT_Cand_9423,7.186,0.22,Low-Confidence (Filtered Out)
WT_Cand_9424,6.982,0.146,High-Confidence (Std <= 0.20)
WT_Cand_9425,7.849,0.318,Low-Confidence (Filtered Out)
WT_Cand_9426,6.877,0.132,High-Confidence (Std <= 0.20)
WT_Cand_9427,5.725,0.053,High-Confidence (Std <= 0.20)
WT_Cand_9428,6.146,0.205,Low-Confidence (Filtered Out)
WT_Cand_9429,4.574,0.017,High-Confidence (Std <= 0.20)
WT_Cand_9430,9.181,0.039,High-Confidence (Std <= 0.20)
WT_Cand_9431,7.842,0.281,Low-Confidence (Filtered Out)
WT_Cand_9432,5.895,0.037,High-Confidence (Std <= 0.20)
WT_Cand_9433,6.526,0.091,High-Confidence (Std <= 0.20)
WT_Cand_9434,6.118,0.225,Low-Confidence (Filtered Out)
WT_Cand_9435,8.624,0.189,High-Confidence (Std <= 0.20)
WT_Cand_9436,5.217,0.102,High-Confidence (Std <= 0.20)
WT_Cand_9437,6.982,0.289,Low-Confidence (Filtered Out)
WT_Cand_9438,6.725,0.023,High-Confidence (Std <= 0.20)
WT_Cand_9439,7.801,0.093,High-Confidence (Std <= 0.20)
WT_Cand_9440,6.73,0.07,High-Confidence (Std <= 0.20)
WT_Cand_9441,4.828,0.32,Low-Confidence (Filtered Out)
WT_Cand_9442,6.561,0.145,High-Confidence (Std <= 0.20)
WT_Cand_9443,5.732,0.261,Low-Confidence (Filtered Out)
WT_Cand_9444,6.942,0.187,High-Confidence (Std <= 0.20)
WT_Cand_9445,8.499,0.072,High-Confidence (Std <= 0.20)
WT_Cand_9446,4.85,0.319,Low-Confidence (Filtered Out)
WT_Cand_9447,5.93,0.217,Low-Confidence (Filtered Out)
WT_Cand_9448,6.214,0.055,High-Confidence (Std <= 0.20)
WT_Cand_9449,6.411,0.168,High-Confidence (Std <= 0.20)
WT_Cand_9450,7.701,0.368,Low-Confidence (Filtered Out)
WT_Cand_9451,6.65,0.268,Low-Confidence (Filtered Out)
WT_Cand_9452,7.328,0.603,Low-Confidence (Filtered Out)
WT_Cand_9453,6.13,0.251,Low-Confidence (Filtered Out)
WT_Cand_9454,7.114,0.542,Low-Confidence (Filtered Out)
WT_Cand_9455,7.744,0.085,High-Confidence (Std <= 0.20)
WT_Cand_9456,6.008,0.023,High-Confidence (Std <= 0.20)
WT_Cand_9457,7.749,0.219,Low-Confidence (Filtered Out)
WT_Cand_9458,6.91,0.09,High-Confidence (Std <= 0.20)
WT_Cand_9459,8.052,0.244,Low-Confidence (Filtered Out)
WT_Cand_9460,6.618,0.075,High-Confidence (Std <= 0.20)
WT_Cand_9461,7.288,0.45,Low-Confidence (Filtered Out)
WT_Cand_9462,6.803,0.157,High-Confidence (Std <= 0.20)
WT_Cand_9463,6.739,0.638,Low-Confidence (Filtered Out)
WT_Cand_9464,7.148,0.201,Low-Confidence (Filtered Out)
WT_Cand_9465,7.467,0.338,Low-Confidence (Filtered Out)
WT_Cand_9466,5.413,0.184,High-Confidence (Std <= 0.20)
WT_Cand_9467,8.499,0.129,High-Confidence (Std <= 0.20)
WT_Cand_9468,4.711,0.026,High-Confidence (Std <= 0.20)
WT_Cand_9469,6.062,0.076,High-Confidence (Std <= 0.20)
WT_Cand_9470,6.742,0.184,High-Confidence (Std <= 0.20)
WT_Cand_9471,7.324,0.217,Low-Confidence (Filtered Out)
WT_Cand_9472,8.663,0.125,High-Confidence (Std <= 0.20)
WT_Cand_9473,4.713,0.042,High-Confidence (Std <= 0.20)
WT_Cand_9474,6.266,0.043,High-Confidence (Std <= 0.20)
WT_Cand_9475,4.404,0.116,High-Confidence (Std <= 0.20)
WT_Cand_9476,6.886,0.312,Low-Confidence (Filtered Out)
WT_Cand_9477,7.162,0.128,High-Confidence (Std <= 0.20)
WT_Cand_9478,8.679,0.284,Low-Confidence (Filtered Out)
WT_Cand_9479,6.989,0.059,High-Confidence (Std <= 0.20)
WT_Cand_9480,8.051,0.48,Low-Confidence (Filtered Out)
WT_Cand_9481,7.521,0.036,High-Confidence (Std <= 0.20)
WT_Cand_9482,6.349,0.163,High-Confidence (Std <= 0.20)
WT_Cand_9483,5.23,0.065,High-Confidence (Std <= 0.20)
WT_Cand_9484,7.166,0.009,High-Confidence (Std <= 0.20)
WT_Cand_9485,5.134,0.191,High-Confidence (Std <= 0.20)
WT_Cand_9486,8.339,0.102,High-Confidence (Std <= 0.20)
WT_Cand_9487,6.664,0.206,Low-Confidence (Filtered Out)
WT_Cand_9488,8.224,0.13,High-Confidence (Std <= 0.20)
WT_Cand_9489,6.298,0.115,High-Confidence (Std <= 0.20)
WT_Cand_9490,7.159,0.14,High-Confidence (Std <= 0.20)
WT_Cand_9491,7.091,0.044,High-Confidence (Std <= 0.20)
WT_Cand_9492,6.798,0.025,High-Confidence (Std <= 0.20)
WT_Cand_9493,6.352,0.434,Low-Confidence (Filtered Out)
WT_Cand_9494,7.301,0.088,High-Confidence (Std <= 0.20)
WT_Cand_9495,5.785,0.12,High-Confidence (Std <= 0.20)
WT_Cand_9496,5.459,0.553,Low-Confidence (Filtered Out)
WT_Cand_9497,8.279,0.124,High-Confidence (Std <= 0.20)
WT_Cand_9498,7.686,0.092,High-Confidence (Std <= 0.20)
WT_Cand_9499,6.926,0.465,Low-Confidence (Filtered Out)
WT_Cand_9500,8.765,0.224,Low-Confidence (Filtered Out)
WT_Cand_9501,6.542,0.142,High-Confidence (Std <= 0.20)
WT_Cand_9502,8.371,0.016,High-Confidence (Std <= 0.20)
WT_Cand_9503,7.052,0.049,High-Confidence (Std <= 0.20)
WT_Cand_9504,5.672,0.012,High-Confidence (Std <= 0.20)
WT_Cand_9505,8.975,0.053,High-Confidence (Std <= 0.20)
WT_Cand_9506,7.989,0.116,High-Confidence (Std <= 0.20)
WT_Cand_9507,6.711,0.464,Low-Confidence (Filtered Out)
WT_Cand_9508,7.686,0.07,High-Confidence (Std <= 0.20)
WT_Cand_9509,6.386,0.113,High-Confidence (Std <= 0.20)
WT_Cand_9510,7.804,0.136,High-Confidence (Std <= 0.20)
WT_Cand_9511,4.1,0.059,High-Confidence (Std <= 0.20)
WT_Cand_9512,5.677,0.175,High-Confidence (Std <= 0.20)
WT_Cand_9513,7.976,0.135,High-Confidence (Std <= 0.20)
WT_Cand_9514,6.563,0.142,High-Confidence (Std <= 0.20)
WT_Cand_9515,7.089,0.122,High-Confidence (Std <= 0.20)
WT_Cand_9516,5.301,0.067,High-Confidence (Std <= 0.20)
WT_Cand_9517,8.975,0.079,High-Confidence (Std <= 0.20)
WT_Cand_9518,8.219,0.048,High-Confidence (Std <= 0.20)
WT_Cand_9519,6.619,0.083,High-Confidence (Std <= 0.20)
WT_Cand_9520,6.385,0.145,High-Confidence (Std <= 0.20)
WT_Cand_9521,8.034,0.08,High-Confidence (Std <= 0.20)
WT_Cand_9522,9.13,0.163,High-Confidence (Std <= 0.20)
WT_Cand_9523,7.947,0.278,Low-Confidence (Filtered Out)
WT_Cand_9524,9.348,0.023,High-Confidence (Std <= 0.20)
WT_Cand_9525,5.789,0.231,Low-Confidence (Filtered Out)
WT_Cand_9526,5.908,0.017,High-Confidence (Std <= 0.20)
WT_Cand_9527,5.483,0.122,High-Confidence (Std <= 0.20)
WT_Cand_9528,7.358,0.158,High-Confidence (Std <= 0.20)
WT_Cand_9529,7.052,0.038,High-Confidence (Std <= 0.20)
WT_Cand_9530,6.675,0.024,High-Confidence (Std <= 0.20)
WT_Cand_9531,7.781,0.08,High-Confidence (Std <= 0.20)
WT_Cand_9532,8.267,0.148,High-Confidence (Std <= 0.20)
WT_Cand_9533,5.095,0.153,High-Confidence (Std <= 0.20)
WT_Cand_9534,6.163,0.289,Low-Confidence (Filtered Out)
WT_Cand_9535,7.793,0.487,Low-Confidence (Filtered Out)
WT_Cand_9536,6.312,0.041,High-Confidence (Std <= 0.20)
WT_Cand_9537,5.932,0.067,High-Confidence (Std <= 0.20)
WT_Cand_9538,8.021,0.104,High-Confidence (Std <= 0.20)
WT_Cand_9539,5.367,0.013,High-Confidence (Std <= 0.20)
WT_Cand_9540,6.503,0.101,High-Confidence (Std <= 0.20)
WT_Cand_9541,7.228,0.066,High-Confidence (Std <= 0.20)
WT_Cand_9542,6.19,0.07,High-Confidence (Std <= 0.20)
WT_Cand_9543,7.751,0.257,Low-Confidence (Filtered Out)
WT_Cand_9544,6.196,0.077,High-Confidence (Std <= 0.20)
WT_Cand_9545,8.47,0.162,High-Confidence (Std <= 0.20)
WT_Cand_9546,6.705,0.063,High-Confidence (Std <= 0.20)
WT_Cand_9547,7.622,0.149,High-Confidence (Std <= 0.20)
WT_Cand_9548,7.708,0.016,High-Confidence (Std <= 0.20)
WT_Cand_9549,6.128,0.59,Low-Confidence (Filtered Out)
WT_Cand_9550,4.488,0.259,Low-Confidence (Filtered Out)
WT_Cand_9551,7.265,0.119,High-Confidence (Std <= 0.20)
WT_Cand_9552,6.933,0.093,High-Confidence (Std <= 0.20)
WT_Cand_9553,7.489,0.028,High-Confidence (Std <= 0.20)
WT_Cand_9554,6.589,0.62,Low-Confidence (Filtered Out)
WT_Cand_9555,6.355,0.115,High-Confidence (Std <= 0.20)
WT_Cand_9556,9.16,0.046,High-Confidence (Std <= 0.20)
WT_Cand_9557,5.157,0.154,High-Confidence (Std <= 0.20)
WT_Cand_9558,7.694,0.115,High-Confidence (Std <= 0.20)
WT_Cand_9559,6.189,0.299,Low-Confidence (Filtered Out)
WT_Cand_9560,6.464,0.418,Low-Confidence (Filtered Out)
WT_Cand_9561,6.485,0.123,High-Confidence (Std <= 0.20)
WT_Cand_9562,5.926,0.053,High-Confidence (Std <= 0.20)
WT_Cand_9563,7.507,0.087,High-Confidence (Std <= 0.20)
WT_Cand_9564,8.449,0.326,Low-Confidence (Filtered Out)
WT_Cand_9565,7.391,0.172,High-Confidence (Std <= 0.20)
WT_Cand_9566,6.969,0.022,High-Confidence (Std <= 0.20)
WT_Cand_9567,5.716,0.218,Low-Confidence (Filtered Out)
WT_Cand_9568,7.444,0.024,High-Confidence (Std <= 0.20)
WT_Cand_9569,9.33,0.203,Low-Confidence (Filtered Out)
WT_Cand_9570,6.412,0.135,High-Confidence (Std <= 0.20)
WT_Cand_9571,6.418,0.075,High-Confidence (Std <= 0.20)
WT_Cand_9572,6.205,0.136,High-Confidence (Std <= 0.20)
WT_Cand_9573,6.287,0.053,High-Confidence (Std <= 0.20)
WT_Cand_9574,3.693,0.111,High-Confidence (Std <= 0.20)
WT_Cand_9575,7.316,0.23,Low-Confidence (Filtered Out)
WT_Cand_9576,5.878,0.142,High-Confidence (Std <= 0.20)
WT_Cand_9577,4.998,0.252,Low-Confidence (Filtered Out)
WT_Cand_9578,7.716,0.352,Low-Confidence (Filtered Out)
WT_Cand_9579,5.606,0.072,High-Confidence (Std <= 0.20)
WT_Cand_9580,6.461,0.203,Low-Confidence (Filtered Out)
WT_Cand_9581,8.536,0.264,Low-Confidence (Filtered Out)
WT_Cand_9582,5.229,0.057,High-Confidence (Std <= 0.20)
WT_Cand_9583,5.088,0.124,High-Confidence (Std <= 0.20)
WT_Cand_9584,7.16,0.05,High-Confidence (Std <= 0.20)
WT_Cand_9585,8.172,0.238,Low-Confidence (Filtered Out)
WT_Cand_9586,5.04,0.257,Low-Confidence (Filtered Out)
WT_Cand_9587,7.319,0.446,Low-Confidence (Filtered Out)
WT_Cand_9588,7.518,0.268,Low-Confidence (Filtered Out)
WT_Cand_9589,4.482,0.037,High-Confidence (Std <= 0.20)
WT_Cand_9590,7.768,0.431,Low-Confidence (Filtered Out)
WT_Cand_9591,7.858,0.122,High-Confidence (Std <= 0.20)
WT_Cand_9592,6.491,0.464,Low-Confidence (Filtered Out)
WT_Cand_9593,8.29,0.119,High-Confidence (Std <= 0.20)
WT_Cand_9594,8.157,0.313,Low-Confidence (Filtered Out)
WT_Cand_9595,6.969,0.161,High-Confidence (Std <= 0.20)
WT_Cand_9596,6.331,0.099,High-Confidence (Std <= 0.20)
WT_Cand_9597,5.731,0.028,High-Confidence (Std <= 0.20)
WT_Cand_9598,6.807,0.272,Low-Confidence (Filtered Out)
WT_Cand_9599,7.505,0.144,High-Confidence (Std <= 0.20)
WT_Cand_9600,6.477,0.03,High-Confidence (Std <= 0.20)
WT_Cand_9601,4.323,0.06,High-Confidence (Std <= 0.20)
WT_Cand_9602,8.309,0.068,High-Confidence (Std <= 0.20)
WT_Cand_9603,7.069,0.091,High-Confidence (Std <= 0.20)
WT_Cand_9604,6.413,0.185,High-Confidence (Std <= 0.20)
WT_Cand_9605,7.836,0.125,High-Confidence (Std <= 0.20)
WT_Cand_9606,8.603,0.073,High-Confidence (Std <= 0.20)
WT_Cand_9607,3.628,0.317,Low-Confidence (Filtered Out)
WT_Cand_9608,7.349,0.146,High-Confidence (Std <= 0.20)
WT_Cand_9609,5.209,0.089,High-Confidence (Std <= 0.20)
WT_Cand_9610,7.424,0.1,High-Confidence (Std <= 0.20)
WT_Cand_9611,6.997,0.018,High-Confidence (Std <= 0.20)
WT_Cand_9612,7.581,0.153,High-Confidence (Std <= 0.20)
WT_Cand_9613,6.276,0.06,High-Confidence (Std <= 0.20)
WT_Cand_9614,4.696,0.089,High-Confidence (Std <= 0.20)
WT_Cand_9615,6.332,0.265,Low-Confidence (Filtered Out)
WT_Cand_9616,7.318,0.153,High-Confidence (Std <= 0.20)
WT_Cand_9617,8.018,0.021,High-Confidence (Std <= 0.20)
WT_Cand_9618,5.502,0.02,High-Confidence (Std <= 0.20)
WT_Cand_9619,8.031,0.158,High-Confidence (Std <= 0.20)
WT_Cand_9620,6.105,0.536,Low-Confidence (Filtered Out)
WT_Cand_9621,7.267,0.124,High-Confidence (Std <= 0.20)
WT_Cand_9622,6.264,0.201,Low-Confidence (Filtered Out)
WT_Cand_9623,7.059,0.156,High-Confidence (Std <= 0.20)
WT_Cand_9624,7.876,0.425,Low-Confidence (Filtered Out)
WT_Cand_9625,5.439,0.239,Low-Confidence (Filtered Out)
WT_Cand_9626,6.068,0.157,High-Confidence (Std <= 0.20)
WT_Cand_9627,7.063,0.34,Low-Confidence (Filtered Out)
WT_Cand_9628,9.612,0.164,High-Confidence (Std <= 0.20)
WT_Cand_9629,5.857,0.038,High-Confidence (Std <= 0.20)
WT_Cand_9630,9.196,0.261,Low-Confidence (Filtered Out)
WT_Cand_9631,9.155,0.384,Low-Confidence (Filtered Out)
WT_Cand_9632,6.738,0.317,Low-Confidence (Filtered Out)
WT_Cand_9633,6.507,0.227,Low-Confidence (Filtered Out)
WT_Cand_9634,6.054,0.032,High-Confidence (Std <= 0.20)
WT_Cand_9635,6.772,0.047,High-Confidence (Std <= 0.20)
WT_Cand_9636,5.232,0.247,Low-Confidence (Filtered Out)
WT_Cand_9637,6.762,0.108,High-Confidence (Std <= 0.20)
WT_Cand_9638,8.571,0.022,High-Confidence (Std <= 0.20)
WT_Cand_9639,6.147,0.349,Low-Confidence (Filtered Out)
WT_Cand_9640,6.573,0.101,High-Confidence (Std <= 0.20)
WT_Cand_9641,4.894,0.464,Low-Confidence (Filtered Out)
WT_Cand_9642,7.28,0.2,High-Confidence (Std <= 0.20)
WT_Cand_9643,7.154,0.088,High-Confidence (Std <= 0.20)
WT_Cand_9644,6.923,0.195,High-Confidence (Std <= 0.20)
WT_Cand_9645,6.601,0.118,High-Confidence (Std <= 0.20)
WT_Cand_9646,6.513,0.139,High-Confidence (Std <= 0.20)
WT_Cand_9647,7.427,0.13,High-Confidence (Std <= 0.20)
WT_Cand_9648,6.817,0.288,Low-Confidence (Filtered Out)
WT_Cand_9649,7.212,0.376,Low-Confidence (Filtered Out)
WT_Cand_9650,7.097,0.187,High-Confidence (Std <= 0.20)
WT_Cand_9651,8.142,0.079,High-Confidence (Std <= 0.20)
WT_Cand_9652,7.629,0.162,High-Confidence (Std <= 0.20)
WT_Cand_9653,7.072,0.414,Low-Confidence (Filtered Out)
WT_Cand_9654,8.596,0.137,High-Confidence (Std <= 0.20)
WT_Cand_9655,7.333,0.291,Low-Confidence (Filtered Out)
WT_Cand_9656,8.351,0.178,High-Confidence (Std <= 0.20)
WT_Cand_9657,7.548,0.097,High-Confidence (Std <= 0.20)
WT_Cand_9658,4.732,0.068,High-Confidence (Std <= 0.20)
WT_Cand_9659,8.351,0.251,Low-Confidence (Filtered Out)
WT_Cand_9660,7.005,0.185,High-Confidence (Std <= 0.20)
WT_Cand_9661,6.79,0.047,High-Confidence (Std <= 0.20)
WT_Cand_9662,7.174,0.282,Low-Confidence (Filtered Out)
WT_Cand_9663,6.453,0.166,High-Confidence (Std <= 0.20)
WT_Cand_9664,7.111,0.436,Low-Confidence (Filtered Out)
WT_Cand_9665,6.169,0.021,High-Confidence (Std <= 0.20)
WT_Cand_9666,8.315,0.214,Low-Confidence (Filtered Out)
WT_Cand_9667,6.719,0.178,High-Confidence (Std <= 0.20)
WT_Cand_9668,6.41,0.203,Low-Confidence (Filtered Out)
WT_Cand_9669,5.786,0.072,High-Confidence (Std <= 0.20)
WT_Cand_9670,7.159,0.01,High-Confidence (Std <= 0.20)
WT_Cand_9671,7.065,0.063,High-Confidence (Std <= 0.20)
WT_Cand_9672,7.297,0.164,High-Confidence (Std <= 0.20)
WT_Cand_9673,5.669,0.148,High-Confidence (Std <= 0.20)
WT_Cand_9674,5.009,0.275,Low-Confidence (Filtered Out)
WT_Cand_9675,7.569,0.128,High-Confidence (Std <= 0.20)
WT_Cand_9676,8.557,0.704,Low-Confidence (Filtered Out)
WT_Cand_9677,5.67,0.097,High-Confidence (Std <= 0.20)
WT_Cand_9678,8.678,0.565,Low-Confidence (Filtered Out)
WT_Cand_9679,7.176,0.258,Low-Confidence (Filtered Out)
WT_Cand_9680,6.842,0.266,Low-Confidence (Filtered Out)
WT_Cand_9681,6.393,0.088,High-Confidence (Std <= 0.20)
WT_Cand_9682,5.258,0.505,Low-Confidence (Filtered Out)
WT_Cand_9683,7.986,0.341,Low-Confidence (Filtered Out)
WT_Cand_9684,5.958,0.327,Low-Confidence (Filtered Out)
WT_Cand_9685,5.953,0.109,High-Confidence (Std <= 0.20)
WT_Cand_9686,7.991,0.263,Low-Confidence (Filtered Out)
WT_Cand_9687,4.685,0.197,High-Confidence (Std <= 0.20)
WT_Cand_9688,5.098,0.025,High-Confidence (Std <= 0.20)
WT_Cand_9689,6.829,0.121,High-Confidence (Std <= 0.20)
WT_Cand_9690,7.187,0.111,High-Confidence (Std <= 0.20)
WT_Cand_9691,7.407,0.249,Low-Confidence (Filtered Out)
WT_Cand_9692,6.503,0.251,Low-Confidence (Filtered Out)
WT_Cand_9693,9.76,0.131,High-Confidence (Std <= 0.20)
WT_Cand_9694,6.588,0.224,Low-Confidence (Filtered Out)
WT_Cand_9695,6.585,0.014,High-Confidence (Std <= 0.20)
WT_Cand_9696,5.933,0.153,High-Confidence (Std <= 0.20)
WT_Cand_9697,6.992,0.109,High-Confidence (Std <= 0.20)
WT_Cand_9698,7.557,0.14,High-Confidence (Std <= 0.20)
WT_Cand_9699,8.234,0.286,Low-Confidence (Filtered Out)
WT_Cand_9700,5.137,0.355,Low-Confidence (Filtered Out)
WT_Cand_9701,6.567,0.065,High-Confidence (Std <= 0.20)
WT_Cand_9702,7.364,0.027,High-Confidence (Std <= 0.20)
WT_Cand_9703,7.525,0.386,Low-Confidence (Filtered Out)
WT_Cand_9704,6.858,0.017,High-Confidence (Std <= 0.20)
WT_Cand_9705,7.474,0.194,High-Confidence (Std <= 0.20)
WT_Cand_9706,5.92,0.187,High-Confidence (Std <= 0.20)
WT_Cand_9707,8.642,0.524,Low-Confidence (Filtered Out)
WT_Cand_9708,7.992,0.361,Low-Confidence (Filtered Out)
WT_Cand_9709,5.303,0.127,High-Confidence (Std <= 0.20)
WT_Cand_9710,5.614,0.126,High-Confidence (Std <= 0.20)
WT_Cand_9711,5.646,0.306,Low-Confidence (Filtered Out)
WT_Cand_9712,7.63,0.162,High-Confidence (Std <= 0.20)
WT_Cand_9713,5.373,0.125,High-Confidence (Std <= 0.20)
WT_Cand_9714,6.469,0.069,High-Confidence (Std <= 0.20)
WT_Cand_9715,7.373,0.192,High-Confidence (Std <= 0.20)
WT_Cand_9716,6.774,0.107,High-Confidence (Std <= 0.20)
WT_Cand_9717,7.148,0.58,Low-Confidence (Filtered Out)
WT_Cand_9718,5.624,0.033,High-Confidence (Std <= 0.20)
WT_Cand_9719,7.534,0.198,High-Confidence (Std <= 0.20)
WT_Cand_9720,6.145,0.256,Low-Confidence (Filtered Out)
WT_Cand_9721,6.477,0.1,High-Confidence (Std <= 0.20)
WT_Cand_9722,7.123,0.214,Low-Confidence (Filtered Out)
WT_Cand_9723,6.969,0.152,High-Confidence (Std <= 0.20)
WT_Cand_9724,6.878,0.229,Low-Confidence (Filtered Out)
WT_Cand_9725,5.987,0.147,High-Confidence (Std <= 0.20)
WT_Cand_9726,6.506,0.169,High-Confidence (Std <= 0.20)
WT_Cand_9727,6.853,0.188,High-Confidence (Std <= 0.20)
WT_Cand_9728,5.269,0.806,Low-Confidence (Filtered Out)
WT_Cand_9729,6.318,0.094,High-Confidence (Std <= 0.20)
WT_Cand_9730,7.296,0.116,High-Confidence (Std <= 0.20)
WT_Cand_9731,5.381,0.102,High-Confidence (Std <= 0.20)
WT_Cand_9732,8.18,0.033,High-Confidence (Std <= 0.20)
WT_Cand_9733,8.31,0.261,Low-Confidence (Filtered Out)
WT_Cand_9734,5.418,0.126,High-Confidence (Std <= 0.20)
WT_Cand_9735,8.411,0.1,High-Confidence (Std <= 0.20)
WT_Cand_9736,6.685,0.098,High-Confidence (Std <= 0.20)
WT_Cand_9737,7.331,0.478,Low-Confidence (Filtered Out)
WT_Cand_9738,6.279,0.446,Low-Confidence (Filtered Out)
WT_Cand_9739,7.912,0.517,Low-Confidence (Filtered Out)
WT_Cand_9740,7.317,0.11,High-Confidence (Std <= 0.20)
WT_Cand_9741,5.914,0.015,High-Confidence (Std <= 0.20)
WT_Cand_9742,5.51,0.126,High-Confidence (Std <= 0.20)
WT_Cand_9743,5.171,0.132,High-Confidence (Std <= 0.20)
WT_Cand_9744,7.066,0.218,Low-Confidence (Filtered Out)
WT_Cand_9745,7.508,0.076,High-Confidence (Std <= 0.20)
WT_Cand_9746,7.599,0.119,High-Confidence (Std <= 0.20)
WT_Cand_9747,6.714,0.117,High-Confidence (Std <= 0.20)
WT_Cand_9748,5.519,0.278,Low-Confidence (Filtered Out)
WT_Cand_9749,6.066,0.23,Low-Confidence (Filtered Out)
WT_Cand_9750,8.175,0.218,Low-Confidence (Filtered Out)
WT_Cand_9751,6.293,0.057,High-Confidence (Std <= 0.20)
WT_Cand_9752,7.015,0.589,Low-Confidence (Filtered Out)
WT_Cand_9753,5.613,0.444,Low-Confidence (Filtered Out)
WT_Cand_9754,7.237,0.362,Low-Confidence (Filtered Out)
WT_Cand_9755,6.324,0.013,High-Confidence (Std <= 0.20)
WT_Cand_9756,8.054,0.043,High-Confidence (Std <= 0.20)
WT_Cand_9757,7.74,0.186,High-Confidence (Std <= 0.20)
WT_Cand_9758,6.28,0.122,High-Confidence (Std <= 0.20)
WT_Cand_9759,6.704,0.05,High-Confidence (Std <= 0.20)
WT_Cand_9760,6.216,0.095,High-Confidence (Std <= 0.20)
WT_Cand_9761,5.218,0.512,Low-Confidence (Filtered Out)
WT_Cand_9762,5.864,0.068,High-Confidence (Std <= 0.20)
WT_Cand_9763,7.078,0.43,Low-Confidence (Filtered Out)
WT_Cand_9764,7.224,0.142,High-Confidence (Std <= 0.20)
WT_Cand_9765,7.021,0.061,High-Confidence (Std <= 0.20)
WT_Cand_9766,6.503,0.053,High-Confidence (Std <= 0.20)
WT_Cand_9767,7.923,0.138,High-Confidence (Std <= 0.20)
WT_Cand_9768,6.923,0.15,High-Confidence (Std <= 0.20)
WT_Cand_9769,7.659,0.178,High-Confidence (Std <= 0.20)
WT_Cand_9770,4.81,0.026,High-Confidence (Std <= 0.20)
WT_Cand_9771,2.339,0.383,Low-Confidence (Filtered Out)
WT_Cand_9772,7.176,0.102,High-Confidence (Std <= 0.20)
WT_Cand_9773,5.212,0.354,Low-Confidence (Filtered Out)
WT_Cand_9774,6.606,0.044,High-Confidence (Std <= 0.20)
WT_Cand_9775,6.503,0.262,Low-Confidence (Filtered Out)
WT_Cand_9776,8.676,0.023,High-Confidence (Std <= 0.20)
WT_Cand_9777,7.31,0.168,High-Confidence (Std <= 0.20)
WT_Cand_9778,7.041,0.412,Low-Confidence (Filtered Out)
WT_Cand_9779,7.813,0.348,Low-Confidence (Filtered Out)
WT_Cand_9780,7.274,0.193,High-Confidence (Std <= 0.20)
WT_Cand_9781,6.324,0.213,Low-Confidence (Filtered Out)
WT_Cand_9782,8.082,0.171,High-Confidence (Std <= 0.20)
WT_Cand_9783,5.574,0.165,High-Confidence (Std <= 0.20)
WT_Cand_9784,7.222,0.008,High-Confidence (Std <= 0.20)
WT_Cand_9785,5.07,0.261,Low-Confidence (Filtered Out)
WT_Cand_9786,7.085,0.061,High-Confidence (Std <= 0.20)
WT_Cand_9787,7.072,0.117,High-Confidence (Std <= 0.20)
WT_Cand_9788,8.778,0.203,Low-Confidence (Filtered Out)
WT_Cand_9789,5.05,0.297,Low-Confidence (Filtered Out)
WT_Cand_9790,6.159,0.044,High-Confidence (Std <= 0.20)
WT_Cand_9791,7.796,0.065,High-Confidence (Std <= 0.20)
WT_Cand_9792,7.236,0.432,Low-Confidence (Filtered Out)
WT_Cand_9793,7.057,0.27,Low-Confidence (Filtered Out)
WT_Cand_9794,5.75,0.345,Low-Confidence (Filtered Out)
WT_Cand_9795,6.171,0.226,Low-Confidence (Filtered Out)
WT_Cand_9796,8.282,0.137,High-Confidence (Std <= 0.20)
WT_Cand_9797,6.791,0.29,Low-Confidence (Filtered Out)
WT_Cand_9798,7.282,0.031,High-Confidence (Std <= 0.20)
WT_Cand_9799,6.718,0.166,High-Confidence (Std <= 0.20)
WT_Cand_9800,5.489,0.297,Low-Confidence (Filtered Out)
WT_Cand_9801,7.924,0.154,High-Confidence (Std <= 0.20)
WT_Cand_9802,7.429,0.061,High-Confidence (Std <= 0.20)
WT_Cand_9803,9.501,0.071,High-Confidence (Std <= 0.20)
WT_Cand_9804,5.682,0.155,High-Confidence (Std <= 0.20)
WT_Cand_9805,7.796,0.163,High-Confidence (Std <= 0.20)
WT_Cand_9806,5.342,0.006,High-Confidence (Std <= 0.20)
WT_Cand_9807,7.031,0.319,Low-Confidence (Filtered Out)
WT_Cand_9808,7.973,0.082,High-Confidence (Std <= 0.20)
WT_Cand_9809,4.467,0.04,High-Confidence (Std <= 0.20)
WT_Cand_9810,6.614,0.162,High-Confidence (Std <= 0.20)
WT_Cand_9811,6.202,0.066,High-Confidence (Std <= 0.20)
WT_Cand_9812,6.043,0.103,High-Confidence (Std <= 0.20)
WT_Cand_9813,7.293,0.231,Low-Confidence (Filtered Out)
WT_Cand_9814,8.139,0.177,High-Confidence (Std <= 0.20)
WT_Cand_9815,6.697,0.119,High-Confidence (Std <= 0.20)
WT_Cand_9816,7.086,0.092,High-Confidence (Std <= 0.20)
WT_Cand_9817,6.981,0.136,High-Confidence (Std <= 0.20)
WT_Cand_9818,6.852,0.105,High-Confidence (Std <= 0.20)
WT_Cand_9819,5.597,0.038,High-Confidence (Std <= 0.20)
WT_Cand_9820,8.125,0.155,High-Confidence (Std <= 0.20)
WT_Cand_9821,7.189,0.531,Low-Confidence (Filtered Out)
WT_Cand_9822,7.304,0.031,High-Confidence (Std <= 0.20)
WT_Cand_9823,5.923,0.414,Low-Confidence (Filtered Out)
WT_Cand_9824,6.322,0.092,High-Confidence (Std <= 0.20)
WT_Cand_9825,6.647,0.099,High-Confidence (Std <= 0.20)
WT_Cand_9826,5.086,0.017,High-Confidence (Std <= 0.20)
WT_Cand_9827,4.909,0.573,Low-Confidence (Filtered Out)
WT_Cand_9828,6.159,0.085,High-Confidence (Std <= 0.20)
WT_Cand_9829,7.451,0.028,High-Confidence (Std <= 0.20)
WT_Cand_9830,6.099,0.052,High-Confidence (Std <= 0.20)
WT_Cand_9831,5.678,0.075,High-Confidence (Std <= 0.20)
WT_Cand_9832,5.913,0.127,High-Confidence (Std <= 0.20)
WT_Cand_9833,6.326,0.136,High-Confidence (Std <= 0.20)
WT_Cand_9834,6.443,0.173,High-Confidence (Std <= 0.20)
WT_Cand_9835,9.34,0.134,High-Confidence (Std <= 0.20)
WT_Cand_9836,8.063,0.206,Low-Confidence (Filtered Out)
WT_Cand_9837,8.028,0.094,High-Confidence (Std <= 0.20)
WT_Cand_9838,8.194,0.338,Low-Confidence (Filtered Out)
WT_Cand_9839,5.701,0.278,Low-Confidence (Filtered Out)
WT_Cand_9840,5.444,0.153,High-Confidence (Std <= 0.20)
WT_Cand_9841,5.577,0.068,High-Confidence (Std <= 0.20)
WT_Cand_9842,8.385,0.016,High-Confidence (Std <= 0.20)
WT_Cand_9843,6.221,0.182,High-Confidence (Std <= 0.20)
WT_Cand_9844,5.411,0.501,Low-Confidence (Filtered Out)
WT_Cand_9845,6.354,0.121,High-Confidence (Std <= 0.20)
WT_Cand_9846,6.576,0.15,High-Confidence (Std <= 0.20)
WT_Cand_9847,7.159,0.45,Low-Confidence (Filtered Out)
WT_Cand_9848,7.139,0.131,High-Confidence (Std <= 0.20)
WT_Cand_9849,5.898,0.139,High-Confidence (Std <= 0.20)
WT_Cand_9850,7.639,0.2,High-Confidence (Std <= 0.20)
WT_Cand_9851,6.115,0.203,Low-Confidence (Filtered Out)
WT_Cand_9852,6.67,0.126,High-Confidence (Std <= 0.20)
WT_Cand_9853,7.64,0.098,High-Confidence (Std <= 0.20)
WT_Cand_9854,6.112,0.143,High-Confidence (Std <= 0.20)
WT_Cand_9855,6.195,0.044,High-Confidence (Std <= 0.20)
WT_Cand_9856,7.53,0.27,Low-Confidence (Filtered Out)
WT_Cand_9857,5.864,0.325,Low-Confidence (Filtered Out)
WT_Cand_9858,6.407,0.305,Low-Confidence (Filtered Out)
WT_Cand_9859,7.489,0.131,High-Confidence (Std <= 0.20)
WT_Cand_9860,9.212,0.532,Low-Confidence (Filtered Out)
WT_Cand_9861,7.546,0.225,Low-Confidence (Filtered Out)
WT_Cand_9862,7.394,0.107,High-Confidence (Std <= 0.20)
WT_Cand_9863,7.46,0.064,High-Confidence (Std <= 0.20)
WT_Cand_9864,5.616,0.126,High-Confidence (Std <= 0.20)
WT_Cand_9865,6.983,0.187,High-Confidence (Std <= 0.20)
WT_Cand_9866,6.816,0.204,Low-Confidence (Filtered Out)
WT_Cand_9867,7.22,0.239,Low-Confidence (Filtered Out)
WT_Cand_9868,6.984,0.522,Low-Confidence (Filtered Out)
WT_Cand_9869,7.287,0.263,Low-Confidence (Filtered Out)
WT_Cand_9870,6.492,0.064,High-Confidence (Std <= 0.20)
WT_Cand_9871,6.917,0.258,Low-Confidence (Filtered Out)
WT_Cand_9872,5.438,0.146,High-Confidence (Std <= 0.20)
WT_Cand_9873,6.482,0.066,High-Confidence (Std <= 0.20)
WT_Cand_9874,8.449,0.002,High-Confidence (Std <= 0.20)
WT_Cand_9875,7.217,0.389,Low-Confidence (Filtered Out)
WT_Cand_9876,6.826,0.189,High-Confidence (Std <= 0.20)
WT_Cand_9877,9.031,0.287,Low-Confidence (Filtered Out)
WT_Cand_9878,5.285,0.156,High-Confidence (Std <= 0.20)
WT_Cand_9879,5.574,0.371,Low-Confidence (Filtered Out)
WT_Cand_9880,8.82,0.409,Low-Confidence (Filtered Out)
WT_Cand_9881,6.903,0.114,High-Confidence (Std <= 0.20)
WT_Cand_9882,6.571,0.171,High-Confidence (Std <= 0.20)
WT_Cand_9883,5.471,0.448,Low-Confidence (Filtered Out)
WT_Cand_9884,7.365,0.064,High-Confidence (Std <= 0.20)
WT_Cand_9885,7.476,0.045,High-Confidence (Std <= 0.20)
WT_Cand_9886,5.591,0.042,High-Confidence (Std <= 0.20)
WT_Cand_9887,6.689,0.005,High-Confidence (Std <= 0.20)
WT_Cand_9888,6.464,0.12,High-Confidence (Std <= 0.20)
WT_Cand_9889,7.144,0.046,High-Confidence (Std <= 0.20)
WT_Cand_9890,5.563,0.057,High-Confidence (Std <= 0.20)
WT_Cand_9891,8.29,0.186,High-Confidence (Std <= 0.20)
WT_Cand_9892,7.903,0.156,High-Confidence (Std <= 0.20)
WT_Cand_9893,6.432,0.095,High-Confidence (Std <= 0.20)
WT_Cand_9894,6.601,0.204,Low-Confidence (Filtered Out)
WT_Cand_9895,6.693,0.146,High-Confidence (Std <= 0.20)
WT_Cand_9896,5.955,0.086,High-Confidence (Std <= 0.20)
WT_Cand_9897,6.34,0.226,Low-Confidence (Filtered Out)
WT_Cand_9898,6.539,0.277,Low-Confidence (Filtered Out)
WT_Cand_9899,8.705,0.141,High-Confidence (Std <= 0.20)
WT_Cand_9900,7.939,0.23,Low-Confidence (Filtered Out)
WT_Cand_9901,7.925,0.004,High-Confidence (Std <= 0.20)
WT_Cand_9902,7.275,0.028,High-Confidence (Std <= 0.20)
WT_Cand_9903,5.565,0.206,Low-Confidence (Filtered Out)
WT_Cand_9904,6.802,0.086,High-Confidence (Std <= 0.20)
WT_Cand_9905,7.966,0.065,High-Confidence (Std <= 0.20)
WT_Cand_9906,5.403,0.577,Low-Confidence (Filtered Out)
WT_Cand_9907,7.582,0.099,High-Confidence (Std <= 0.20)
WT_Cand_9908,9.521,0.08,High-Confidence (Std <= 0.20)
WT_Cand_9909,8.071,0.082,High-Confidence (Std <= 0.20)
WT_Cand_9910,8.476,0.564,Low-Confidence (Filtered Out)
WT_Cand_9911,7.101,0.551,Low-Confidence (Filtered Out)
WT_Cand_9912,7.963,0.151,High-Confidence (Std <= 0.20)
WT_Cand_9913,6.024,0.399,Low-Confidence (Filtered Out)
WT_Cand_9914,7.765,0.097,High-Confidence (Std <= 0.20)
WT_Cand_9915,7.603,0.023,High-Confidence (Std <= 0.20)
WT_Cand_9916,7.183,0.097,High-Confidence (Std <= 0.20)
WT_Cand_9917,8.363,0.038,High-Confidence (Std <= 0.20)
WT_Cand_9918,6.23,0.17,High-Confidence (Std <= 0.20)
WT_Cand_9919,6.635,0.088,High-Confidence (Std <= 0.20)
WT_Cand_9920,6.96,0.055,High-Confidence (Std <= 0.20)
WT_Cand_9921,5.666,0.46,Low-Confidence (Filtered Out)
WT_Cand_9922,7.111,0.137,High-Confidence (Std <= 0.20)
WT_Cand_9923,4.873,0.217,Low-Confidence (Filtered Out)
WT_Cand_9924,8.054,0.201,Low-Confidence (Filtered Out)
WT_Cand_9925,6.904,0.208,Low-Confidence (Filtered Out)
WT_Cand_9926,6.251,0.401,Low-Confidence (Filtered Out)
WT_Cand_9927,5.89,0.186,High-Confidence (Std <= 0.20)
WT_Cand_9928,6.58,0.788,Low-Confidence (Filtered Out)
WT_Cand_9929,7.641,0.013,High-Confidence (Std <= 0.20)
WT_Cand_9930,7.48,0.015,High-Confidence (Std <= 0.20)
WT_Cand_9931,6.039,0.145,High-Confidence (Std <= 0.20)
WT_Cand_9932,5.877,0.091,High-Confidence (Std <= 0.20)
WT_Cand_9933,7.605,0.251,Low-Confidence (Filtered Out)
WT_Cand_9934,6.019,0.359,Low-Confidence (Filtered Out)
WT_Cand_9935,6.919,0.09,High-Confidence (Std <= 0.20)
WT_Cand_9936,6.992,0.249,Low-Confidence (Filtered Out)
WT_Cand_9937,7.209,0.7,Low-Confidence (Filtered Out)
WT_Cand_9938,7.837,0.04,High-Confidence (Std <= 0.20)
WT_Cand_9939,5.398,0.374,Low-Confidence (Filtered Out)
WT_Cand_9940,4.652,0.702,Low-Confidence (Filtered Out)
WT_Cand_9941,6.197,0.085,High-Confidence (Std <= 0.20)
WT_Cand_9942,8.922,0.123,High-Confidence (Std <= 0.20)
WT_Cand_9943,9.176,0.007,High-Confidence (Std <= 0.20)
WT_Cand_9944,8.956,0.43,Low-Confidence (Filtered Out)
WT_Cand_9945,6.628,0.008,High-Confidence (Std <= 0.20)
WT_Cand_9946,4.801,0.096,High-Confidence (Std <= 0.20)
WT_Cand_9947,4.156,0.051,High-Confidence (Std <= 0.20)
WT_Cand_9948,6.144,0.091,High-Confidence (Std <= 0.20)
WT_Cand_9949,6.622,0.039,High-Confidence (Std <= 0.20)
WT_Cand_9950,8.346,0.196,High-Confidence (Std <= 0.20)
WT_Cand_9951,7.848,0.314,Low-Confidence (Filtered Out)
WT_Cand_9952,7.112,0.171,High-Confidence (Std <= 0.20)
WT_Cand_9953,5.827,0.431,Low-Confidence (Filtered Out)
WT_Cand_9954,5.745,0.159,High-Confidence (Std <= 0.20)
WT_Cand_9955,7.142,0.184,High-Confidence (Std <= 0.20)
WT_Cand_9956,7.652,0.198,High-Confidence (Std <= 0.20)
WT_Cand_9957,7.301,0.155,High-Confidence (Std <= 0.20)
WT_Cand_9958,5.66,0.141,High-Confidence (Std <= 0.20)
WT_Cand_9959,7.598,0.022,High-Confidence (Std <= 0.20)
WT_Cand_9960,7.34,0.021,High-Confidence (Std <= 0.20)
WT_Cand_9961,5.619,0.206,Low-Confidence (Filtered Out)
WT_Cand_9962,5.948,0.073,High-Confidence (Std <= 0.20)
WT_Cand_9963,7.642,0.199,High-Confidence (Std <= 0.20)
WT_Cand_9964,6.58,0.401,Low-Confidence (Filtered Out)
WT_Cand_9965,8.678,0.663,Low-Confidence (Filtered Out)
WT_Cand_9966,7.426,0.151,High-Confidence (Std <= 0.20)
WT_Cand_9967,6.29,0.342,Low-Confidence (Filtered Out)
WT_Cand_9968,6.838,0.46,Low-Confidence (Filtered Out)
WT_Cand_9969,6.923,0.374,Low-Confidence (Filtered Out)
WT_Cand_9970,6.012,0.042,High-Confidence (Std <= 0.20)
WT_Cand_9971,5.801,0.125,High-Confidence (Std <= 0.20)
WT_Cand_9972,7.657,0.6,Low-Confidence (Filtered Out)
WT_Cand_9973,7.822,0.084,High-Confidence (Std <= 0.20)
WT_Cand_9974,7.544,0.047,High-Confidence (Std <= 0.20)
WT_Cand_9975,8.593,0.082,High-Confidence (Std <= 0.20)
WT_Cand_9976,6.227,0.579,Low-Confidence (Filtered Out)
WT_Cand_9977,8.775,0.075,High-Confidence (Std <= 0.20)
WT_Cand_9978,5.814,0.057,High-Confidence (Std <= 0.20)
WT_Cand_9979,5.685,0.219,Low-Confidence (Filtered Out)
WT_Cand_9980,4.826,0.151,High-Confidence (Std <= 0.20)
WT_Cand_9981,6.337,0.059,High-Confidence (Std <= 0.20)
WT_Cand_9982,6.271,0.05,High-Confidence (Std <= 0.20)
WT_Cand_9983,7.455,0.044,High-Confidence (Std <= 0.20)
WT_Cand_9984,7.13,0.15,High-Confidence (Std <= 0.20)
WT_Cand_9985,5.478,0.012,High-Confidence (Std <= 0.20)
WT_Cand_9986,6.398,0.182,High-Confidence (Std <= 0.20)
WT_Cand_9987,6.423,0.038,High-Confidence (Std <= 0.20)
WT_Cand_9988,4.808,0.359,Low-Confidence (Filtered Out)
WT_Cand_9989,5.722,0.127,High-Confidence (Std <= 0.20)
WT_Cand_9990,5.964,0.358,Low-Confidence (Filtered Out)
WT_Cand_9991,8.499,0.359,Low-Confidence (Filtered Out)
WT_Cand_9992,7.07,0.008,High-Confidence (Std <= 0.20)
WT_Cand_9993,7.611,0.096,High-Confidence (Std <= 0.20)
WT_Cand_9994,5.127,0.313,Low-Confidence (Filtered Out)
WT_Cand_9995,8.223,0.096,High-Confidence (Std <= 0.20)
WT_Cand_9996,8.346,0.037,High-Confidence (Std <= 0.20)
WT_Cand_9997,4.552,0.14,High-Confidence (Std <= 0.20)
WT_Cand_9998,6.039,0.153,High-Confidence (Std <= 0.20)
WT_Cand_9999,7.42,0.056,High-Confidence (Std <= 0.20)
WT_Cand_10000,7.591,0.024,High-Confidence (Std <= 0.20)
WT_Cand_10001,6.07,0.206,Low-Confidence (Filtered Out)
WT_Cand_10002,6.499,0.116,High-Confidence (Std <= 0.20)
WT_Cand_10003,6.163,0.296,Low-Confidence (Filtered Out)
WT_Cand_10004,6.977,0.284,Low-Confidence (Filtered Out)
WT_Cand_10005,8.227,0.069,High-Confidence (Std <= 0.20)
WT_Cand_10006,5.963,0.391,Low-Confidence (Filtered Out)
WT_Cand_10007,8.001,0.056,High-Confidence (Std <= 0.20)
WT_Cand_10008,5.951,0.111,High-Confidence (Std <= 0.20)
WT_Cand_10009,5.875,0.073,High-Confidence (Std <= 0.20)
WT_Cand_10010,7.791,0.076,High-Confidence (Std <= 0.20)
WT_Cand_10011,7.91,0.104,High-Confidence (Std <= 0.20)
WT_Cand_10012,7.829,0.156,High-Confidence (Std <= 0.20)
WT_Cand_10013,5.337,0.17,High-Confidence (Std <= 0.20)
WT_Cand_10014,6.314,0.48,Low-Confidence (Filtered Out)
WT_Cand_10015,7.796,0.049,High-Confidence (Std <= 0.20)
WT_Cand_10016,6.898,0.067,High-Confidence (Std <= 0.20)
WT_Cand_10017,5.615,0.126,High-Confidence (Std <= 0.20)
WT_Cand_10018,7.377,0.267,Low-Confidence (Filtered Out)
WT_Cand_10019,6.028,0.159,High-Confidence (Std <= 0.20)
WT_Cand_10020,8.914,0.113,High-Confidence (Std <= 0.20)
WT_Cand_10021,8.627,0.153,High-Confidence (Std <= 0.20)
WT_Cand_10022,7.545,0.224,Low-Confidence (Filtered Out)
WT_Cand_10023,8.415,0.062,High-Confidence (Std <= 0.20)
WT_Cand_10024,6.925,0.55,Low-Confidence (Filtered Out)
WT_Cand_10025,7.73,0.136,High-Confidence (Std <= 0.20)
WT_Cand_10026,8.549,0.221,Low-Confidence (Filtered Out)
WT_Cand_10027,7.132,0.044,High-Confidence (Std <= 0.20)
WT_Cand_10028,6.557,0.155,High-Confidence (Std <= 0.20)
WT_Cand_10029,4.89,0.052,High-Confidence (Std <= 0.20)
WT_Cand_10030,6.754,0.142,High-Confidence (Std <= 0.20)
WT_Cand_10031,7.797,0.207,Low-Confidence (Filtered Out)
WT_Cand_10032,7.937,0.215,Low-Confidence (Filtered Out)
WT_Cand_10033,7.43,0.129,High-Confidence (Std <= 0.20)
WT_Cand_10034,6.228,0.068,High-Confidence (Std <= 0.20)
WT_Cand_10035,4.577,0.46,Low-Confidence (Filtered Out)
WT_Cand_10036,6.281,0.486,Low-Confidence (Filtered Out)
WT_Cand_10037,6.5,0.014,High-Confidence (Std <= 0.20)
WT_Cand_10038,6.49,0.171,High-Confidence (Std <= 0.20)
WT_Cand_10039,7.561,0.07,High-Confidence (Std <= 0.20)
WT_Cand_10040,9.134,0.087,High-Confidence (Std <= 0.20)
WT_Cand_10041,6.992,0.306,Low-Confidence (Filtered Out)
WT_Cand_10042,6.601,0.049,High-Confidence (Std <= 0.20)
WT_Cand_10043,6.552,0.007,High-Confidence (Std <= 0.20)
WT_Cand_10044,6.993,0.071,High-Confidence (Std <= 0.20)
WT_Cand_10045,5.897,0.165,High-Confidence (Std <= 0.20)
WT_Cand_10046,6.988,0.107,High-Confidence (Std <= 0.20)
WT_Cand_10047,7.368,0.157,High-Confidence (Std <= 0.20)
WT_Cand_10048,7.091,0.326,Low-Confidence (Filtered Out)
WT_Cand_10049,7.376,0.16,High-Confidence (Std <= 0.20)
WT_Cand_10050,7.349,0.428,Low-Confidence (Filtered Out)
WT_Cand_10051,4.812,0.17,High-Confidence (Std <= 0.20)
WT_Cand_10052,7.582,0.231,Low-Confidence (Filtered Out)
WT_Cand_10053,6.078,0.163,High-Confidence (Std <= 0.20)
WT_Cand_10054,5.59,0.057,High-Confidence (Std <= 0.20)
WT_Cand_10055,5.58,0.236,Low-Confidence (Filtered Out)
WT_Cand_10056,7.349,0.071,High-Confidence (Std <= 0.20)
WT_Cand_10057,6.594,0.455,Low-Confidence (Filtered Out)
WT_Cand_10058,4.916,0.113,High-Confidence (Std <= 0.20)
WT_Cand_10059,7.4,0.246,Low-Confidence (Filtered Out)
WT_Cand_10060,5.194,0.461,Low-Confidence (Filtered Out)
WT_Cand_10061,7.011,0.128,High-Confidence (Std <= 0.20)
WT_Cand_10062,7.124,0.413,Low-Confidence (Filtered Out)
WT_Cand_10063,7.868,0.239,Low-Confidence (Filtered Out)
WT_Cand_10064,8.899,0.069,High-Confidence (Std <= 0.20)
WT_Cand_10065,5.281,0.335,Low-Confidence (Filtered Out)
WT_Cand_10066,6.79,0.669,Low-Confidence (Filtered Out)
WT_Cand_10067,6.532,0.158,High-Confidence (Std <= 0.20)
WT_Cand_10068,7.349,0.693,Low-Confidence (Filtered Out)
WT_Cand_10069,7.098,0.244,Low-Confidence (Filtered Out)
WT_Cand_10070,6.445,0.147,High-Confidence (Std <= 0.20)
WT_Cand_10071,6.343,0.093,High-Confidence (Std <= 0.20)
WT_Cand_10072,5.566,0.402,Low-Confidence (Filtered Out)
WT_Cand_10073,7.986,0.054,High-Confidence (Std <= 0.20)
WT_Cand_10074,7.378,0.083,High-Confidence (Std <= 0.20)
WT_Cand_10075,7.905,0.25,Low-Confidence (Filtered Out)
WT_Cand_10076,6.493,0.161,High-Confidence (Std <= 0.20)
WT_Cand_10077,6.095,0.068,High-Confidence (Std <= 0.20)
WT_Cand_10078,5.61,0.089,High-Confidence (Std <= 0.20)
WT_Cand_10079,7.263,0.214,Low-Confidence (Filtered Out)
WT_Cand_10080,5.654,0.825,Low-Confidence (Filtered Out)
WT_Cand_10081,8.976,0.088,High-Confidence (Std <= 0.20)
WT_Cand_10082,5.346,0.188,High-Confidence (Std <= 0.20)
WT_Cand_10083,7.165,0.345,Low-Confidence (Filtered Out)
WT_Cand_10084,8.652,0.198,High-Confidence (Std <= 0.20)
WT_Cand_10085,7.539,0.116,High-Confidence (Std <= 0.20)
WT_Cand_10086,7.052,0.114,High-Confidence (Std <= 0.20)
WT_Cand_10087,5.736,0.365,Low-Confidence (Filtered Out)
WT_Cand_10088,5.261,0.011,High-Confidence (Std <= 0.20)
WT_Cand_10089,7.736,0.16,High-Confidence (Std <= 0.20)
WT_Cand_10090,8.582,0.101,High-Confidence (Std <= 0.20)
WT_Cand_10091,6.345,0.021,High-Confidence (Std <= 0.20)
WT_Cand_10092,5.54,0.146,High-Confidence (Std <= 0.20)
WT_Cand_10093,4.023,0.076,High-Confidence (Std <= 0.20)
WT_Cand_10094,5.722,0.044,High-Confidence (Std <= 0.20)
WT_Cand_10095,6.719,0.399,Low-Confidence (Filtered Out)
WT_Cand_10096,8.689,0.053,High-Confidence (Std <= 0.20)
WT_Cand_10097,7.624,0.039,High-Confidence (Std <= 0.20)
WT_Cand_10098,7.201,0.027,High-Confidence (Std <= 0.20)
WT_Cand_10099,6.39,0.181,High-Confidence (Std <= 0.20)
WT_Cand_10100,6.179,0.199,High-Confidence (Std <= 0.20)
WT_Cand_10101,8.466,0.653,Low-Confidence (Filtered Out)
WT_Cand_10102,7.081,0.103,High-Confidence (Std <= 0.20)
WT_Cand_10103,4.432,0.087,High-Confidence (Std <= 0.20)
WT_Cand_10104,6.075,0.037,High-Confidence (Std <= 0.20)
WT_Cand_10105,5.863,0.209,Low-Confidence (Filtered Out)
WT_Cand_10106,6.222,0.025,High-Confidence (Std <= 0.20)
WT_Cand_10107,7.497,0.074,High-Confidence (Std <= 0.20)
WT_Cand_10108,6.726,0.172,High-Confidence (Std <= 0.20)
WT_Cand_10109,6.762,0.078,High-Confidence (Std <= 0.20)
WT_Cand_10110,8.36,0.075,High-Confidence (Std <= 0.20)
WT_Cand_10111,6.049,0.062,High-Confidence (Std <= 0.20)
WT_Cand_10112,8.994,0.417,Low-Confidence (Filtered Out)
WT_Cand_10113,6.078,0.071,High-Confidence (Std <= 0.20)
WT_Cand_10114,6.953,0.211,Low-Confidence (Filtered Out)
WT_Cand_10115,6.527,0.066,High-Confidence (Std <= 0.20)
WT_Cand_10116,6.992,0.086,High-Confidence (Std <= 0.20)
WT_Cand_10117,7.361,0.141,High-Confidence (Std <= 0.20)
WT_Cand_10118,7.349,0.388,Low-Confidence (Filtered Out)
WT_Cand_10119,5.984,0.007,High-Confidence (Std <= 0.20)
WT_Cand_10120,5.559,0.352,Low-Confidence (Filtered Out)
WT_Cand_10121,9.729,0.053,High-Confidence (Std <= 0.20)
WT_Cand_10122,6.293,0.158,High-Confidence (Std <= 0.20)
WT_Cand_10123,7.654,0.127,High-Confidence (Std <= 0.20)
WT_Cand_10124,5.001,0.033,High-Confidence (Std <= 0.20)
WT_Cand_10125,6.528,0.076,High-Confidence (Std <= 0.20)
WT_Cand_10126,6.704,0.127,High-Confidence (Std <= 0.20)
WT_Cand_10127,7.394,0.029,High-Confidence (Std <= 0.20)
WT_Cand_10128,3.719,0.295,Low-Confidence (Filtered Out)
WT_Cand_10129,7.041,0.141,High-Confidence (Std <= 0.20)
WT_Cand_10130,5.528,0.079,High-Confidence (Std <= 0.20)
WT_Cand_10131,7.223,0.098,High-Confidence (Std <= 0.20)
WT_Cand_10132,5.658,0.294,Low-Confidence (Filtered Out)
WT_Cand_10133,5.866,0.35,Low-Confidence (Filtered Out)
WT_Cand_10134,6.535,0.057,High-Confidence (Std <= 0.20)
WT_Cand_10135,5.64,0.037,High-Confidence (Std <= 0.20)
WT_Cand_10136,6.303,0.234,Low-Confidence (Filtered Out)
WT_Cand_10137,5.478,0.043,High-Confidence (Std <= 0.20)
WT_Cand_10138,4.742,0.199,High-Confidence (Std <= 0.20)
WT_Cand_10139,8.021,0.05,High-Confidence (Std <= 0.20)
WT_Cand_10140,5.36,0.05,High-Confidence (Std <= 0.20)
WT_Cand_10141,6.645,0.021,High-Confidence (Std <= 0.20)
WT_Cand_10142,7.716,0.534,Low-Confidence (Filtered Out)
WT_Cand_10143,6.143,0.352,Low-Confidence (Filtered Out)
WT_Cand_10144,5.901,0.102,High-Confidence (Std <= 0.20)
WT_Cand_10145,7.11,0.165,High-Confidence (Std <= 0.20)
WT_Cand_10146,8.136,0.161,High-Confidence (Std <= 0.20)
WT_Cand_10147,5.505,0.541,Low-Confidence (Filtered Out)
WT_Cand_10148,6.677,0.191,High-Confidence (Std <= 0.20)
WT_Cand_10149,4.858,0.272,Low-Confidence (Filtered Out)
WT_Cand_10150,6.398,0.397,Low-Confidence (Filtered Out)
WT_Cand_10151,6.889,0.056,High-Confidence (Std <= 0.20)
WT_Cand_10152,5.867,0.066,High-Confidence (Std <= 0.20)
WT_Cand_10153,6.324,0.351,Low-Confidence (Filtered Out)
WT_Cand_10154,5.231,0.099,High-Confidence (Std <= 0.20)
WT_Cand_10155,6.939,0.047,High-Confidence (Std <= 0.20)
WT_Cand_10156,8.064,0.153,High-Confidence (Std <= 0.20)
WT_Cand_10157,5.588,0.342,Low-Confidence (Filtered Out)
WT_Cand_10158,6.134,0.583,Low-Confidence (Filtered Out)
WT_Cand_10159,7.428,0.462,Low-Confidence (Filtered Out)
WT_Cand_10160,8.244,0.004,High-Confidence (Std <= 0.20)
WT_Cand_10161,5.133,0.102,High-Confidence (Std <= 0.20)
WT_Cand_10162,6.656,0.034,High-Confidence (Std <= 0.20)
WT_Cand_10163,7.176,0.059,High-Confidence (Std <= 0.20)
WT_Cand_10164,6.733,0.157,High-Confidence (Std <= 0.20)
WT_Cand_10165,4.002,0.157,High-Confidence (Std <= 0.20)
WT_Cand_10166,7.426,0.004,High-Confidence (Std <= 0.20)
WT_Cand_10167,8.597,0.059,High-Confidence (Std <= 0.20)
WT_Cand_10168,6.984,0.486,Low-Confidence (Filtered Out)
WT_Cand_10169,5.664,0.025,High-Confidence (Std <= 0.20)
WT_Cand_10170,6.26,0.343,Low-Confidence (Filtered Out)
WT_Cand_10171,8.885,0.08,High-Confidence (Std <= 0.20)
WT_Cand_10172,7.896,0.133,High-Confidence (Std <= 0.20)
WT_Cand_10173,7.586,0.379,Low-Confidence (Filtered Out)
WT_Cand_10174,7.26,0.107,High-Confidence (Std <= 0.20)
WT_Cand_10175,6.09,0.509,Low-Confidence (Filtered Out)
WT_Cand_10176,6.619,0.024,High-Confidence (Std <= 0.20)
WT_Cand_10177,6.76,0.29,Low-Confidence (Filtered Out)
WT_Cand_10178,7.482,0.261,Low-Confidence (Filtered Out)
WT_Cand_10179,8.585,0.466,Low-Confidence (Filtered Out)
WT_Cand_10180,8.136,0.225,Low-Confidence (Filtered Out)
WT_Cand_10181,5.218,0.118,High-Confidence (Std <= 0.20)
WT_Cand_10182,7.108,0.054,High-Confidence (Std <= 0.20)
WT_Cand_10183,7.697,0.098,High-Confidence (Std <= 0.20)
WT_Cand_10184,7.562,0.02,High-Confidence (Std <= 0.20)
WT_Cand_10185,6.126,0.278,Low-Confidence (Filtered Out)
WT_Cand_10186,10.201,0.132,High-Confidence (Std <= 0.20)
WT_Cand_10187,5.381,0.115,High-Confidence (Std <= 0.20)
WT_Cand_10188,5.604,0.091,High-Confidence (Std <= 0.20)
WT_Cand_10189,7.119,0.249,Low-Confidence (Filtered Out)
WT_Cand_10190,9.284,0.114,High-Confidence (Std <= 0.20)
WT_Cand_10191,5.888,0.145,High-Confidence (Std <= 0.20)
WT_Cand_10192,6.544,0.143,High-Confidence (Std <= 0.20)
WT_Cand_10193,8.089,0.223,Low-Confidence (Filtered Out)
WT_Cand_10194,6.829,0.209,Low-Confidence (Filtered Out)
WT_Cand_10195,6.465,0.378,Low-Confidence (Filtered Out)
WT_Cand_10196,7.5,0.341,Low-Confidence (Filtered Out)
WT_Cand_10197,7.163,0.09,High-Confidence (Std <= 0.20)
WT_Cand_10198,8.035,0.567,Low-Confidence (Filtered Out)
WT_Cand_10199,8.335,0.206,Low-Confidence (Filtered Out)
WT_Cand_10200,7.203,0.66,Low-Confidence (Filtered Out)
WT_Cand_10201,7.185,0.183,High-Confidence (Std <= 0.20)
WT_Cand_10202,7.096,0.099,High-Confidence (Std <= 0.20)
WT_Cand_10203,7.413,0.078,High-Confidence (Std <= 0.20)
WT_Cand_10204,6.913,0.018,High-Confidence (Std <= 0.20)
WT_Cand_10205,6.849,0.169,High-Confidence (Std <= 0.20)
WT_Cand_10206,8.226,0.178,High-Confidence (Std <= 0.20)
WT_Cand_10207,8.594,0.134,High-Confidence (Std <= 0.20)
WT_Cand_10208,5.116,0.193,High-Confidence (Std <= 0.20)
WT_Cand_10209,6.862,0.03,High-Confidence (Std <= 0.20)
WT_Cand_10210,6.058,0.124,High-Confidence (Std <= 0.20)
WT_Cand_10211,6.492,0.041,High-Confidence (Std <= 0.20)
WT_Cand_10212,7.313,0.198,High-Confidence (Std <= 0.20)
WT_Cand_10213,7.62,0.159,High-Confidence (Std <= 0.20)
WT_Cand_10214,6.721,0.338,Low-Confidence (Filtered Out)
WT_Cand_10215,4.65,0.102,High-Confidence (Std <= 0.20)
WT_Cand_10216,5.74,0.337,Low-Confidence (Filtered Out)
WT_Cand_10217,7.881,0.123,High-Confidence (Std <= 0.20)
WT_Cand_10218,3.699,0.246,Low-Confidence (Filtered Out)
WT_Cand_10219,8.216,0.062,High-Confidence (Std <= 0.20)
WT_Cand_10220,7.449,0.143,High-Confidence (Std <= 0.20)
WT_Cand_10221,8.364,0.13,High-Confidence (Std <= 0.20)
WT_Cand_10222,6.622,0.354,Low-Confidence (Filtered Out)
WT_Cand_10223,4.479,0.129,High-Confidence (Std <= 0.20)
WT_Cand_10224,7.345,0.131,High-Confidence (Std <= 0.20)
WT_Cand_10225,8.316,0.624,Low-Confidence (Filtered Out)
WT_Cand_10226,7.913,0.279,Low-Confidence (Filtered Out)
WT_Cand_10227,6.088,0.106,High-Confidence (Std <= 0.20)
WT_Cand_10228,6.95,0.226,Low-Confidence (Filtered Out)
WT_Cand_10229,6.237,0.302,Low-Confidence (Filtered Out)
WT_Cand_10230,5.908,0.154,High-Confidence (Std <= 0.20)
WT_Cand_10231,7.949,0.271,Low-Confidence (Filtered Out)
WT_Cand_10232,5.473,0.143,High-Confidence (Std <= 0.20)
WT_Cand_10233,5.822,0.356,Low-Confidence (Filtered Out)
WT_Cand_10234,5.58,0.014,High-Confidence (Std <= 0.20)
WT_Cand_10235,5.136,0.052,High-Confidence (Std <= 0.20)
WT_Cand_10236,7.018,0.094,High-Confidence (Std <= 0.20)
WT_Cand_10237,8.186,0.27,Low-Confidence (Filtered Out)
WT_Cand_10238,6.637,0.191,High-Confidence (Std <= 0.20)
WT_Cand_10239,5.118,0.065,High-Confidence (Std <= 0.20)
WT_Cand_10240,7.816,0.159,High-Confidence (Std <= 0.20)
WT_Cand_10241,8.789,0.015,High-Confidence (Std <= 0.20)
WT_Cand_10242,6.107,0.021,High-Confidence (Std <= 0.20)
WT_Cand_10243,6.3,0.042,High-Confidence (Std <= 0.20)
WT_Cand_10244,7.443,0.261,Low-Confidence (Filtered Out)
WT_Cand_10245,8.715,0.197,High-Confidence (Std <= 0.20)
WT_Cand_10246,6.252,0.109,High-Confidence (Std <= 0.20)
WT_Cand_10247,5.318,0.268,Low-Confidence (Filtered Out)
WT_Cand_10248,7.576,0.374,Low-Confidence (Filtered Out)
WT_Cand_10249,7.769,0.044,High-Confidence (Std <= 0.20)
WT_Cand_10250,6.857,0.346,Low-Confidence (Filtered Out)
WT_Cand_10251,6.208,0.064,High-Confidence (Std <= 0.20)
WT_Cand_10252,7.994,0.077,High-Confidence (Std <= 0.20)
WT_Cand_10253,7.457,0.534,Low-Confidence (Filtered Out)
WT_Cand_10254,5.966,0.164,High-Confidence (Std <= 0.20)
WT_Cand_10255,6.906,0.089,High-Confidence (Std <= 0.20)
WT_Cand_10256,5.296,0.23,Low-Confidence (Filtered Out)
WT_Cand_10257,7.639,0.295,Low-Confidence (Filtered Out)
WT_Cand_10258,6.548,0.166,High-Confidence (Std <= 0.20)
WT_Cand_10259,6.349,0.089,High-Confidence (Std <= 0.20)
WT_Cand_10260,6.812,0.19,High-Confidence (Std <= 0.20)
WT_Cand_10261,6.896,0.243,Low-Confidence (Filtered Out)
WT_Cand_10262,7.879,0.125,High-Confidence (Std <= 0.20)
WT_Cand_10263,7.53,0.51,Low-Confidence (Filtered Out)
WT_Cand_10264,6.67,0.183,High-Confidence (Std <= 0.20)
WT_Cand_10265,7.728,0.282,Low-Confidence (Filtered Out)
WT_Cand_10266,7.311,0.289,Low-Confidence (Filtered Out)
WT_Cand_10267,6.359,0.027,High-Confidence (Std <= 0.20)
WT_Cand_10268,6.707,0.231,Low-Confidence (Filtered Out)
WT_Cand_10269,6.68,0.25,Low-Confidence (Filtered Out)
WT_Cand_10270,7.431,0.088,High-Confidence (Std <= 0.20)
WT_Cand_10271,6.428,0.074,High-Confidence (Std <= 0.20)
WT_Cand_10272,6.401,0.026,High-Confidence (Std <= 0.20)
WT_Cand_10273,9.114,0.401,Low-Confidence (Filtered Out)
WT_Cand_10274,7.931,0.061,High-Confidence (Std <= 0.20)
WT_Cand_10275,5.975,0.028,High-Confidence (Std <= 0.20)
WT_Cand_10276,7.507,0.105,High-Confidence (Std <= 0.20)
WT_Cand_10277,6.986,0.05,High-Confidence (Std <= 0.20)
WT_Cand_10278,7.3,0.027,High-Confidence (Std <= 0.20)
WT_Cand_10279,7.008,0.704,Low-Confidence (Filtered Out)
WT_Cand_10280,8.218,0.047,High-Confidence (Std <= 0.20)
WT_Cand_10281,7.247,0.065,High-Confidence (Std <= 0.20)
WT_Cand_10282,6.779,0.159,High-Confidence (Std <= 0.20)
WT_Cand_10283,8.049,0.027,High-Confidence (Std <= 0.20)
WT_Cand_10284,7.118,0.131,High-Confidence (Std <= 0.20)
WT_Cand_10285,6.99,0.238,Low-Confidence (Filtered Out)
WT_Cand_10286,7.211,0.174,High-Confidence (Std <= 0.20)
WT_Cand_10287,6.742,0.207,Low-Confidence (Filtered Out)
WT_Cand_10288,6.861,0.126,High-Confidence (Std <= 0.20)
WT_Cand_10289,6.175,0.091,High-Confidence (Std <= 0.20)
WT_Cand_10290,5.986,0.21,Low-Confidence (Filtered Out)
WT_Cand_10291,5.702,0.198,High-Confidence (Std <= 0.20)
WT_Cand_10292,5.249,0.044,High-Confidence (Std <= 0.20)
WT_Cand_10293,5.838,0.157,High-Confidence (Std <= 0.20)
WT_Cand_10294,6.65,0.134,High-Confidence (Std <= 0.20)
WT_Cand_10295,6.969,0.243,Low-Confidence (Filtered Out)
WT_Cand_10296,6.538,0.189,High-Confidence (Std <= 0.20)
WT_Cand_10297,4.141,0.371,Low-Confidence (Filtered Out)
WT_Cand_10298,8.661,0.298,Low-Confidence (Filtered Out)
WT_Cand_10299,8.099,0.327,Low-Confidence (Filtered Out)
WT_Cand_10300,7.363,0.248,Low-Confidence (Filtered Out)
WT_Cand_10301,9.044,0.315,Low-Confidence (Filtered Out)
WT_Cand_10302,5.726,0.099,High-Confidence (Std <= 0.20)
WT_Cand_10303,9.021,0.289,Low-Confidence (Filtered Out)
WT_Cand_10304,5.74,0.135,High-Confidence (Std <= 0.20)
WT_Cand_10305,7.125,0.028,High-Confidence (Std <= 0.20)
WT_Cand_10306,5.385,0.286,Low-Confidence (Filtered Out)
WT_Cand_10307,6.867,0.175,High-Confidence (Std <= 0.20)
WT_Cand_10308,7.294,0.421,Low-Confidence (Filtered Out)
WT_Cand_10309,6.672,0.155,High-Confidence (Std <= 0.20)
WT_Cand_10310,7.671,0.063,High-Confidence (Std <= 0.20)
WT_Cand_10311,6.964,0.082,High-Confidence (Std <= 0.20)
WT_Cand_10312,6.249,0.115,High-Confidence (Std <= 0.20)
WT_Cand_10313,6.198,0.179,High-Confidence (Std <= 0.20)
WT_Cand_10314,7.783,0.319,Low-Confidence (Filtered Out)
WT_Cand_10315,6.098,0.176,High-Confidence (Std <= 0.20)
WT_Cand_10316,7.903,0.043,High-Confidence (Std <= 0.20)
WT_Cand_10317,8.256,0.181,High-Confidence (Std <= 0.20)
WT_Cand_10318,4.931,0.359,Low-Confidence (Filtered Out)
WT_Cand_10319,8.153,0.158,High-Confidence (Std <= 0.20)
WT_Cand_10320,9.219,0.206,Low-Confidence (Filtered Out)
WT_Cand_10321,7.14,0.131,High-Confidence (Std <= 0.20)
WT_Cand_10322,7.539,0.13,High-Confidence (Std <= 0.20)
WT_Cand_10323,8.043,0.329,Low-Confidence (Filtered Out)
WT_Cand_10324,6.533,0.267,Low-Confidence (Filtered Out)
WT_Cand_10325,7.06,0.745,Low-Confidence (Filtered Out)
WT_Cand_10326,5.339,0.091,High-Confidence (Std <= 0.20)
WT_Cand_10327,7.009,0.073,High-Confidence (Std <= 0.20)
WT_Cand_10328,7.423,0.03,High-Confidence (Std <= 0.20)
WT_Cand_10329,7.444,0.114,High-Confidence (Std <= 0.20)
WT_Cand_10330,8.075,0.137,High-Confidence (Std <= 0.20)
WT_Cand_10331,5.959,0.069,High-Confidence (Std <= 0.20)
WT_Cand_10332,6.238,0.21,Low-Confidence (Filtered Out)
WT_Cand_10333,9.03,0.271,Low-Confidence (Filtered Out)
WT_Cand_10334,6.677,0.202,Low-Confidence (Filtered Out)
WT_Cand_10335,7.08,0.049,High-Confidence (Std <= 0.20)
WT_Cand_10336,6.773,0.075,High-Confidence (Std <= 0.20)
WT_Cand_10337,5.905,0.152,High-Confidence (Std <= 0.20)
WT_Cand_10338,8.717,0.345,Low-Confidence (Filtered Out)
WT_Cand_10339,6.243,0.125,High-Confidence (Std <= 0.20)
WT_Cand_10340,5.554,0.011,High-Confidence (Std <= 0.20)
WT_Cand_10341,6.332,0.113,High-Confidence (Std <= 0.20)
WT_Cand_10342,4.548,0.144,High-Confidence (Std <= 0.20)
WT_Cand_10343,6.101,0.455,Low-Confidence (Filtered Out)
WT_Cand_10344,5.737,0.01,High-Confidence (Std <= 0.20)
WT_Cand_10345,7.56,0.273,Low-Confidence (Filtered Out)
WT_Cand_10346,6.076,0.03,High-Confidence (Std <= 0.20)
WT_Cand_10347,7.871,0.093,High-Confidence (Std <= 0.20)
WT_Cand_10348,8.458,0.197,High-Confidence (Std <= 0.20)
WT_Cand_10349,7.748,0.302,Low-Confidence (Filtered Out)
WT_Cand_10350,6.602,0.076,High-Confidence (Std <= 0.20)
WT_Cand_10351,7.012,0.097,High-Confidence (Std <= 0.20)
WT_Cand_10352,5.096,0.124,High-Confidence (Std <= 0.20)
WT_Cand_10353,6.696,0.071,High-Confidence (Std <= 0.20)
WT_Cand_10354,5.86,0.422,Low-Confidence (Filtered Out)
WT_Cand_10355,7.648,0.174,High-Confidence (Std <= 0.20)
WT_Cand_10356,9.809,0.255,Low-Confidence (Filtered Out)
WT_Cand_10357,7.425,0.125,High-Confidence (Std <= 0.20)
WT_Cand_10358,4.56,0.124,High-Confidence (Std <= 0.20)
WT_Cand_10359,6.435,0.323,Low-Confidence (Filtered Out)
WT_Cand_10360,6.991,0.143,High-Confidence (Std <= 0.20)
WT_Cand_10361,6.95,0.223,Low-Confidence (Filtered Out)
WT_Cand_10362,6.01,0.103,High-Confidence (Std <= 0.20)
WT_Cand_10363,7.132,0.078,High-Confidence (Std <= 0.20)
WT_Cand_10364,5.421,0.168,High-Confidence (Std <= 0.20)
WT_Cand_10365,5.763,0.063,High-Confidence (Std <= 0.20)
WT_Cand_10366,7.593,0.024,High-Confidence (Std <= 0.20)
WT_Cand_10367,5.682,0.104,High-Confidence (Std <= 0.20)
WT_Cand_10368,7.469,0.497,Low-Confidence (Filtered Out)
WT_Cand_10369,5.275,0.217,Low-Confidence (Filtered Out)
WT_Cand_10370,8.88,0.089,High-Confidence (Std <= 0.20)
WT_Cand_10371,5.96,0.225,Low-Confidence (Filtered Out)
WT_Cand_10372,6.593,0.36,Low-Confidence (Filtered Out)
WT_Cand_10373,7.23,0.07,High-Confidence (Std <= 0.20)
WT_Cand_10374,6.2,0.224,Low-Confidence (Filtered Out)
WT_Cand_10375,7.015,0.102,High-Confidence (Std <= 0.20)
WT_Cand_10376,7.512,0.391,Low-Confidence (Filtered Out)
WT_Cand_10377,7.955,0.088,High-Confidence (Std <= 0.20)
WT_Cand_10378,7.76,0.098,High-Confidence (Std <= 0.20)
WT_Cand_10379,6.652,0.205,Low-Confidence (Filtered Out)
WT_Cand_10380,6.681,0.061,High-Confidence (Std <= 0.20)
WT_Cand_10381,9.551,0.056,High-Confidence (Std <= 0.20)
WT_Cand_10382,7.942,0.379,Low-Confidence (Filtered Out)
WT_Cand_10383,5.79,0.324,Low-Confidence (Filtered Out)
WT_Cand_10384,6.965,0.261,Low-Confidence (Filtered Out)
WT_Cand_10385,6.465,0.076,High-Confidence (Std <= 0.20)
WT_Cand_10386,6.694,0.148,High-Confidence (Std <= 0.20)
WT_Cand_10387,5.436,0.165,High-Confidence (Std <= 0.20)
WT_Cand_10388,6.376,0.474,Low-Confidence (Filtered Out)
WT_Cand_10389,8.933,0.137,High-Confidence (Std <= 0.20)
WT_Cand_10390,7.516,0.069,High-Confidence (Std <= 0.20)
WT_Cand_10391,3.985,0.243,Low-Confidence (Filtered Out)
WT_Cand_10392,8.249,0.168,High-Confidence (Std <= 0.20)
WT_Cand_10393,8.103,0.27,Low-Confidence (Filtered Out)
WT_Cand_10394,6.437,0.416,Low-Confidence (Filtered Out)
WT_Cand_10395,7.675,0.435,Low-Confidence (Filtered Out)
WT_Cand_10396,5.862,0.085,High-Confidence (Std <= 0.20)
WT_Cand_10397,6.309,0.104,High-Confidence (Std <= 0.20)
WT_Cand_10398,8.573,0.007,High-Confidence (Std <= 0.20)
WT_Cand_10399,6.538,0.068,High-Confidence (Std <= 0.20)
WT_Cand_10400,4.7,0.134,High-Confidence (Std <= 0.20)
WT_Cand_10401,6.777,0.385,Low-Confidence (Filtered Out)
WT_Cand_10402,6.76,0.13,High-Confidence (Std <= 0.20)
WT_Cand_10403,8.228,0.302,Low-Confidence (Filtered Out)
WT_Cand_10404,6.866,0.08,High-Confidence (Std <= 0.20)
WT_Cand_10405,6.365,0.045,High-Confidence (Std <= 0.20)
WT_Cand_10406,8.052,0.144,High-Confidence (Std <= 0.20)
WT_Cand_10407,6.989,0.185,High-Confidence (Std <= 0.20)
WT_Cand_10408,5.987,0.069,High-Confidence (Std <= 0.20)
WT_Cand_10409,8.178,0.038,High-Confidence (Std <= 0.20)
WT_Cand_10410,7.073,0.089,High-Confidence (Std <= 0.20)
WT_Cand_10411,6.853,0.241,Low-Confidence (Filtered Out)
WT_Cand_10412,7.055,0.144,High-Confidence (Std <= 0.20)
WT_Cand_10413,5.619,0.054,High-Confidence (Std <= 0.20)
WT_Cand_10414,6.243,0.064,High-Confidence (Std <= 0.20)
WT_Cand_10415,6.854,0.264,Low-Confidence (Filtered Out)
WT_Cand_10416,6.626,0.121,High-Confidence (Std <= 0.20)
WT_Cand_10417,8.313,0.027,High-Confidence (Std <= 0.20)
WT_Cand_10418,7.1,0.353,Low-Confidence (Filtered Out)
WT_Cand_10419,7.833,0.029,High-Confidence (Std <= 0.20)
WT_Cand_10420,6.861,0.315,Low-Confidence (Filtered Out)
WT_Cand_10421,8.065,0.082,High-Confidence (Std <= 0.20)
WT_Cand_10422,7.307,0.051,High-Confidence (Std <= 0.20)
WT_Cand_10423,6.865,0.162,High-Confidence (Std <= 0.20)
WT_Cand_10424,6.835,0.114,High-Confidence (Std <= 0.20)
WT_Cand_10425,5.752,0.088,High-Confidence (Std <= 0.20)
WT_Cand_10426,7.433,0.17,High-Confidence (Std <= 0.20)
WT_Cand_10427,6.804,0.035,High-Confidence (Std <= 0.20)
WT_Cand_10428,6.273,0.154,High-Confidence (Std <= 0.20)
WT_Cand_10429,8.122,0.164,High-Confidence (Std <= 0.20)
WT_Cand_10430,5.412,0.082,High-Confidence (Std <= 0.20)
WT_Cand_10431,6.364,0.0,High-Confidence (Std <= 0.20)
WT_Cand_10432,8.032,0.119,High-Confidence (Std <= 0.20)
WT_Cand_10433,7.213,0.116,High-Confidence (Std <= 0.20)
WT_Cand_10434,6.795,0.105,High-Confidence (Std <= 0.20)
WT_Cand_10435,7.139,0.017,High-Confidence (Std <= 0.20)
WT_Cand_10436,7.056,0.155,High-Confidence (Std <= 0.20)
WT_Cand_10437,5.106,0.288,Low-Confidence (Filtered Out)
WT_Cand_10438,6.448,0.109,High-Confidence (Std <= 0.20)
WT_Cand_10439,8.709,0.035,High-Confidence (Std <= 0.20)
WT_Cand_10440,6.092,0.202,Low-Confidence (Filtered Out)
WT_Cand_10441,6.484,0.422,Low-Confidence (Filtered Out)
WT_Cand_10442,6.227,0.054,High-Confidence (Std <= 0.20)
WT_Cand_10443,6.75,0.056,High-Confidence (Std <= 0.20)
WT_Cand_10444,6.179,0.36,Low-Confidence (Filtered Out)
WT_Cand_10445,7.41,0.119,High-Confidence (Std <= 0.20)
WT_Cand_10446,7.077,0.015,High-Confidence (Std <= 0.20)
WT_Cand_10447,7.74,0.523,Low-Confidence (Filtered Out)
WT_Cand_10448,5.641,0.003,High-Confidence (Std <= 0.20)
WT_Cand_10449,6.459,0.011,High-Confidence (Std <= 0.20)
WT_Cand_10450,6.59,0.039,High-Confidence (Std <= 0.20)
WT_Cand_10451,7.374,0.248,Low-Confidence (Filtered Out)
WT_Cand_10452,5.938,0.266,Low-Confidence (Filtered Out)
WT_Cand_10453,7.903,0.029,High-Confidence (Std <= 0.20)
WT_Cand_10454,8.214,0.059,High-Confidence (Std <= 0.20)
WT_Cand_10455,5.713,0.18,High-Confidence (Std <= 0.20)
WT_Cand_10456,6.285,0.418,Low-Confidence (Filtered Out)
WT_Cand_10457,6.238,0.003,High-Confidence (Std <= 0.20)
WT_Cand_10458,9.877,0.013,High-Confidence (Std <= 0.20)
WT_Cand_10459,6.356,0.082,High-Confidence (Std <= 0.20)
WT_Cand_10460,8.779,0.022,High-Confidence (Std <= 0.20)
WT_Cand_10461,5.393,0.344,Low-Confidence (Filtered Out)
WT_Cand_10462,5.712,0.128,High-Confidence (Std <= 0.20)
WT_Cand_10463,6.06,0.32,Low-Confidence (Filtered Out)
WT_Cand_10464,5.877,0.182,High-Confidence (Std <= 0.20)
WT_Cand_10465,6.542,0.241,Low-Confidence (Filtered Out)
WT_Cand_10466,6.035,0.068,High-Confidence (Std <= 0.20)
WT_Cand_10467,5.908,0.01,High-Confidence (Std <= 0.20)
WT_Cand_10468,8.182,0.113,High-Confidence (Std <= 0.20)
WT_Cand_10469,8.257,0.289,Low-Confidence (Filtered Out)
WT_Cand_10470,7.942,0.512,Low-Confidence (Filtered Out)
WT_Cand_10471,7.453,0.106,High-Confidence (Std <= 0.20)
WT_Cand_10472,6.957,0.25,Low-Confidence (Filtered Out)
WT_Cand_10473,6.278,0.067,High-Confidence (Std <= 0.20)
WT_Cand_10474,5.754,0.09,High-Confidence (Std <= 0.20)
WT_Cand_10475,7.267,0.125,High-Confidence (Std <= 0.20)
WT_Cand_10476,5.5,0.444,Low-Confidence (Filtered Out)
WT_Cand_10477,5.707,0.242,Low-Confidence (Filtered Out)
WT_Cand_10478,8.176,0.214,Low-Confidence (Filtered Out)
WT_Cand_10479,9.036,0.426,Low-Confidence (Filtered Out)
WT_Cand_10480,7.302,0.058,High-Confidence (Std <= 0.20)
WT_Cand_10481,8.122,0.104,High-Confidence (Std <= 0.20)
WT_Cand_10482,6.567,0.216,Low-Confidence (Filtered Out)
WT_Cand_10483,5.312,0.077,High-Confidence (Std <= 0.20)
WT_Cand_10484,7.554,0.1,High-Confidence (Std <= 0.20)
WT_Cand_10485,7.505,0.168,High-Confidence (Std <= 0.20)
WT_Cand_10486,6.932,0.13,High-Confidence (Std <= 0.20)
WT_Cand_10487,6.571,0.042,High-Confidence (Std <= 0.20)
WT_Cand_10488,7.957,0.066,High-Confidence (Std <= 0.20)
WT_Cand_10489,5.716,0.041,High-Confidence (Std <= 0.20)
WT_Cand_10490,5.96,0.249,Low-Confidence (Filtered Out)
WT_Cand_10491,5.691,0.063,High-Confidence (Std <= 0.20)
WT_Cand_10492,6.948,0.217,Low-Confidence (Filtered Out)
WT_Cand_10493,5.599,0.155,High-Confidence (Std <= 0.20)
WT_Cand_10494,6.063,0.133,High-Confidence (Std <= 0.20)
WT_Cand_10495,6.038,0.033,High-Confidence (Std <= 0.20)
WT_Cand_10496,6.55,0.154,High-Confidence (Std <= 0.20)
WT_Cand_10497,5.14,0.199,High-Confidence (Std <= 0.20)
WT_Cand_10498,6.95,0.251,Low-Confidence (Filtered Out)
WT_Cand_10499,8.284,0.04,High-Confidence (Std <= 0.20)
WT_Cand_10500,7.006,0.108,High-Confidence (Std <= 0.20)
WT_Cand_10501,8.623,0.305,Low-Confidence (Filtered Out)
WT_Cand_10502,8.384,0.279,Low-Confidence (Filtered Out)
WT_Cand_10503,7.744,0.125,High-Confidence (Std <= 0.20)
WT_Cand_10504,6.936,0.032,High-Confidence (Std <= 0.20)
WT_Cand_10505,6.876,0.262,Low-Confidence (Filtered Out)
WT_Cand_10506,7.728,0.135,High-Confidence (Std <= 0.20)
WT_Cand_10507,6.4,0.051,High-Confidence (Std <= 0.20)
WT_Cand_10508,4.685,0.112,High-Confidence (Std <= 0.20)
WT_Cand_10509,7.416,0.033,High-Confidence (Std <= 0.20)
WT_Cand_10510,5.549,0.261,Low-Confidence (Filtered Out)
WT_Cand_10511,5.744,0.016,High-Confidence (Std <= 0.20)
WT_Cand_10512,6.85,0.322,Low-Confidence (Filtered Out)
WT_Cand_10513,6.741,0.172,High-Confidence (Std <= 0.20)
WT_Cand_10514,5.226,0.033,High-Confidence (Std <= 0.20)
WT_Cand_10515,7.04,0.102,High-Confidence (Std <= 0.20)
WT_Cand_10516,7.961,0.091,High-Confidence (Std <= 0.20)
WT_Cand_10517,5.552,0.055,High-Confidence (Std <= 0.20)
WT_Cand_10518,8.313,0.158,High-Confidence (Std <= 0.20)
WT_Cand_10519,5.056,0.431,Low-Confidence (Filtered Out)
WT_Cand_10520,9.285,0.061,High-Confidence (Std <= 0.20)
WT_Cand_10521,6.377,0.145,High-Confidence (Std <= 0.20)
WT_Cand_10522,7.017,0.137,High-Confidence (Std <= 0.20)
WT_Cand_10523,4.674,0.157,High-Confidence (Std <= 0.20)
WT_Cand_10524,6.779,0.004,High-Confidence (Std <= 0.20)
WT_Cand_10525,7.113,0.34,Low-Confidence (Filtered Out)
WT_Cand_10526,6.751,0.721,Low-Confidence (Filtered Out)
WT_Cand_10527,6.202,0.135,High-Confidence (Std <= 0.20)
WT_Cand_10528,5.761,0.246,Low-Confidence (Filtered Out)
WT_Cand_10529,8.15,0.192,High-Confidence (Std <= 0.20)
WT_Cand_10530,6.885,0.039,High-Confidence (Std <= 0.20)
WT_Cand_10531,8.622,0.125,High-Confidence (Std <= 0.20)
WT_Cand_10532,6.245,0.067,High-Confidence (Std <= 0.20)
WT_Cand_10533,6.35,0.114,High-Confidence (Std <= 0.20)
WT_Cand_10534,7.788,0.141,High-Confidence (Std <= 0.20)
WT_Cand_10535,4.984,0.15,High-Confidence (Std <= 0.20)
WT_Cand_10536,5.455,0.061,High-Confidence (Std <= 0.20)
WT_Cand_10537,8.112,0.151,High-Confidence (Std <= 0.20)
WT_Cand_10538,5.502,0.118,High-Confidence (Std <= 0.20)
WT_Cand_10539,4.758,0.319,Low-Confidence (Filtered Out)
WT_Cand_10540,8.999,0.236,Low-Confidence (Filtered Out)
WT_Cand_10541,5.247,0.275,Low-Confidence (Filtered Out)
WT_Cand_10542,7.062,0.291,Low-Confidence (Filtered Out)
WT_Cand_10543,6.929,0.049,High-Confidence (Std <= 0.20)
WT_Cand_10544,3.618,0.228,Low-Confidence (Filtered Out)
WT_Cand_10545,6.543,0.047,High-Confidence (Std <= 0.20)
WT_Cand_10546,7.366,0.391,Low-Confidence (Filtered Out)
WT_Cand_10547,7.257,0.224,Low-Confidence (Filtered Out)
WT_Cand_10548,7.889,0.043,High-Confidence (Std <= 0.20)
WT_Cand_10549,6.404,0.155,High-Confidence (Std <= 0.20)
WT_Cand_10550,7.669,0.057,High-Confidence (Std <= 0.20)
WT_Cand_10551,6.057,0.085,High-Confidence (Std <= 0.20)
WT_Cand_10552,5.228,0.178,High-Confidence (Std <= 0.20)
WT_Cand_10553,5.358,0.075,High-Confidence (Std <= 0.20)
WT_Cand_10554,5.169,0.105,High-Confidence (Std <= 0.20)
WT_Cand_10555,8.011,0.296,Low-Confidence (Filtered Out)
WT_Cand_10556,5.108,0.114,High-Confidence (Std <= 0.20)
WT_Cand_10557,7.165,0.05,High-Confidence (Std <= 0.20)
WT_Cand_10558,6.544,0.238,Low-Confidence (Filtered Out)
WT_Cand_10559,6.732,0.235,Low-Confidence (Filtered Out)
WT_Cand_10560,8.418,0.156,High-Confidence (Std <= 0.20)
WT_Cand_10561,6.346,0.652,Low-Confidence (Filtered Out)
WT_Cand_10562,7.553,0.1,High-Confidence (Std <= 0.20)
WT_Cand_10563,6.893,0.323,Low-Confidence (Filtered Out)
WT_Cand_10564,6.675,0.067,High-Confidence (Std <= 0.20)
WT_Cand_10565,9.495,0.249,Low-Confidence (Filtered Out)
WT_Cand_10566,5.192,0.042,High-Confidence (Std <= 0.20)
WT_Cand_10567,8.333,0.244,Low-Confidence (Filtered Out)
WT_Cand_10568,7.605,0.105,High-Confidence (Std <= 0.20)
WT_Cand_10569,6.299,0.205,Low-Confidence (Filtered Out)
WT_Cand_10570,8.724,0.162,High-Confidence (Std <= 0.20)
WT_Cand_10571,4.725,0.231,Low-Confidence (Filtered Out)
WT_Cand_10572,6.25,0.011,High-Confidence (Std <= 0.20)
WT_Cand_10573,5.46,0.117,High-Confidence (Std <= 0.20)
WT_Cand_10574,7.324,0.308,Low-Confidence (Filtered Out)
WT_Cand_10575,5.57,0.343,Low-Confidence (Filtered Out)
WT_Cand_10576,7.348,0.198,High-Confidence (Std <= 0.20)
WT_Cand_10577,6.636,0.318,Low-Confidence (Filtered Out)
WT_Cand_10578,6.299,0.112,High-Confidence (Std <= 0.20)
WT_Cand_10579,7.297,0.07,High-Confidence (Std <= 0.20)
WT_Cand_10580,6.541,0.145,High-Confidence (Std <= 0.20)
WT_Cand_10581,5.598,0.164,High-Confidence (Std <= 0.20)
WT_Cand_10582,10.072,0.188,High-Confidence (Std <= 0.20)
WT_Cand_10583,6.29,0.135,High-Confidence (Std <= 0.20)
WT_Cand_10584,4.3,0.137,High-Confidence (Std <= 0.20)
WT_Cand_10585,5.882,0.257,Low-Confidence (Filtered Out)
WT_Cand_10586,5.393,0.056,High-Confidence (Std <= 0.20)
WT_Cand_10587,7.8,0.162,High-Confidence (Std <= 0.20)
WT_Cand_10588,7.22,0.198,High-Confidence (Std <= 0.20)
WT_Cand_10589,7.309,0.075,High-Confidence (Std <= 0.20)
WT_Cand_10590,6.424,0.103,High-Confidence (Std <= 0.20)
WT_Cand_10591,6.529,0.441,Low-Confidence (Filtered Out)
WT_Cand_10592,6.423,0.155,High-Confidence (Std <= 0.20)
WT_Cand_10593,6.757,0.797,Low-Confidence (Filtered Out)
WT_Cand_10594,7.811,0.145,High-Confidence (Std <= 0.20)
WT_Cand_10595,7.236,0.268,Low-Confidence (Filtered Out)
WT_Cand_10596,7.425,0.024,High-Confidence (Std <= 0.20)
WT_Cand_10597,7.424,0.011,High-Confidence (Std <= 0.20)
WT_Cand_10598,7.867,0.048,High-Confidence (Std <= 0.20)
WT_Cand_10599,7.181,0.295,Low-Confidence (Filtered Out)
WT_Cand_10600,7.263,0.105,High-Confidence (Std <= 0.20)
WT_Cand_10601,8.217,0.023,High-Confidence (Std <= 0.20)
WT_Cand_10602,6.085,0.143,High-Confidence (Std <= 0.20)
WT_Cand_10603,5.866,0.273,Low-Confidence (Filtered Out)
WT_Cand_10604,5.486,0.054,High-Confidence (Std <= 0.20)
WT_Cand_10605,7.06,0.286,Low-Confidence (Filtered Out)
WT_Cand_10606,4.718,0.033,High-Confidence (Std <= 0.20)
WT_Cand_10607,7.381,0.267,Low-Confidence (Filtered Out)
WT_Cand_10608,6.724,0.07,High-Confidence (Std <= 0.20)
WT_Cand_10609,8.155,0.365,Low-Confidence (Filtered Out)
WT_Cand_10610,6.077,0.421,Low-Confidence (Filtered Out)
WT_Cand_10611,6.616,0.19,High-Confidence (Std <= 0.20)
WT_Cand_10612,8.141,0.075,High-Confidence (Std <= 0.20)
WT_Cand_10613,8.441,0.83,Low-Confidence (Filtered Out)
WT_Cand_10614,6.068,0.064,High-Confidence (Std <= 0.20)
WT_Cand_10615,7.059,0.466,Low-Confidence (Filtered Out)
WT_Cand_10616,7.189,0.596,Low-Confidence (Filtered Out)
WT_Cand_10617,7.28,0.196,High-Confidence (Std <= 0.20)
WT_Cand_10618,6.548,0.042,High-Confidence (Std <= 0.20)
WT_Cand_10619,8.324,0.182,High-Confidence (Std <= 0.20)
WT_Cand_10620,4.677,0.665,Low-Confidence (Filtered Out)
WT_Cand_10621,6.366,0.075,High-Confidence (Std <= 0.20)
WT_Cand_10622,7.365,0.127,High-Confidence (Std <= 0.20)
WT_Cand_10623,7.376,0.007,High-Confidence (Std <= 0.20)
WT_Cand_10624,8.406,0.128,High-Confidence (Std <= 0.20)
WT_Cand_10625,8.228,0.24,Low-Confidence (Filtered Out)
WT_Cand_10626,6.522,0.049,High-Confidence (Std <= 0.20)
WT_Cand_10627,8.345,0.452,Low-Confidence (Filtered Out)
WT_Cand_10628,6.029,0.028,High-Confidence (Std <= 0.20)
WT_Cand_10629,7.921,0.076,High-Confidence (Std <= 0.20)
WT_Cand_10630,8.932,0.389,Low-Confidence (Filtered Out)
WT_Cand_10631,8.247,0.119,High-Confidence (Std <= 0.20)
WT_Cand_10632,6.972,0.528,Low-Confidence (Filtered Out)
WT_Cand_10633,6.468,0.097,High-Confidence (Std <= 0.20)
WT_Cand_10634,5.092,0.187,High-Confidence (Std <= 0.20)
WT_Cand_10635,7.207,0.648,Low-Confidence (Filtered Out)
WT_Cand_10636,5.568,0.157,High-Confidence (Std <= 0.20)
WT_Cand_10637,5.938,0.225,Low-Confidence (Filtered Out)
WT_Cand_10638,5.481,0.136,High-Confidence (Std <= 0.20)
WT_Cand_10639,6.321,0.123,High-Confidence (Std <= 0.20)
WT_Cand_10640,6.818,0.075,High-Confidence (Std <= 0.20)
WT_Cand_10641,7.165,0.201,Low-Confidence (Filtered Out)
WT_Cand_10642,6.159,0.106,High-Confidence (Std <= 0.20)
WT_Cand_10643,8.08,0.236,Low-Confidence (Filtered Out)
WT_Cand_10644,6.611,0.155,High-Confidence (Std <= 0.20)
WT_Cand_10645,5.944,0.096,High-Confidence (Std <= 0.20)
WT_Cand_10646,7.11,0.457,Low-Confidence (Filtered Out)
WT_Cand_10647,9.108,0.067,High-Confidence (Std <= 0.20)
WT_Cand_10648,7.235,0.079,High-Confidence (Std <= 0.20)
WT_Cand_10649,6.433,0.006,High-Confidence (Std <= 0.20)
WT_Cand_10650,5.093,0.111,High-Confidence (Std <= 0.20)
WT_Cand_10651,6.598,0.43,Low-Confidence (Filtered Out)
WT_Cand_10652,7.12,0.438,Low-Confidence (Filtered Out)
WT_Cand_10653,6.404,0.087,High-Confidence (Std <= 0.20)
WT_Cand_10654,4.935,0.219,Low-Confidence (Filtered Out)
WT_Cand_10655,5.872,0.262,Low-Confidence (Filtered Out)
WT_Cand_10656,8.523,0.025,High-Confidence (Std <= 0.20)
WT_Cand_10657,8.499,0.353,Low-Confidence (Filtered Out)
WT_Cand_10658,5.83,0.032,High-Confidence (Std <= 0.20)
WT_Cand_10659,7.624,0.094,High-Confidence (Std <= 0.20)
WT_Cand_10660,5.495,0.043,High-Confidence (Std <= 0.20)
WT_Cand_10661,8.465,0.185,High-Confidence (Std <= 0.20)
WT_Cand_10662,7.132,0.059,High-Confidence (Std <= 0.20)
WT_Cand_10663,7.942,0.075,High-Confidence (Std <= 0.20)
WT_Cand_10664,4.878,0.301,Low-Confidence (Filtered Out)
WT_Cand_10665,7.629,0.085,High-Confidence (Std <= 0.20)
WT_Cand_10666,6.841,0.138,High-Confidence (Std <= 0.20)
WT_Cand_10667,7.83,0.031,High-Confidence (Std <= 0.20)
WT_Cand_10668,7.902,0.019,High-Confidence (Std <= 0.20)
WT_Cand_10669,6.926,0.163,High-Confidence (Std <= 0.20)
WT_Cand_10670,6.159,0.082,High-Confidence (Std <= 0.20)
WT_Cand_10671,7.747,0.515,Low-Confidence (Filtered Out)
WT_Cand_10672,6.781,0.697,Low-Confidence (Filtered Out)
WT_Cand_10673,5.846,0.035,High-Confidence (Std <= 0.20)
WT_Cand_10674,5.792,0.021,High-Confidence (Std <= 0.20)
WT_Cand_10675,5.151,0.524,Low-Confidence (Filtered Out)
WT_Cand_10676,6.263,0.206,Low-Confidence (Filtered Out)
WT_Cand_10677,8.118,0.16,High-Confidence (Std <= 0.20)
WT_Cand_10678,7.055,0.024,High-Confidence (Std <= 0.20)
WT_Cand_10679,6.241,0.658,Low-Confidence (Filtered Out)
WT_Cand_10680,7.776,0.057,High-Confidence (Std <= 0.20)
WT_Cand_10681,5.893,0.269,Low-Confidence (Filtered Out)
WT_Cand_10682,6.96,0.258,Low-Confidence (Filtered Out)
WT_Cand_10683,6.643,0.018,High-Confidence (Std <= 0.20)
WT_Cand_10684,7.746,0.069,High-Confidence (Std <= 0.20)
WT_Cand_10685,5.036,0.027,High-Confidence (Std <= 0.20)
WT_Cand_10686,5.872,0.008,High-Confidence (Std <= 0.20)
WT_Cand_10687,4.966,0.111,High-Confidence (Std <= 0.20)
WT_Cand_10688,6.551,0.032,High-Confidence (Std <= 0.20)
WT_Cand_10689,8.243,0.057,High-Confidence (Std <= 0.20)
WT_Cand_10690,6.269,0.023,High-Confidence (Std <= 0.20)
WT_Cand_10691,6.263,0.098,High-Confidence (Std <= 0.20)
WT_Cand_10692,7.852,0.512,Low-Confidence (Filtered Out)
WT_Cand_10693,8.079,0.182,High-Confidence (Std <= 0.20)
WT_Cand_10694,6.748,0.079,High-Confidence (Std <= 0.20)
WT_Cand_10695,7.637,0.128,High-Confidence (Std <= 0.20)
WT_Cand_10696,5.612,0.17,High-Confidence (Std <= 0.20)
WT_Cand_10697,8.435,0.173,High-Confidence (Std <= 0.20)
WT_Cand_10698,9.321,0.102,High-Confidence (Std <= 0.20)
WT_Cand_10699,7.449,0.065,High-Confidence (Std <= 0.20)
WT_Cand_10700,4.453,0.268,Low-Confidence (Filtered Out)
WT_Cand_10701,6.208,0.038,High-Confidence (Std <= 0.20)
WT_Cand_10702,7.555,0.271,Low-Confidence (Filtered Out)
WT_Cand_10703,6.365,0.087,High-Confidence (Std <= 0.20)
WT_Cand_10704,8.313,0.356,Low-Confidence (Filtered Out)
WT_Cand_10705,7.526,0.045,High-Confidence (Std <= 0.20)
WT_Cand_10706,6.038,0.044,High-Confidence (Std <= 0.20)
WT_Cand_10707,6.887,0.143,High-Confidence (Std <= 0.20)
WT_Cand_10708,5.822,0.056,High-Confidence (Std <= 0.20)
WT_Cand_10709,6.64,0.528,Low-Confidence (Filtered Out)
WT_Cand_10710,6.212,0.067,High-Confidence (Std <= 0.20)
WT_Cand_10711,8.201,0.05,High-Confidence (Std <= 0.20)
WT_Cand_10712,9.283,0.199,High-Confidence (Std <= 0.20)
WT_Cand_10713,5.204,0.554,Low-Confidence (Filtered Out)
WT_Cand_10714,4.638,0.233,Low-Confidence (Filtered Out)
WT_Cand_10715,6.568,0.172,High-Confidence (Std <= 0.20)
WT_Cand_10716,5.104,0.06,High-Confidence (Std <= 0.20)
WT_Cand_10717,6.903,0.119,High-Confidence (Std <= 0.20)
WT_Cand_10718,7.711,0.069,High-Confidence (Std <= 0.20)
WT_Cand_10719,8.568,0.085,High-Confidence (Std <= 0.20)
WT_Cand_10720,7.082,0.291,Low-Confidence (Filtered Out)
WT_Cand_10721,6.628,0.188,High-Confidence (Std <= 0.20)
WT_Cand_10722,4.575,0.094,High-Confidence (Std <= 0.20)
WT_Cand_10723,6.88,0.016,High-Confidence (Std <= 0.20)
WT_Cand_10724,6.932,0.725,Low-Confidence (Filtered Out)
WT_Cand_10725,7.585,0.293,Low-Confidence (Filtered Out)
WT_Cand_10726,6.035,0.067,High-Confidence (Std <= 0.20)
WT_Cand_10727,6.35,0.159,High-Confidence (Std <= 0.20)
WT_Cand_10728,5.15,0.051,High-Confidence (Std <= 0.20)
WT_Cand_10729,4.215,0.064,High-Confidence (Std <= 0.20)
WT_Cand_10730,5.575,0.059,High-Confidence (Std <= 0.20)
WT_Cand_10731,5.044,0.149,High-Confidence (Std <= 0.20)
WT_Cand_10732,7.237,0.06,High-Confidence (Std <= 0.20)
WT_Cand_10733,6.254,0.143,High-Confidence (Std <= 0.20)
WT_Cand_10734,6.231,0.393,Low-Confidence (Filtered Out)
WT_Cand_10735,5.718,0.036,High-Confidence (Std <= 0.20)
WT_Cand_10736,3.133,0.036,High-Confidence (Std <= 0.20)
WT_Cand_10737,8.585,0.463,Low-Confidence (Filtered Out)
WT_Cand_10738,5.7,0.238,Low-Confidence (Filtered Out)
WT_Cand_10739,6.376,0.135,High-Confidence (Std <= 0.20)
WT_Cand_10740,5.177,0.022,High-Confidence (Std <= 0.20)
WT_Cand_10741,7.968,0.017,High-Confidence (Std <= 0.20)
WT_Cand_10742,7.015,0.05,High-Confidence (Std <= 0.20)
WT_Cand_10743,5.9,0.153,High-Confidence (Std <= 0.20)
WT_Cand_10744,6.399,0.312,Low-Confidence (Filtered Out)
WT_Cand_10745,8.78,0.149,High-Confidence (Std <= 0.20)
WT_Cand_10746,6.766,0.157,High-Confidence (Std <= 0.20)
WT_Cand_10747,6.641,0.345,Low-Confidence (Filtered Out)
WT_Cand_10748,5.767,0.198,High-Confidence (Std <= 0.20)
WT_Cand_10749,4.671,0.077,High-Confidence (Std <= 0.20)
WT_Cand_10750,6.666,0.126,High-Confidence (Std <= 0.20)
WT_Cand_10751,7.224,0.319,Low-Confidence (Filtered Out)
WT_Cand_10752,8.115,0.171,High-Confidence (Std <= 0.20)
WT_Cand_10753,4.264,0.494,Low-Confidence (Filtered Out)
WT_Cand_10754,5.556,0.061,High-Confidence (Std <= 0.20)
WT_Cand_10755,6.182,0.04,High-Confidence (Std <= 0.20)
WT_Cand_10756,6.846,0.182,High-Confidence (Std <= 0.20)
WT_Cand_10757,6.683,0.145,High-Confidence (Std <= 0.20)
WT_Cand_10758,6.71,0.035,High-Confidence (Std <= 0.20)
WT_Cand_10759,7.319,0.07,High-Confidence (Std <= 0.20)
WT_Cand_10760,5.811,0.396,Low-Confidence (Filtered Out)
WT_Cand_10761,7.924,0.206,Low-Confidence (Filtered Out)
WT_Cand_10762,7.348,0.076,High-Confidence (Std <= 0.20)
WT_Cand_10763,6.482,0.048,High-Confidence (Std <= 0.20)
WT_Cand_10764,8.691,0.094,High-Confidence (Std <= 0.20)
WT_Cand_10765,8.64,0.305,Low-Confidence (Filtered Out)
WT_Cand_10766,7.923,0.141,High-Confidence (Std <= 0.20)
WT_Cand_10767,3.379,0.124,High-Confidence (Std <= 0.20)
WT_Cand_10768,8.666,0.318,Low-Confidence (Filtered Out)
WT_Cand_10769,7.764,0.038,High-Confidence (Std <= 0.20)
WT_Cand_10770,9.157,0.058,High-Confidence (Std <= 0.20)
WT_Cand_10771,8.273,0.152,High-Confidence (Std <= 0.20)
WT_Cand_10772,8.665,0.124,High-Confidence (Std <= 0.20)
WT_Cand_10773,7.86,0.1,High-Confidence (Std <= 0.20)
WT_Cand_10774,8.401,0.33,Low-Confidence (Filtered Out)
WT_Cand_10775,9.143,0.01,High-Confidence (Std <= 0.20)
WT_Cand_10776,7.099,0.042,High-Confidence (Std <= 0.20)
WT_Cand_10777,5.042,0.223,Low-Confidence (Filtered Out)
WT_Cand_10778,6.496,0.085,High-Confidence (Std <= 0.20)
WT_Cand_10779,7.298,0.666,Low-Confidence (Filtered Out)
WT_Cand_10780,6.936,0.343,Low-Confidence (Filtered Out)
WT_Cand_10781,5.416,0.086,High-Confidence (Std <= 0.20)
WT_Cand_10782,4.974,0.217,Low-Confidence (Filtered Out)
WT_Cand_10783,5.998,0.208,Low-Confidence (Filtered Out)
WT_Cand_10784,7.779,0.426,Low-Confidence (Filtered Out)
WT_Cand_10785,8.667,0.103,High-Confidence (Std <= 0.20)
WT_Cand_10786,7.904,0.074,High-Confidence (Std <= 0.20)
WT_Cand_10787,8.066,0.195,High-Confidence (Std <= 0.20)
WT_Cand_10788,6.757,0.105,High-Confidence (Std <= 0.20)
WT_Cand_10789,4.847,0.239,Low-Confidence (Filtered Out)
WT_Cand_10790,6.326,0.388,Low-Confidence (Filtered Out)
WT_Cand_10791,6.552,0.049,High-Confidence (Std <= 0.20)
WT_Cand_10792,6.278,0.067,High-Confidence (Std <= 0.20)
WT_Cand_10793,6.913,0.361,Low-Confidence (Filtered Out)
WT_Cand_10794,7.358,0.134,High-Confidence (Std <= 0.20)
WT_Cand_10795,7.831,0.139,High-Confidence (Std <= 0.20)
WT_Cand_10796,6.53,0.314,Low-Confidence (Filtered Out)
WT_Cand_10797,4.661,0.12,High-Confidence (Std <= 0.20)
WT_Cand_10798,6.295,0.269,Low-Confidence (Filtered Out)
WT_Cand_10799,6.9,0.054,High-Confidence (Std <= 0.20)
WT_Cand_10800,8.256,0.089,High-Confidence (Std <= 0.20)
WT_Cand_10801,6.197,0.442,Low-Confidence (Filtered Out)
WT_Cand_10802,7.439,0.136,High-Confidence (Std <= 0.20)
WT_Cand_10803,7.184,0.051,High-Confidence (Std <= 0.20)
WT_Cand_10804,6.9,0.049,High-Confidence (Std <= 0.20)
WT_Cand_10805,7.92,0.124,High-Confidence (Std <= 0.20)
WT_Cand_10806,6.09,0.278,Low-Confidence (Filtered Out)
WT_Cand_10807,6.189,0.002,High-Confidence (Std <= 0.20)
WT_Cand_10808,6.836,0.079,High-Confidence (Std <= 0.20)
WT_Cand_10809,6.114,0.209,Low-Confidence (Filtered Out)
WT_Cand_10810,7.434,0.165,High-Confidence (Std <= 0.20)
WT_Cand_10811,6.03,0.192,High-Confidence (Std <= 0.20)
WT_Cand_10812,7.11,0.061,High-Confidence (Std <= 0.20)
WT_Cand_10813,6.735,0.15,High-Confidence (Std <= 0.20)
WT_Cand_10814,7.097,0.324,Low-Confidence (Filtered Out)
WT_Cand_10815,6.321,0.087,High-Confidence (Std <= 0.20)
WT_Cand_10816,6.46,0.143,High-Confidence (Std <= 0.20)
WT_Cand_10817,6.96,0.205,Low-Confidence (Filtered Out)
WT_Cand_10818,7.082,0.063,High-Confidence (Std <= 0.20)
WT_Cand_10819,6.845,0.031,High-Confidence (Std <= 0.20)
WT_Cand_10820,8.811,0.078,High-Confidence (Std <= 0.20)
WT_Cand_10821,5.711,0.215,Low-Confidence (Filtered Out)
WT_Cand_10822,6.776,0.065,High-Confidence (Std <= 0.20)
WT_Cand_10823,5.04,0.039,High-Confidence (Std <= 0.20)
WT_Cand_10824,7.278,0.246,Low-Confidence (Filtered Out)
WT_Cand_10825,5.567,0.049,High-Confidence (Std <= 0.20)
WT_Cand_10826,6.53,0.638,Low-Confidence (Filtered Out)
WT_Cand_10827,6.422,0.314,Low-Confidence (Filtered Out)
WT_Cand_10828,7.173,0.444,Low-Confidence (Filtered Out)
WT_Cand_10829,6.214,0.155,High-Confidence (Std <= 0.20)
WT_Cand_10830,6.165,0.062,High-Confidence (Std <= 0.20)
WT_Cand_10831,8.501,0.332,Low-Confidence (Filtered Out)
WT_Cand_10832,7.177,0.035,High-Confidence (Std <= 0.20)
WT_Cand_10833,6.205,0.011,High-Confidence (Std <= 0.20)
WT_Cand_10834,6.562,0.192,High-Confidence (Std <= 0.20)
WT_Cand_10835,8.742,0.026,High-Confidence (Std <= 0.20)
WT_Cand_10836,6.58,0.123,High-Confidence (Std <= 0.20)
WT_Cand_10837,6.057,0.116,High-Confidence (Std <= 0.20)
WT_Cand_10838,6.062,0.269,Low-Confidence (Filtered Out)
WT_Cand_10839,6.219,0.032,High-Confidence (Std <= 0.20)
WT_Cand_10840,6.166,0.021,High-Confidence (Std <= 0.20)
WT_Cand_10841,5.378,0.107,High-Confidence (Std <= 0.20)
WT_Cand_10842,5.557,0.18,High-Confidence (Std <= 0.20)
WT_Cand_10843,5.896,0.165,High-Confidence (Std <= 0.20)
WT_Cand_10844,7.53,0.168,High-Confidence (Std <= 0.20)
WT_Cand_10845,6.412,0.105,High-Confidence (Std <= 0.20)
WT_Cand_10846,6.612,0.537,Low-Confidence (Filtered Out)
WT_Cand_10847,8.311,0.197,High-Confidence (Std <= 0.20)
WT_Cand_10848,8.339,0.246,Low-Confidence (Filtered Out)
WT_Cand_10849,6.526,0.072,High-Confidence (Std <= 0.20)
WT_Cand_10850,6.125,0.109,High-Confidence (Std <= 0.20)
WT_Cand_10851,5.856,0.052,High-Confidence (Std <= 0.20)
WT_Cand_10852,7.647,0.15,High-Confidence (Std <= 0.20)
WT_Cand_10853,6.615,0.053,High-Confidence (Std <= 0.20)
WT_Cand_10854,6.406,0.252,Low-Confidence (Filtered Out)
WT_Cand_10855,5.914,0.129,High-Confidence (Std <= 0.20)
WT_Cand_10856,5.965,0.0,High-Confidence (Std <= 0.20)
WT_Cand_10857,7.218,0.047,High-Confidence (Std <= 0.20)
WT_Cand_10858,5.337,0.411,Low-Confidence (Filtered Out)
WT_Cand_10859,7.994,0.434,Low-Confidence (Filtered Out)
WT_Cand_10860,6.236,0.22,Low-Confidence (Filtered Out)
WT_Cand_10861,6.678,0.109,High-Confidence (Std <= 0.20)
WT_Cand_10862,5.312,0.369,Low-Confidence (Filtered Out)
WT_Cand_10863,6.836,0.117,High-Confidence (Std <= 0.20)
WT_Cand_10864,6.472,0.354,Low-Confidence (Filtered Out)
WT_Cand_10865,6.792,0.149,High-Confidence (Std <= 0.20)
WT_Cand_10866,8.542,0.099,High-Confidence (Std <= 0.20)
WT_Cand_10867,7.054,0.25,Low-Confidence (Filtered Out)
WT_Cand_10868,5.936,0.04,High-Confidence (Std <= 0.20)
WT_Cand_10869,6.032,0.053,High-Confidence (Std <= 0.20)
WT_Cand_10870,7.534,0.024,High-Confidence (Std <= 0.20)
WT_Cand_10871,8.343,0.199,High-Confidence (Std <= 0.20)
WT_Cand_10872,7.174,0.124,High-Confidence (Std <= 0.20)
WT_Cand_10873,7.642,0.951,Low-Confidence (Filtered Out)
WT_Cand_10874,7.551,0.205,Low-Confidence (Filtered Out)
WT_Cand_10875,8.482,0.096,High-Confidence (Std <= 0.20)
WT_Cand_10876,4.608,0.116,High-Confidence (Std <= 0.20)
WT_Cand_10877,7.617,0.165,High-Confidence (Std <= 0.20)
WT_Cand_10878,7.981,0.072,High-Confidence (Std <= 0.20)
WT_Cand_10879,5.31,0.024,High-Confidence (Std <= 0.20)
WT_Cand_10880,5.831,0.082,High-Confidence (Std <= 0.20)
WT_Cand_10881,5.872,0.133,High-Confidence (Std <= 0.20)
WT_Cand_10882,6.012,0.31,Low-Confidence (Filtered Out)
WT_Cand_10883,6.296,0.054,High-Confidence (Std <= 0.20)
WT_Cand_10884,7.129,0.085,High-Confidence (Std <= 0.20)
WT_Cand_10885,7.846,0.114,High-Confidence (Std <= 0.20)
WT_Cand_10886,8.094,0.098,High-Confidence (Std <= 0.20)
WT_Cand_10887,5.887,0.134,High-Confidence (Std <= 0.20)
WT_Cand_10888,5.879,0.007,High-Confidence (Std <= 0.20)
WT_Cand_10889,8.363,0.337,Low-Confidence (Filtered Out)
WT_Cand_10890,7.594,0.106,High-Confidence (Std <= 0.20)
WT_Cand_10891,6.945,0.048,High-Confidence (Std <= 0.20)
WT_Cand_10892,7.394,0.173,High-Confidence (Std <= 0.20)
WT_Cand_10893,6.816,0.298,Low-Confidence (Filtered Out)
WT_Cand_10894,7.453,0.038,High-Confidence (Std <= 0.20)
WT_Cand_10895,6.464,0.18,High-Confidence (Std <= 0.20)
WT_Cand_10896,7.159,0.383,Low-Confidence (Filtered Out)
WT_Cand_10897,5.113,0.385,Low-Confidence (Filtered Out)
WT_Cand_10898,6.059,0.256,Low-Confidence (Filtered Out)
WT_Cand_10899,6.071,0.073,High-Confidence (Std <= 0.20)
WT_Cand_10900,6.419,0.041,High-Confidence (Std <= 0.20)
WT_Cand_10901,5.785,0.053,High-Confidence (Std <= 0.20)
WT_Cand_10902,6.236,0.378,Low-Confidence (Filtered Out)
WT_Cand_10903,5.108,0.219,Low-Confidence (Filtered Out)
WT_Cand_10904,7.481,0.263,Low-Confidence (Filtered Out)
WT_Cand_10905,6.755,0.125,High-Confidence (Std <= 0.20)
WT_Cand_10906,4.889,0.008,High-Confidence (Std <= 0.20)
WT_Cand_10907,5.89,0.178,High-Confidence (Std <= 0.20)
WT_Cand_10908,7.237,0.047,High-Confidence (Std <= 0.20)
WT_Cand_10909,6.226,0.318,Low-Confidence (Filtered Out)
WT_Cand_10910,6.049,0.054,High-Confidence (Std <= 0.20)
WT_Cand_10911,6.764,0.16,High-Confidence (Std <= 0.20)
WT_Cand_10912,7.245,0.225,Low-Confidence (Filtered Out)
WT_Cand_10913,5.198,0.969,Low-Confidence (Filtered Out)
WT_Cand_10914,7.483,0.121,High-Confidence (Std <= 0.20)
WT_Cand_10915,5.93,0.126,High-Confidence (Std <= 0.20)
WT_Cand_10916,6.829,0.32,Low-Confidence (Filtered Out)
WT_Cand_10917,6.809,0.107,High-Confidence (Std <= 0.20)
WT_Cand_10918,6.244,0.086,High-Confidence (Std <= 0.20)
WT_Cand_10919,5.673,0.064,High-Confidence (Std <= 0.20)
WT_Cand_10920,6.521,0.141,High-Confidence (Std <= 0.20)
WT_Cand_10921,8.719,0.076,High-Confidence (Std <= 0.20)
WT_Cand_10922,5.284,0.401,Low-Confidence (Filtered Out)
WT_Cand_10923,8.796,0.255,Low-Confidence (Filtered Out)
WT_Cand_10924,6.551,0.152,High-Confidence (Std <= 0.20)
WT_Cand_10925,6.891,0.139,High-Confidence (Std <= 0.20)
WT_Cand_10926,5.6,0.06,High-Confidence (Std <= 0.20)
WT_Cand_10927,5.963,0.124,High-Confidence (Std <= 0.20)
WT_Cand_10928,6.272,0.112,High-Confidence (Std <= 0.20)
WT_Cand_10929,5.647,0.55,Low-Confidence (Filtered Out)
WT_Cand_10930,6.61,0.106,High-Confidence (Std <= 0.20)
WT_Cand_10931,6.382,0.205,Low-Confidence (Filtered Out)
WT_Cand_10932,8.978,0.215,Low-Confidence (Filtered Out)
WT_Cand_10933,5.509,0.046,High-Confidence (Std <= 0.20)
WT_Cand_10934,6.968,0.104,High-Confidence (Std <= 0.20)
WT_Cand_10935,7.135,0.25,Low-Confidence (Filtered Out)
WT_Cand_10936,5.619,0.039,High-Confidence (Std <= 0.20)
WT_Cand_10937,7.64,0.652,Low-Confidence (Filtered Out)
WT_Cand_10938,6.392,0.149,High-Confidence (Std <= 0.20)
WT_Cand_10939,3.984,0.075,High-Confidence (Std <= 0.20)
WT_Cand_10940,7.609,0.03,High-Confidence (Std <= 0.20)
WT_Cand_10941,5.566,0.461,Low-Confidence (Filtered Out)
WT_Cand_10942,5.645,0.11,High-Confidence (Std <= 0.20)
WT_Cand_10943,7.641,0.202,Low-Confidence (Filtered Out)
WT_Cand_10944,6.451,0.036,High-Confidence (Std <= 0.20)
WT_Cand_10945,7.905,0.064,High-Confidence (Std <= 0.20)
WT_Cand_10946,8.242,0.304,Low-Confidence (Filtered Out)
WT_Cand_10947,6.108,0.451,Low-Confidence (Filtered Out)
WT_Cand_10948,7.762,0.051,High-Confidence (Std <= 0.20)
WT_Cand_10949,5.981,0.197,High-Confidence (Std <= 0.20)
WT_Cand_10950,9.418,0.194,High-Confidence (Std <= 0.20)
WT_Cand_10951,6.053,0.304,Low-Confidence (Filtered Out)
WT_Cand_10952,8.03,0.211,Low-Confidence (Filtered Out)
WT_Cand_10953,7.82,0.244,Low-Confidence (Filtered Out)
WT_Cand_10954,7.214,0.189,High-Confidence (Std <= 0.20)
WT_Cand_10955,6.079,0.029,High-Confidence (Std <= 0.20)
WT_Cand_10956,6.676,0.174,High-Confidence (Std <= 0.20)
WT_Cand_10957,4.373,0.34,Low-Confidence (Filtered Out)
WT_Cand_10958,7.108,0.163,High-Confidence (Std <= 0.20)
WT_Cand_10959,7.252,0.248,Low-Confidence (Filtered Out)
WT_Cand_10960,7.004,0.293,Low-Confidence (Filtered Out)
WT_Cand_10961,3.431,0.272,Low-Confidence (Filtered Out)
WT_Cand_10962,5.395,0.174,High-Confidence (Std <= 0.20)
WT_Cand_10963,5.99,0.187,High-Confidence (Std <= 0.20)
WT_Cand_10964,7.185,0.33,Low-Confidence (Filtered Out)
WT_Cand_10965,7.183,0.737,Low-Confidence (Filtered Out)
WT_Cand_10966,6.654,0.058,High-Confidence (Std <= 0.20)
WT_Cand_10967,7.581,0.085,High-Confidence (Std <= 0.20)
WT_Cand_10968,5.67,0.275,Low-Confidence (Filtered Out)
WT_Cand_10969,7.552,0.569,Low-Confidence (Filtered Out)
WT_Cand_10970,7.396,0.022,High-Confidence (Std <= 0.20)
WT_Cand_10971,7.284,0.029,High-Confidence (Std <= 0.20)
WT_Cand_10972,6.641,0.144,High-Confidence (Std <= 0.20)
WT_Cand_10973,8.955,0.29,Low-Confidence (Filtered Out)
WT_Cand_10974,7.417,0.145,High-Confidence (Std <= 0.20)
WT_Cand_10975,5.736,0.163,High-Confidence (Std <= 0.20)
WT_Cand_10976,7.136,0.052,High-Confidence (Std <= 0.20)
WT_Cand_10977,7.715,0.134,High-Confidence (Std <= 0.20)
WT_Cand_10978,6.174,0.073,High-Confidence (Std <= 0.20)
WT_Cand_10979,8.103,0.181,High-Confidence (Std <= 0.20)
WT_Cand_10980,7.289,0.111,High-Confidence (Std <= 0.20)
WT_Cand_10981,4.156,0.058,High-Confidence (Std <= 0.20)
WT_Cand_10982,7.195,0.47,Low-Confidence (Filtered Out)
WT_Cand_10983,6.383,0.248,Low-Confidence (Filtered Out)
WT_Cand_10984,7.468,0.184,High-Confidence (Std <= 0.20)
WT_Cand_10985,7.936,0.063,High-Confidence (Std <= 0.20)
WT_Cand_10986,7.074,0.246,Low-Confidence (Filtered Out)
WT_Cand_10987,8.765,0.046,High-Confidence (Std <= 0.20)
WT_Cand_10988,6.644,0.06,High-Confidence (Std <= 0.20)
WT_Cand_10989,7.569,0.133,High-Confidence (Std <= 0.20)
WT_Cand_10990,7.776,0.155,High-Confidence (Std <= 0.20)
WT_Cand_10991,6.738,0.086,High-Confidence (Std <= 0.20)
WT_Cand_10992,7.746,0.021,High-Confidence (Std <= 0.20)
WT_Cand_10993,6.166,0.102,High-Confidence (Std <= 0.20)
WT_Cand_10994,6.364,0.429,Low-Confidence (Filtered Out)
WT_Cand_10995,5.341,0.012,High-Confidence (Std <= 0.20)
WT_Cand_10996,7.128,0.216,Low-Confidence (Filtered Out)
WT_Cand_10997,7.224,0.114,High-Confidence (Std <= 0.20)
WT_Cand_10998,8.206,0.03,High-Confidence (Std <= 0.20)
WT_Cand_10999,7.76,0.384,Low-Confidence (Filtered Out)
WT_Cand_11000,6.522,0.07,High-Confidence (Std <= 0.20)
WT_Cand_11001,5.495,0.496,Low-Confidence (Filtered Out)
WT_Cand_11002,7.348,0.164,High-Confidence (Std <= 0.20)
WT_Cand_11003,8.127,0.182,High-Confidence (Std <= 0.20)
WT_Cand_11004,7.718,0.108,High-Confidence (Std <= 0.20)
WT_Cand_11005,8.097,0.32,Low-Confidence (Filtered Out)
WT_Cand_11006,6.606,0.12,High-Confidence (Std <= 0.20)
WT_Cand_11007,6.313,0.335,Low-Confidence (Filtered Out)
WT_Cand_11008,6.003,0.185,High-Confidence (Std <= 0.20)
WT_Cand_11009,6.786,0.105,High-Confidence (Std <= 0.20)
WT_Cand_11010,6.76,0.016,High-Confidence (Std <= 0.20)
WT_Cand_11011,7.088,0.408,Low-Confidence (Filtered Out)
WT_Cand_11012,6.701,0.157,High-Confidence (Std <= 0.20)
WT_Cand_11013,6.696,0.076,High-Confidence (Std <= 0.20)
WT_Cand_11014,5.957,0.253,Low-Confidence (Filtered Out)
WT_Cand_11015,7.933,0.184,High-Confidence (Std <= 0.20)
WT_Cand_11016,6.938,0.185,High-Confidence (Std <= 0.20)
WT_Cand_11017,6.649,0.882,Low-Confidence (Filtered Out)
WT_Cand_11018,5.99,0.062,High-Confidence (Std <= 0.20)
WT_Cand_11019,5.318,0.262,Low-Confidence (Filtered Out)
WT_Cand_11020,8.354,0.402,Low-Confidence (Filtered Out)
WT_Cand_11021,7.488,0.111,High-Confidence (Std <= 0.20)
WT_Cand_11022,4.982,0.059,High-Confidence (Std <= 0.20)
WT_Cand_11023,7.728,0.109,High-Confidence (Std <= 0.20)
WT_Cand_11024,7.911,0.182,High-Confidence (Std <= 0.20)
WT_Cand_11025,6.993,0.355,Low-Confidence (Filtered Out)
WT_Cand_11026,8.688,0.067,High-Confidence (Std <= 0.20)
WT_Cand_11027,7.099,0.109,High-Confidence (Std <= 0.20)
WT_Cand_11028,5.221,0.26,Low-Confidence (Filtered Out)
WT_Cand_11029,7.27,0.298,Low-Confidence (Filtered Out)
WT_Cand_11030,7.132,0.323,Low-Confidence (Filtered Out)
WT_Cand_11031,6.156,0.024,High-Confidence (Std <= 0.20)
WT_Cand_11032,7.51,0.64,Low-Confidence (Filtered Out)
WT_Cand_11033,4.932,0.088,High-Confidence (Std <= 0.20)
WT_Cand_11034,7.989,0.626,Low-Confidence (Filtered Out)
WT_Cand_11035,5.84,0.708,Low-Confidence (Filtered Out)
WT_Cand_11036,5.717,0.018,High-Confidence (Std <= 0.20)
WT_Cand_11037,6.719,0.253,Low-Confidence (Filtered Out)
WT_Cand_11038,7.348,0.1,High-Confidence (Std <= 0.20)
WT_Cand_11039,7.039,0.145,High-Confidence (Std <= 0.20)
WT_Cand_11040,5.996,0.3,Low-Confidence (Filtered Out)
WT_Cand_11041,6.268,0.045,High-Confidence (Std <= 0.20)
WT_Cand_11042,5.547,0.094,High-Confidence (Std <= 0.20)
WT_Cand_11043,6.592,0.245,Low-Confidence (Filtered Out)
WT_Cand_11044,8.086,0.194,High-Confidence (Std <= 0.20)
WT_Cand_11045,6.845,0.297,Low-Confidence (Filtered Out)
WT_Cand_11046,7.838,0.09,High-Confidence (Std <= 0.20)
WT_Cand_11047,8.524,0.041,High-Confidence (Std <= 0.20)
WT_Cand_11048,6.174,0.693,Low-Confidence (Filtered Out)
WT_Cand_11049,6.635,0.061,High-Confidence (Std <= 0.20)
WT_Cand_11050,9.347,0.05,High-Confidence (Std <= 0.20)
WT_Cand_11051,8.511,0.068,High-Confidence (Std <= 0.20)
WT_Cand_11052,4.927,0.167,High-Confidence (Std <= 0.20)
WT_Cand_11053,7.295,0.18,High-Confidence (Std <= 0.20)
WT_Cand_11054,6.851,0.026,High-Confidence (Std <= 0.20)
WT_Cand_11055,7.8,0.055,High-Confidence (Std <= 0.20)
WT_Cand_11056,5.993,0.327,Low-Confidence (Filtered Out)
WT_Cand_11057,5.884,0.103,High-Confidence (Std <= 0.20)
WT_Cand_11058,6.073,0.188,High-Confidence (Std <= 0.20)
WT_Cand_11059,6.192,0.059,High-Confidence (Std <= 0.20)
WT_Cand_11060,7.788,0.226,Low-Confidence (Filtered Out)
WT_Cand_11061,5.492,0.056,High-Confidence (Std <= 0.20)
WT_Cand_11062,6.134,0.037,High-Confidence (Std <= 0.20)
WT_Cand_11063,4.793,0.138,High-Confidence (Std <= 0.20)
WT_Cand_11064,8.008,0.235,Low-Confidence (Filtered Out)
WT_Cand_11065,8.312,0.24,Low-Confidence (Filtered Out)
WT_Cand_11066,6.474,0.162,High-Confidence (Std <= 0.20)
WT_Cand_11067,6.507,0.322,Low-Confidence (Filtered Out)
WT_Cand_11068,7.371,0.029,High-Confidence (Std <= 0.20)
WT_Cand_11069,8.546,0.032,High-Confidence (Std <= 0.20)
WT_Cand_11070,7.32,0.05,High-Confidence (Std <= 0.20)
WT_Cand_11071,6.048,0.096,High-Confidence (Std <= 0.20)
WT_Cand_11072,4.988,0.134,High-Confidence (Std <= 0.20)
WT_Cand_11073,5.568,0.346,Low-Confidence (Filtered Out)
WT_Cand_11074,6.934,0.104,High-Confidence (Std <= 0.20)
WT_Cand_11075,6.096,0.253,Low-Confidence (Filtered Out)
WT_Cand_11076,7.074,0.216,Low-Confidence (Filtered Out)
WT_Cand_11077,6.214,0.345,Low-Confidence (Filtered Out)
WT_Cand_11078,5.633,0.203,Low-Confidence (Filtered Out)
WT_Cand_11079,5.496,0.363,Low-Confidence (Filtered Out)
WT_Cand_11080,8.647,0.01,High-Confidence (Std <= 0.20)
WT_Cand_11081,7.872,0.106,High-Confidence (Std <= 0.20)
WT_Cand_11082,8.84,0.017,High-Confidence (Std <= 0.20)
WT_Cand_11083,7.471,0.05,High-Confidence (Std <= 0.20)
WT_Cand_11084,6.356,0.046,High-Confidence (Std <= 0.20)
WT_Cand_11085,8.372,0.362,Low-Confidence (Filtered Out)
WT_Cand_11086,6.812,0.113,High-Confidence (Std <= 0.20)
WT_Cand_11087,7.104,0.638,Low-Confidence (Filtered Out)
WT_Cand_11088,6.801,0.104,High-Confidence (Std <= 0.20)
WT_Cand_11089,3.461,0.015,High-Confidence (Std <= 0.20)
WT_Cand_11090,8.695,0.095,High-Confidence (Std <= 0.20)
WT_Cand_11091,7.415,0.205,Low-Confidence (Filtered Out)
WT_Cand_11092,7.229,0.174,High-Confidence (Std <= 0.20)
WT_Cand_11093,6.779,0.139,High-Confidence (Std <= 0.20)
WT_Cand_11094,7.038,0.186,High-Confidence (Std <= 0.20)
WT_Cand_11095,6.163,0.296,Low-Confidence (Filtered Out)
WT_Cand_11096,7.559,0.004,High-Confidence (Std <= 0.20)
WT_Cand_11097,5.347,0.156,High-Confidence (Std <= 0.20)
WT_Cand_11098,7.064,0.045,High-Confidence (Std <= 0.20)
WT_Cand_11099,7.496,0.231,Low-Confidence (Filtered Out)
WT_Cand_11100,6.622,0.053,High-Confidence (Std <= 0.20)
WT_Cand_11101,7.276,0.055,High-Confidence (Std <= 0.20)
WT_Cand_11102,5.71,0.028,High-Confidence (Std <= 0.20)
WT_Cand_11103,5.739,0.145,High-Confidence (Std <= 0.20)
WT_Cand_11104,7.122,0.015,High-Confidence (Std <= 0.20)
WT_Cand_11105,7.63,0.028,High-Confidence (Std <= 0.20)
WT_Cand_11106,4.694,0.148,High-Confidence (Std <= 0.20)
WT_Cand_11107,7.45,0.107,High-Confidence (Std <= 0.20)
WT_Cand_11108,6.225,0.106,High-Confidence (Std <= 0.20)
WT_Cand_11109,6.628,0.009,High-Confidence (Std <= 0.20)
WT_Cand_11110,5.31,0.149,High-Confidence (Std <= 0.20)
WT_Cand_11111,5.871,0.16,High-Confidence (Std <= 0.20)
WT_Cand_11112,7.961,0.318,Low-Confidence (Filtered Out)
WT_Cand_11113,6.888,0.213,Low-Confidence (Filtered Out)
WT_Cand_11114,6.41,0.043,High-Confidence (Std <= 0.20)
WT_Cand_11115,6.716,0.042,High-Confidence (Std <= 0.20)
WT_Cand_11116,7.413,0.339,Low-Confidence (Filtered Out)
WT_Cand_11117,7.357,0.297,Low-Confidence (Filtered Out)
WT_Cand_11118,6.764,0.122,High-Confidence (Std <= 0.20)
WT_Cand_11119,8.107,0.238,Low-Confidence (Filtered Out)
WT_Cand_11120,7.966,0.271,Low-Confidence (Filtered Out)
WT_Cand_11121,7.325,0.021,High-Confidence (Std <= 0.20)
WT_Cand_11122,6.913,0.034,High-Confidence (Std <= 0.20)
WT_Cand_11123,7.606,0.089,High-Confidence (Std <= 0.20)
WT_Cand_11124,7.211,0.343,Low-Confidence (Filtered Out)
WT_Cand_11125,8.07,0.5,Low-Confidence (Filtered Out)
WT_Cand_11126,7.884,0.159,High-Confidence (Std <= 0.20)
WT_Cand_11127,5.679,0.04,High-Confidence (Std <= 0.20)
WT_Cand_11128,5.601,0.048,High-Confidence (Std <= 0.20)
WT_Cand_11129,6.044,0.095,High-Confidence (Std <= 0.20)
WT_Cand_11130,7.973,0.093,High-Confidence (Std <= 0.20)
WT_Cand_11131,5.037,0.046,High-Confidence (Std <= 0.20)
WT_Cand_11132,7.304,0.105,High-Confidence (Std <= 0.20)
WT_Cand_11133,7.267,0.011,High-Confidence (Std <= 0.20)
WT_Cand_11134,8.187,0.112,High-Confidence (Std <= 0.20)
WT_Cand_11135,7.057,0.059,High-Confidence (Std <= 0.20)
WT_Cand_11136,5.305,0.056,High-Confidence (Std <= 0.20)
WT_Cand_11137,5.747,0.198,High-Confidence (Std <= 0.20)
WT_Cand_11138,5.491,0.207,Low-Confidence (Filtered Out)
WT_Cand_11139,6.231,0.087,High-Confidence (Std <= 0.20)
WT_Cand_11140,6.64,0.034,High-Confidence (Std <= 0.20)
WT_Cand_11141,5.51,0.147,High-Confidence (Std <= 0.20)
WT_Cand_11142,8.541,0.084,High-Confidence (Std <= 0.20)
WT_Cand_11143,5.326,0.25,Low-Confidence (Filtered Out)
WT_Cand_11144,8.398,0.196,High-Confidence (Std <= 0.20)
WT_Cand_11145,8.213,0.223,Low-Confidence (Filtered Out)
WT_Cand_11146,7.883,0.005,High-Confidence (Std <= 0.20)
WT_Cand_11147,6.052,0.444,Low-Confidence (Filtered Out)
WT_Cand_11148,7.244,0.153,High-Confidence (Std <= 0.20)
WT_Cand_11149,5.381,0.008,High-Confidence (Std <= 0.20)
WT_Cand_11150,7.898,0.099,High-Confidence (Std <= 0.20)
WT_Cand_11151,6.765,0.126,High-Confidence (Std <= 0.20)
WT_Cand_11152,6.379,0.362,Low-Confidence (Filtered Out)
WT_Cand_11153,5.443,0.21,Low-Confidence (Filtered Out)
WT_Cand_11154,4.001,0.171,High-Confidence (Std <= 0.20)
WT_Cand_11155,5.656,0.129,High-Confidence (Std <= 0.20)
WT_Cand_11156,8.13,0.108,High-Confidence (Std <= 0.20)
WT_Cand_11157,6.387,0.019,High-Confidence (Std <= 0.20)
WT_Cand_11158,6.655,0.158,High-Confidence (Std <= 0.20)
WT_Cand_11159,7.604,0.046,High-Confidence (Std <= 0.20)
WT_Cand_11160,8.927,0.064,High-Confidence (Std <= 0.20)
WT_Cand_11161,8.374,0.217,Low-Confidence (Filtered Out)
WT_Cand_11162,5.732,0.06,High-Confidence (Std <= 0.20)
WT_Cand_11163,4.616,0.01,High-Confidence (Std <= 0.20)
WT_Cand_11164,9.564,0.101,High-Confidence (Std <= 0.20)
WT_Cand_11165,9.459,0.008,High-Confidence (Std <= 0.20)
WT_Cand_11166,7.067,0.138,High-Confidence (Std <= 0.20)
WT_Cand_11167,5.389,0.234,Low-Confidence (Filtered Out)
WT_Cand_11168,7.958,0.109,High-Confidence (Std <= 0.20)
WT_Cand_11169,6.726,0.015,High-Confidence (Std <= 0.20)
WT_Cand_11170,6.72,0.26,Low-Confidence (Filtered Out)
WT_Cand_11171,7.879,0.383,Low-Confidence (Filtered Out)
WT_Cand_11172,7.235,0.099,High-Confidence (Std <= 0.20)
WT_Cand_11173,5.486,0.064,High-Confidence (Std <= 0.20)
WT_Cand_11174,6.477,0.019,High-Confidence (Std <= 0.20)
WT_Cand_11175,7.61,0.143,High-Confidence (Std <= 0.20)
WT_Cand_11176,7.437,0.33,Low-Confidence (Filtered Out)
WT_Cand_11177,7.151,0.02,High-Confidence (Std <= 0.20)
WT_Cand_11178,7.923,0.006,High-Confidence (Std <= 0.20)
WT_Cand_11179,6.434,0.102,High-Confidence (Std <= 0.20)
WT_Cand_11180,7.055,0.021,High-Confidence (Std <= 0.20)
WT_Cand_11181,2.968,0.125,High-Confidence (Std <= 0.20)
WT_Cand_11182,6.333,0.164,High-Confidence (Std <= 0.20)
WT_Cand_11183,7.728,0.172,High-Confidence (Std <= 0.20)
WT_Cand_11184,6.401,0.213,Low-Confidence (Filtered Out)
WT_Cand_11185,6.314,0.442,Low-Confidence (Filtered Out)
WT_Cand_11186,5.652,0.257,Low-Confidence (Filtered Out)
WT_Cand_11187,8.004,0.274,Low-Confidence (Filtered Out)
WT_Cand_11188,7.481,0.028,High-Confidence (Std <= 0.20)
WT_Cand_11189,7.799,0.136,High-Confidence (Std <= 0.20)
WT_Cand_11190,4.865,0.348,Low-Confidence (Filtered Out)
WT_Cand_11191,6.665,0.072,High-Confidence (Std <= 0.20)
WT_Cand_11192,6.528,0.249,Low-Confidence (Filtered Out)
WT_Cand_11193,6.527,0.53,Low-Confidence (Filtered Out)
WT_Cand_11194,6.142,0.045,High-Confidence (Std <= 0.20)
WT_Cand_11195,6.452,0.02,High-Confidence (Std <= 0.20)
WT_Cand_11196,7.827,0.176,High-Confidence (Std <= 0.20)
WT_Cand_11197,4.65,0.117,High-Confidence (Std <= 0.20)
WT_Cand_11198,8.894,0.412,Low-Confidence (Filtered Out)
WT_Cand_11199,7.406,0.035,High-Confidence (Std <= 0.20)
WT_Cand_11200,6.801,0.336,Low-Confidence (Filtered Out)
WT_Cand_11201,7.893,0.112,High-Confidence (Std <= 0.20)
WT_Cand_11202,5.18,0.061,High-Confidence (Std <= 0.20)
WT_Cand_11203,6.086,0.137,High-Confidence (Std <= 0.20)
WT_Cand_11204,6.711,0.088,High-Confidence (Std <= 0.20)
WT_Cand_11205,8.42,0.129,High-Confidence (Std <= 0.20)
WT_Cand_11206,6.797,0.323,Low-Confidence (Filtered Out)
WT_Cand_11207,7.368,0.566,Low-Confidence (Filtered Out)
WT_Cand_11208,6.172,0.12,High-Confidence (Std <= 0.20)
WT_Cand_11209,7.41,0.187,High-Confidence (Std <= 0.20)
WT_Cand_11210,8.779,0.287,Low-Confidence (Filtered Out)
WT_Cand_11211,7.995,0.185,High-Confidence (Std <= 0.20)
WT_Cand_11212,6.756,0.065,High-Confidence (Std <= 0.20)
WT_Cand_11213,7.627,0.163,High-Confidence (Std <= 0.20)
WT_Cand_11214,7.514,0.117,High-Confidence (Std <= 0.20)
WT_Cand_11215,7.433,0.008,High-Confidence (Std <= 0.20)
WT_Cand_11216,8.129,0.163,High-Confidence (Std <= 0.20)
WT_Cand_11217,8.12,0.052,High-Confidence (Std <= 0.20)
WT_Cand_11218,6.704,0.292,Low-Confidence (Filtered Out)
WT_Cand_11219,7.588,0.062,High-Confidence (Std <= 0.20)
WT_Cand_11220,6.409,0.075,High-Confidence (Std <= 0.20)
WT_Cand_11221,5.788,0.238,Low-Confidence (Filtered Out)
WT_Cand_11222,6.54,0.095,High-Confidence (Std <= 0.20)
WT_Cand_11223,6.762,0.049,High-Confidence (Std <= 0.20)
WT_Cand_11224,4.939,0.202,Low-Confidence (Filtered Out)
WT_Cand_11225,7.839,0.729,Low-Confidence (Filtered Out)
WT_Cand_11226,3.668,0.061,High-Confidence (Std <= 0.20)
WT_Cand_11227,9.972,0.263,Low-Confidence (Filtered Out)
WT_Cand_11228,8.577,0.227,Low-Confidence (Filtered Out)
WT_Cand_11229,6.55,0.626,Low-Confidence (Filtered Out)
WT_Cand_11230,6.861,0.347,Low-Confidence (Filtered Out)
WT_Cand_11231,7.198,0.128,High-Confidence (Std <= 0.20)
WT_Cand_11232,6.172,0.198,High-Confidence (Std <= 0.20)
WT_Cand_11233,7.072,0.015,High-Confidence (Std <= 0.20)
WT_Cand_11234,6.684,0.412,Low-Confidence (Filtered Out)
WT_Cand_11235,6.742,0.028,High-Confidence (Std <= 0.20)
WT_Cand_11236,7.059,0.196,High-Confidence (Std <= 0.20)
WT_Cand_11237,5.339,0.195,High-Confidence (Std <= 0.20)
WT_Cand_11238,6.896,0.226,Low-Confidence (Filtered Out)
WT_Cand_11239,7.038,0.047,High-Confidence (Std <= 0.20)
WT_Cand_11240,6.998,0.127,High-Confidence (Std <= 0.20)
WT_Cand_11241,6.602,0.246,Low-Confidence (Filtered Out)
WT_Cand_11242,8.159,0.227,Low-Confidence (Filtered Out)
WT_Cand_11243,6.443,0.595,Low-Confidence (Filtered Out)
WT_Cand_11244,7.111,0.391,Low-Confidence (Filtered Out)
WT_Cand_11245,8.342,0.115,High-Confidence (Std <= 0.20)
WT_Cand_11246,6.759,0.111,High-Confidence (Std <= 0.20)
WT_Cand_11247,7.097,0.058,High-Confidence (Std <= 0.20)
WT_Cand_11248,6.739,0.231,Low-Confidence (Filtered Out)
WT_Cand_11249,8.273,0.015,High-Confidence (Std <= 0.20)
WT_Cand_11250,6.554,0.019,High-Confidence (Std <= 0.20)
WT_Cand_11251,8.326,0.212,Low-Confidence (Filtered Out)
WT_Cand_11252,6.731,0.315,Low-Confidence (Filtered Out)
WT_Cand_11253,5.862,0.067,High-Confidence (Std <= 0.20)
WT_Cand_11254,7.631,0.249,Low-Confidence (Filtered Out)
WT_Cand_11255,6.5,0.447,Low-Confidence (Filtered Out)
WT_Cand_11256,7.564,0.298,Low-Confidence (Filtered Out)
WT_Cand_11257,3.711,0.187,High-Confidence (Std <= 0.20)
WT_Cand_11258,6.856,0.207,Low-Confidence (Filtered Out)
WT_Cand_11259,6.321,0.239,Low-Confidence (Filtered Out)
WT_Cand_11260,5.627,0.153,High-Confidence (Std <= 0.20)
WT_Cand_11261,6.214,0.091,High-Confidence (Std <= 0.20)
WT_Cand_11262,6.19,0.16,High-Confidence (Std <= 0.20)
WT_Cand_11263,6.795,0.085,High-Confidence (Std <= 0.20)
WT_Cand_11264,5.278,0.304,Low-Confidence (Filtered Out)
WT_Cand_11265,7.214,0.153,High-Confidence (Std <= 0.20)
WT_Cand_11266,8.421,0.059,High-Confidence (Std <= 0.20)
WT_Cand_11267,7.173,0.114,High-Confidence (Std <= 0.20)
WT_Cand_11268,7.78,0.063,High-Confidence (Std <= 0.20)
WT_Cand_11269,8.109,0.459,Low-Confidence (Filtered Out)
WT_Cand_11270,8.272,0.291,Low-Confidence (Filtered Out)
WT_Cand_11271,9.001,0.097,High-Confidence (Std <= 0.20)
WT_Cand_11272,6.276,0.08,High-Confidence (Std <= 0.20)
WT_Cand_11273,6.024,0.096,High-Confidence (Std <= 0.20)
WT_Cand_11274,7.751,0.029,High-Confidence (Std <= 0.20)
WT_Cand_11275,7.665,0.162,High-Confidence (Std <= 0.20)
WT_Cand_11276,7.742,0.037,High-Confidence (Std <= 0.20)
WT_Cand_11277,9.023,0.137,High-Confidence (Std <= 0.20)
WT_Cand_11278,6.863,0.288,Low-Confidence (Filtered Out)
WT_Cand_11279,7.34,0.433,Low-Confidence (Filtered Out)
WT_Cand_11280,5.723,0.085,High-Confidence (Std <= 0.20)
WT_Cand_11281,9.306,0.079,High-Confidence (Std <= 0.20)
WT_Cand_11282,6.463,0.025,High-Confidence (Std <= 0.20)
WT_Cand_11283,6.496,0.237,Low-Confidence (Filtered Out)
WT_Cand_11284,6.451,0.14,High-Confidence (Std <= 0.20)
WT_Cand_11285,6.108,0.065,High-Confidence (Std <= 0.20)
WT_Cand_11286,6.011,0.074,High-Confidence (Std <= 0.20)
WT_Cand_11287,6.248,0.335,Low-Confidence (Filtered Out)
WT_Cand_11288,5.279,0.005,High-Confidence (Std <= 0.20)
WT_Cand_11289,5.947,0.386,Low-Confidence (Filtered Out)
WT_Cand_11290,9.091,0.057,High-Confidence (Std <= 0.20)
WT_Cand_11291,7.696,0.264,Low-Confidence (Filtered Out)
WT_Cand_11292,7.915,0.04,High-Confidence (Std <= 0.20)
WT_Cand_11293,8.204,0.195,High-Confidence (Std <= 0.20)
WT_Cand_11294,8.959,0.116,High-Confidence (Std <= 0.20)
WT_Cand_11295,4.813,0.379,Low-Confidence (Filtered Out)
WT_Cand_11296,5.436,0.112,High-Confidence (Std <= 0.20)
WT_Cand_11297,5.926,0.411,Low-Confidence (Filtered Out)
WT_Cand_11298,6.31,0.095,High-Confidence (Std <= 0.20)
WT_Cand_11299,6.504,0.251,Low-Confidence (Filtered Out)
WT_Cand_11300,6.336,0.296,Low-Confidence (Filtered Out)
WT_Cand_11301,7.102,0.109,High-Confidence (Std <= 0.20)
WT_Cand_11302,6.891,0.143,High-Confidence (Std <= 0.20)
WT_Cand_11303,6.019,0.027,High-Confidence (Std <= 0.20)
WT_Cand_11304,4.348,0.179,High-Confidence (Std <= 0.20)
WT_Cand_11305,5.708,0.265,Low-Confidence (Filtered Out)
WT_Cand_11306,6.218,0.443,Low-Confidence (Filtered Out)
WT_Cand_11307,6.566,0.283,Low-Confidence (Filtered Out)
WT_Cand_11308,5.551,0.164,High-Confidence (Std <= 0.20)
WT_Cand_11309,6.286,0.104,High-Confidence (Std <= 0.20)
WT_Cand_11310,5.549,0.131,High-Confidence (Std <= 0.20)
WT_Cand_11311,6.705,0.112,High-Confidence (Std <= 0.20)
WT_Cand_11312,5.616,0.311,Low-Confidence (Filtered Out)
WT_Cand_11313,5.874,0.385,Low-Confidence (Filtered Out)
WT_Cand_11314,5.345,0.11,High-Confidence (Std <= 0.20)
WT_Cand_11315,6.673,0.218,Low-Confidence (Filtered Out)
WT_Cand_11316,5.854,0.124,High-Confidence (Std <= 0.20)
WT_Cand_11317,7.893,0.019,High-Confidence (Std <= 0.20)
WT_Cand_11318,7.317,0.036,High-Confidence (Std <= 0.20)
WT_Cand_11319,6.77,0.061,High-Confidence (Std <= 0.20)
WT_Cand_11320,5.933,0.124,High-Confidence (Std <= 0.20)
WT_Cand_11321,7.288,0.17,High-Confidence (Std <= 0.20)
WT_Cand_11322,7.644,0.448,Low-Confidence (Filtered Out)
WT_Cand_11323,7.014,0.147,High-Confidence (Std <= 0.20)
WT_Cand_11324,8.694,0.153,High-Confidence (Std <= 0.20)
WT_Cand_11325,7.379,0.264,Low-Confidence (Filtered Out)
WT_Cand_11326,7.901,0.04,High-Confidence (Std <= 0.20)
WT_Cand_11327,7.004,0.173,High-Confidence (Std <= 0.20)
WT_Cand_11328,7.627,0.244,Low-Confidence (Filtered Out)
WT_Cand_11329,5.934,0.095,High-Confidence (Std <= 0.20)
WT_Cand_11330,6.323,0.135,High-Confidence (Std <= 0.20)
WT_Cand_11331,7.252,0.107,High-Confidence (Std <= 0.20)
WT_Cand_11332,7.243,0.096,High-Confidence (Std <= 0.20)
WT_Cand_11333,7.434,0.161,High-Confidence (Std <= 0.20)
WT_Cand_11334,8.115,0.313,Low-Confidence (Filtered Out)
WT_Cand_11335,5.211,0.209,Low-Confidence (Filtered Out)
WT_Cand_11336,5.729,0.368,Low-Confidence (Filtered Out)
WT_Cand_11337,7.114,0.095,High-Confidence (Std <= 0.20)
WT_Cand_11338,6.017,0.222,Low-Confidence (Filtered Out)
WT_Cand_11339,10.734,0.181,High-Confidence (Std <= 0.20)
WT_Cand_11340,7.443,0.309,Low-Confidence (Filtered Out)
WT_Cand_11341,6.76,0.233,Low-Confidence (Filtered Out)
WT_Cand_11342,6.257,0.355,Low-Confidence (Filtered Out)
WT_Cand_11343,6.298,0.076,High-Confidence (Std <= 0.20)
WT_Cand_11344,6.885,0.457,Low-Confidence (Filtered Out)
WT_Cand_11345,6.979,0.095,High-Confidence (Std <= 0.20)
WT_Cand_11346,6.325,0.085,High-Confidence (Std <= 0.20)
WT_Cand_11347,6.536,0.215,Low-Confidence (Filtered Out)
WT_Cand_11348,8.396,0.01,High-Confidence (Std <= 0.20)
WT_Cand_11349,8.442,0.135,High-Confidence (Std <= 0.20)
WT_Cand_11350,7.14,0.067,High-Confidence (Std <= 0.20)
WT_Cand_11351,5.308,0.049,High-Confidence (Std <= 0.20)
WT_Cand_11352,7.469,0.066,High-Confidence (Std <= 0.20)
WT_Cand_11353,8.637,0.092,High-Confidence (Std <= 0.20)
WT_Cand_11354,8.425,0.066,High-Confidence (Std <= 0.20)
WT_Cand_11355,7.695,0.045,High-Confidence (Std <= 0.20)
WT_Cand_11356,8.486,0.094,High-Confidence (Std <= 0.20)
WT_Cand_11357,6.911,0.033,High-Confidence (Std <= 0.20)
WT_Cand_11358,7.572,0.22,Low-Confidence (Filtered Out)
WT_Cand_11359,6.067,0.085,High-Confidence (Std <= 0.20)
WT_Cand_11360,7.186,0.048,High-Confidence (Std <= 0.20)
WT_Cand_11361,8.379,0.249,Low-Confidence (Filtered Out)
WT_Cand_11362,6.172,0.221,Low-Confidence (Filtered Out)
WT_Cand_11363,5.859,0.058,High-Confidence (Std <= 0.20)
WT_Cand_11364,6.962,0.552,Low-Confidence (Filtered Out)
WT_Cand_11365,6.589,0.497,Low-Confidence (Filtered Out)
WT_Cand_11366,7.597,0.261,Low-Confidence (Filtered Out)
WT_Cand_11367,6.329,0.358,Low-Confidence (Filtered Out)
WT_Cand_11368,8.826,0.044,High-Confidence (Std <= 0.20)
WT_Cand_11369,5.367,0.202,Low-Confidence (Filtered Out)
WT_Cand_11370,8.292,0.128,High-Confidence (Std <= 0.20)
WT_Cand_11371,5.97,0.206,Low-Confidence (Filtered Out)
WT_Cand_11372,4.785,0.236,Low-Confidence (Filtered Out)
WT_Cand_11373,7.124,0.239,Low-Confidence (Filtered Out)
WT_Cand_11374,6.557,0.064,High-Confidence (Std <= 0.20)
WT_Cand_11375,5.574,0.746,Low-Confidence (Filtered Out)
WT_Cand_11376,4.916,0.148,High-Confidence (Std <= 0.20)
WT_Cand_11377,6.84,0.04,High-Confidence (Std <= 0.20)
WT_Cand_11378,7.972,0.29,Low-Confidence (Filtered Out)
WT_Cand_11379,7.523,0.07,High-Confidence (Std <= 0.20)
WT_Cand_11380,6.915,0.146,High-Confidence (Std <= 0.20)
WT_Cand_11381,7.401,0.106,High-Confidence (Std <= 0.20)
WT_Cand_11382,6.819,0.208,Low-Confidence (Filtered Out)
WT_Cand_11383,5.206,0.354,Low-Confidence (Filtered Out)
WT_Cand_11384,5.216,0.174,High-Confidence (Std <= 0.20)
WT_Cand_11385,6.616,0.09,High-Confidence (Std <= 0.20)
WT_Cand_11386,6.665,0.51,Low-Confidence (Filtered Out)
WT_Cand_11387,7.829,0.405,Low-Confidence (Filtered Out)
WT_Cand_11388,7.721,0.757,Low-Confidence (Filtered Out)
WT_Cand_11389,7.546,0.083,High-Confidence (Std <= 0.20)
WT_Cand_11390,6.528,0.044,High-Confidence (Std <= 0.20)
WT_Cand_11391,5.262,0.022,High-Confidence (Std <= 0.20)
WT_Cand_11392,7.324,0.108,High-Confidence (Std <= 0.20)
WT_Cand_11393,7.454,0.186,High-Confidence (Std <= 0.20)
WT_Cand_11394,4.103,0.065,High-Confidence (Std <= 0.20)
WT_Cand_11395,5.891,0.043,High-Confidence (Std <= 0.20)
WT_Cand_11396,6.055,0.21,Low-Confidence (Filtered Out)
WT_Cand_11397,6.986,0.344,Low-Confidence (Filtered Out)
WT_Cand_11398,5.926,0.007,High-Confidence (Std <= 0.20)
WT_Cand_11399,6.806,0.008,High-Confidence (Std <= 0.20)
WT_Cand_11400,6.608,0.143,High-Confidence (Std <= 0.20)
WT_Cand_11401,6.667,0.241,Low-Confidence (Filtered Out)
WT_Cand_11402,6.026,0.051,High-Confidence (Std <= 0.20)
WT_Cand_11403,6.115,0.027,High-Confidence (Std <= 0.20)
WT_Cand_11404,5.608,0.32,Low-Confidence (Filtered Out)
WT_Cand_11405,7.287,0.141,High-Confidence (Std <= 0.20)
WT_Cand_11406,7.507,0.057,High-Confidence (Std <= 0.20)
WT_Cand_11407,5.964,0.534,Low-Confidence (Filtered Out)
WT_Cand_11408,8.599,0.254,Low-Confidence (Filtered Out)
WT_Cand_11409,6.488,0.127,High-Confidence (Std <= 0.20)
WT_Cand_11410,8.61,0.3,Low-Confidence (Filtered Out)
WT_Cand_11411,6.112,0.021,High-Confidence (Std <= 0.20)
WT_Cand_11412,4.519,0.094,High-Confidence (Std <= 0.20)
WT_Cand_11413,7.313,0.075,High-Confidence (Std <= 0.20)
WT_Cand_11414,7.136,0.108,High-Confidence (Std <= 0.20)
WT_Cand_11415,6.89,0.407,Low-Confidence (Filtered Out)
WT_Cand_11416,6.111,0.468,Low-Confidence (Filtered Out)
WT_Cand_11417,6.81,0.173,High-Confidence (Std <= 0.20)
WT_Cand_11418,6.262,0.079,High-Confidence (Std <= 0.20)
WT_Cand_11419,6.502,0.038,High-Confidence (Std <= 0.20)
WT_Cand_11420,7.818,0.425,Low-Confidence (Filtered Out)
WT_Cand_11421,7.062,0.219,Low-Confidence (Filtered Out)
WT_Cand_11422,7.551,0.066,High-Confidence (Std <= 0.20)
WT_Cand_11423,6.583,0.073,High-Confidence (Std <= 0.20)
WT_Cand_11424,6.457,0.166,High-Confidence (Std <= 0.20)
WT_Cand_11425,5.523,0.02,High-Confidence (Std <= 0.20)
WT_Cand_11426,6.424,0.118,High-Confidence (Std <= 0.20)
WT_Cand_11427,3.031,0.062,High-Confidence (Std <= 0.20)
WT_Cand_11428,6.171,0.307,Low-Confidence (Filtered Out)
WT_Cand_11429,6.756,0.16,High-Confidence (Std <= 0.20)
WT_Cand_11430,7.498,0.082,High-Confidence (Std <= 0.20)
WT_Cand_11431,6.541,0.054,High-Confidence (Std <= 0.20)
WT_Cand_11432,7.25,0.514,Low-Confidence (Filtered Out)
WT_Cand_11433,4.343,0.443,Low-Confidence (Filtered Out)
WT_Cand_11434,6.785,0.001,High-Confidence (Std <= 0.20)
WT_Cand_11435,4.919,0.471,Low-Confidence (Filtered Out)
WT_Cand_11436,5.46,0.048,High-Confidence (Std <= 0.20)
WT_Cand_11437,6.635,0.191,High-Confidence (Std <= 0.20)
WT_Cand_11438,8.318,0.167,High-Confidence (Std <= 0.20)
WT_Cand_11439,7.277,0.039,High-Confidence (Std <= 0.20)
WT_Cand_11440,6.871,0.27,Low-Confidence (Filtered Out)
WT_Cand_11441,6.828,0.057,High-Confidence (Std <= 0.20)
WT_Cand_11442,6.029,0.166,High-Confidence (Std <= 0.20)
WT_Cand_11443,6.224,0.631,Low-Confidence (Filtered Out)
WT_Cand_11444,7.341,0.111,High-Confidence (Std <= 0.20)
WT_Cand_11445,5.257,0.133,High-Confidence (Std <= 0.20)
WT_Cand_11446,7.532,0.127,High-Confidence (Std <= 0.20)
WT_Cand_11447,6.403,0.067,High-Confidence (Std <= 0.20)
WT_Cand_11448,7.799,0.013,High-Confidence (Std <= 0.20)
WT_Cand_11449,7.955,0.112,High-Confidence (Std <= 0.20)
WT_Cand_11450,4.926,0.026,High-Confidence (Std <= 0.20)
WT_Cand_11451,6.181,0.243,Low-Confidence (Filtered Out)
WT_Cand_11452,5.866,0.113,High-Confidence (Std <= 0.20)
WT_Cand_11453,4.765,0.445,Low-Confidence (Filtered Out)
WT_Cand_11454,5.663,0.092,High-Confidence (Std <= 0.20)
WT_Cand_11455,9.657,0.136,High-Confidence (Std <= 0.20)
WT_Cand_11456,7.551,0.142,High-Confidence (Std <= 0.20)
WT_Cand_11457,9.055,0.33,Low-Confidence (Filtered Out)
WT_Cand_11458,7.803,0.131,High-Confidence (Std <= 0.20)
WT_Cand_11459,5.997,0.097,High-Confidence (Std <= 0.20)
WT_Cand_11460,6.411,0.081,High-Confidence (Std <= 0.20)
WT_Cand_11461,7.527,0.071,High-Confidence (Std <= 0.20)
WT_Cand_11462,7.353,0.03,High-Confidence (Std <= 0.20)
WT_Cand_11463,6.186,0.09,High-Confidence (Std <= 0.20)
WT_Cand_11464,5.114,0.108,High-Confidence (Std <= 0.20)
WT_Cand_11465,10.631,0.331,Low-Confidence (Filtered Out)
WT_Cand_11466,6.688,0.321,Low-Confidence (Filtered Out)
WT_Cand_11467,6.475,0.084,High-Confidence (Std <= 0.20)
WT_Cand_11468,6.98,0.027,High-Confidence (Std <= 0.20)
WT_Cand_11469,6.571,0.053,High-Confidence (Std <= 0.20)
WT_Cand_11470,6.991,0.171,High-Confidence (Std <= 0.20)
WT_Cand_11471,8.33,0.062,High-Confidence (Std <= 0.20)
WT_Cand_11472,6.707,0.144,High-Confidence (Std <= 0.20)
WT_Cand_11473,5.513,0.011,High-Confidence (Std <= 0.20)
WT_Cand_11474,6.664,0.368,Low-Confidence (Filtered Out)
WT_Cand_11475,6.316,0.125,High-Confidence (Std <= 0.20)
WT_Cand_11476,8.487,0.106,High-Confidence (Std <= 0.20)
WT_Cand_11477,8.197,0.244,Low-Confidence (Filtered Out)
WT_Cand_11478,6.974,0.093,High-Confidence (Std <= 0.20)
WT_Cand_11479,5.379,0.014,High-Confidence (Std <= 0.20)
WT_Cand_11480,5.44,0.116,High-Confidence (Std <= 0.20)
WT_Cand_11481,6.867,0.126,High-Confidence (Std <= 0.20)
WT_Cand_11482,7.237,0.159,High-Confidence (Std <= 0.20)
WT_Cand_11483,6.419,0.542,Low-Confidence (Filtered Out)
WT_Cand_11484,6.298,0.215,Low-Confidence (Filtered Out)
WT_Cand_11485,6.168,0.146,High-Confidence (Std <= 0.20)
WT_Cand_11486,6.823,0.26,Low-Confidence (Filtered Out)
WT_Cand_11487,4.11,0.016,High-Confidence (Std <= 0.20)
WT_Cand_11488,5.583,0.349,Low-Confidence (Filtered Out)
WT_Cand_11489,6.129,0.242,Low-Confidence (Filtered Out)
WT_Cand_11490,8.239,0.369,Low-Confidence (Filtered Out)
WT_Cand_11491,5.914,0.095,High-Confidence (Std <= 0.20)
WT_Cand_11492,7.058,0.187,High-Confidence (Std <= 0.20)
WT_Cand_11493,7.111,0.099,High-Confidence (Std <= 0.20)
WT_Cand_11494,8.343,0.515,Low-Confidence (Filtered Out)
WT_Cand_11495,8.302,0.106,High-Confidence (Std <= 0.20)
WT_Cand_11496,6.784,0.044,High-Confidence (Std <= 0.20)
WT_Cand_11497,6.303,0.054,High-Confidence (Std <= 0.20)
WT_Cand_11498,6.087,0.161,High-Confidence (Std <= 0.20)
WT_Cand_11499,6.573,0.235,Low-Confidence (Filtered Out)
WT_Cand_11500,6.351,0.055,High-Confidence (Std <= 0.20)
WT_Cand_11501,7.487,0.222,Low-Confidence (Filtered Out)
WT_Cand_11502,7.333,0.347,Low-Confidence (Filtered Out)
WT_Cand_11503,7.531,0.313,Low-Confidence (Filtered Out)
WT_Cand_11504,8.298,0.219,Low-Confidence (Filtered Out)
WT_Cand_11505,8.992,0.24,Low-Confidence (Filtered Out)
WT_Cand_11506,6.993,0.2,High-Confidence (Std <= 0.20)
WT_Cand_11507,8.114,0.019,High-Confidence (Std <= 0.20)
WT_Cand_11508,6.446,0.275,Low-Confidence (Filtered Out)
WT_Cand_11509,8.213,0.091,High-Confidence (Std <= 0.20)
WT_Cand_11510,8.071,0.333,Low-Confidence (Filtered Out)
WT_Cand_11511,8.01,0.071,High-Confidence (Std <= 0.20)
WT_Cand_11512,6.958,0.102,High-Confidence (Std <= 0.20)
WT_Cand_11513,6.081,0.174,High-Confidence (Std <= 0.20)
WT_Cand_11514,5.246,0.654,Low-Confidence (Filtered Out)
WT_Cand_11515,6.804,0.181,High-Confidence (Std <= 0.20)
WT_Cand_11516,8.613,0.181,High-Confidence (Std <= 0.20)
WT_Cand_11517,6.494,0.047,High-Confidence (Std <= 0.20)
WT_Cand_11518,7.753,0.034,High-Confidence (Std <= 0.20)
WT_Cand_11519,7.821,0.087,High-Confidence (Std <= 0.20)
WT_Cand_11520,6.524,0.234,Low-Confidence (Filtered Out)
WT_Cand_11521,8.364,0.181,High-Confidence (Std <= 0.20)
WT_Cand_11522,3.505,0.137,High-Confidence (Std <= 0.20)
WT_Cand_11523,5.444,0.095,High-Confidence (Std <= 0.20)
WT_Cand_11524,5.797,0.275,Low-Confidence (Filtered Out)
WT_Cand_11525,5.907,0.438,Low-Confidence (Filtered Out)
WT_Cand_11526,7.237,0.26,Low-Confidence (Filtered Out)
WT_Cand_11527,7.184,0.373,Low-Confidence (Filtered Out)
WT_Cand_11528,7.303,0.126,High-Confidence (Std <= 0.20)
WT_Cand_11529,7.535,0.236,Low-Confidence (Filtered Out)
WT_Cand_11530,5.757,0.555,Low-Confidence (Filtered Out)
WT_Cand_11531,5.449,0.371,Low-Confidence (Filtered Out)
WT_Cand_11532,7.306,0.49,Low-Confidence (Filtered Out)
WT_Cand_11533,6.125,0.379,Low-Confidence (Filtered Out)
WT_Cand_11534,5.044,0.453,Low-Confidence (Filtered Out)
WT_Cand_11535,7.967,0.092,High-Confidence (Std <= 0.20)
WT_Cand_11536,8.454,0.07,High-Confidence (Std <= 0.20)
WT_Cand_11537,8.641,0.121,High-Confidence (Std <= 0.20)
WT_Cand_11538,7.065,0.102,High-Confidence (Std <= 0.20)
WT_Cand_11539,7.57,0.081,High-Confidence (Std <= 0.20)
WT_Cand_11540,8.425,0.455,Low-Confidence (Filtered Out)
WT_Cand_11541,6.112,0.037,High-Confidence (Std <= 0.20)
WT_Cand_11542,8.127,0.374,Low-Confidence (Filtered Out)
WT_Cand_11543,7.167,0.251,Low-Confidence (Filtered Out)
WT_Cand_11544,7.901,0.097,High-Confidence (Std <= 0.20)
WT_Cand_11545,7.064,0.084,High-Confidence (Std <= 0.20)
WT_Cand_11546,8.341,0.064,High-Confidence (Std <= 0.20)
WT_Cand_11547,7.107,0.062,High-Confidence (Std <= 0.20)
WT_Cand_11548,5.143,0.073,High-Confidence (Std <= 0.20)
WT_Cand_11549,8.52,0.066,High-Confidence (Std <= 0.20)
WT_Cand_11550,5.76,0.096,High-Confidence (Std <= 0.20)
WT_Cand_11551,8.291,0.072,High-Confidence (Std <= 0.20)
WT_Cand_11552,6.746,0.083,High-Confidence (Std <= 0.20)
WT_Cand_11553,8.202,0.618,Low-Confidence (Filtered Out)
WT_Cand_11554,8.155,0.23,Low-Confidence (Filtered Out)
WT_Cand_11555,7.345,0.412,Low-Confidence (Filtered Out)
WT_Cand_11556,7.435,0.038,High-Confidence (Std <= 0.20)
WT_Cand_11557,7.336,0.079,High-Confidence (Std <= 0.20)
WT_Cand_11558,4.534,0.059,High-Confidence (Std <= 0.20)
WT_Cand_11559,6.986,0.662,Low-Confidence (Filtered Out)
WT_Cand_11560,5.567,0.304,Low-Confidence (Filtered Out)
WT_Cand_11561,7.047,0.128,High-Confidence (Std <= 0.20)
WT_Cand_11562,5.536,0.341,Low-Confidence (Filtered Out)
WT_Cand_11563,5.487,0.123,High-Confidence (Std <= 0.20)
WT_Cand_11564,8.696,0.127,High-Confidence (Std <= 0.20)
WT_Cand_11565,8.08,0.071,High-Confidence (Std <= 0.20)
WT_Cand_11566,6.845,0.111,High-Confidence (Std <= 0.20)
WT_Cand_11567,7.062,0.137,High-Confidence (Std <= 0.20)
WT_Cand_11568,6.565,0.055,High-Confidence (Std <= 0.20)
WT_Cand_11569,7.505,0.383,Low-Confidence (Filtered Out)
WT_Cand_11570,6.073,0.36,Low-Confidence (Filtered Out)
WT_Cand_11571,7.993,0.081,High-Confidence (Std <= 0.20)
WT_Cand_11572,6.559,0.012,High-Confidence (Std <= 0.20)
WT_Cand_11573,6.367,0.121,High-Confidence (Std <= 0.20)
WT_Cand_11574,6.875,0.128,High-Confidence (Std <= 0.20)
WT_Cand_11575,6.17,0.307,Low-Confidence (Filtered Out)
WT_Cand_11576,7.228,0.159,High-Confidence (Std <= 0.20)
WT_Cand_11577,6.232,0.018,High-Confidence (Std <= 0.20)
WT_Cand_11578,7.389,0.118,High-Confidence (Std <= 0.20)
WT_Cand_11579,8.248,0.167,High-Confidence (Std <= 0.20)
WT_Cand_11580,6.023,0.076,High-Confidence (Std <= 0.20)
WT_Cand_11581,6.7,0.324,Low-Confidence (Filtered Out)
WT_Cand_11582,7.381,0.323,Low-Confidence (Filtered Out)
WT_Cand_11583,6.349,0.152,High-Confidence (Std <= 0.20)
WT_Cand_11584,7.384,0.377,Low-Confidence (Filtered Out)
WT_Cand_11585,7.489,0.007,High-Confidence (Std <= 0.20)
WT_Cand_11586,8.096,0.198,High-Confidence (Std <= 0.20)
WT_Cand_11587,6.153,0.208,Low-Confidence (Filtered Out)
WT_Cand_11588,5.766,0.102,High-Confidence (Std <= 0.20)
WT_Cand_11589,6.496,0.111,High-Confidence (Std <= 0.20)
WT_Cand_11590,5.737,0.086,High-Confidence (Std <= 0.20)
WT_Cand_11591,7.499,0.432,Low-Confidence (Filtered Out)
WT_Cand_11592,5.514,0.261,Low-Confidence (Filtered Out)
WT_Cand_11593,9.533,0.147,High-Confidence (Std <= 0.20)
WT_Cand_11594,8.34,0.129,High-Confidence (Std <= 0.20)
WT_Cand_11595,6.864,0.454,Low-Confidence (Filtered Out)
WT_Cand_11596,7.848,0.011,High-Confidence (Std <= 0.20)
WT_Cand_11597,4.968,0.012,High-Confidence (Std <= 0.20)
WT_Cand_11598,9.752,0.619,Low-Confidence (Filtered Out)
WT_Cand_11599,6.171,0.11,High-Confidence (Std <= 0.20)
WT_Cand_11600,6.711,0.035,High-Confidence (Std <= 0.20)
WT_Cand_11601,4.716,0.013,High-Confidence (Std <= 0.20)
WT_Cand_11602,7.409,0.466,Low-Confidence (Filtered Out)
WT_Cand_11603,5.578,0.052,High-Confidence (Std <= 0.20)
WT_Cand_11604,6.967,0.042,High-Confidence (Std <= 0.20)
WT_Cand_11605,6.224,0.191,High-Confidence (Std <= 0.20)
WT_Cand_11606,5.611,0.277,Low-Confidence (Filtered Out)
WT_Cand_11607,5.925,0.184,High-Confidence (Std <= 0.20)
WT_Cand_11608,7.11,0.184,High-Confidence (Std <= 0.20)
WT_Cand_11609,5.376,0.06,High-Confidence (Std <= 0.20)
WT_Cand_11610,5.989,0.192,High-Confidence (Std <= 0.20)
WT_Cand_11611,7.613,0.404,Low-Confidence (Filtered Out)
WT_Cand_11612,9.843,0.205,Low-Confidence (Filtered Out)
WT_Cand_11613,7.399,0.067,High-Confidence (Std <= 0.20)
WT_Cand_11614,5.795,0.287,Low-Confidence (Filtered Out)
WT_Cand_11615,6.428,0.071,High-Confidence (Std <= 0.20)
WT_Cand_11616,6.886,0.151,High-Confidence (Std <= 0.20)
WT_Cand_11617,6.448,0.158,High-Confidence (Std <= 0.20)
WT_Cand_11618,7.889,0.626,Low-Confidence (Filtered Out)
WT_Cand_11619,7.1,0.212,Low-Confidence (Filtered Out)
WT_Cand_11620,7.894,0.05,High-Confidence (Std <= 0.20)
WT_Cand_11621,6.488,0.044,High-Confidence (Std <= 0.20)
WT_Cand_11622,8.374,0.157,High-Confidence (Std <= 0.20)
WT_Cand_11623,6.659,0.445,Low-Confidence (Filtered Out)
WT_Cand_11624,5.733,0.008,High-Confidence (Std <= 0.20)
WT_Cand_11625,9.354,0.16,High-Confidence (Std <= 0.20)
WT_Cand_11626,4.751,0.402,Low-Confidence (Filtered Out)
WT_Cand_11627,6.0,0.251,Low-Confidence (Filtered Out)
WT_Cand_11628,6.129,0.528,Low-Confidence (Filtered Out)
WT_Cand_11629,9.735,0.116,High-Confidence (Std <= 0.20)
WT_Cand_11630,8.928,0.045,High-Confidence (Std <= 0.20)
WT_Cand_11631,8.568,0.114,High-Confidence (Std <= 0.20)
WT_Cand_11632,6.47,0.053,High-Confidence (Std <= 0.20)
WT_Cand_11633,9.64,0.602,Low-Confidence (Filtered Out)
WT_Cand_11634,7.274,0.17,High-Confidence (Std <= 0.20)
WT_Cand_11635,7.974,0.203,Low-Confidence (Filtered Out)
WT_Cand_11636,7.057,0.046,High-Confidence (Std <= 0.20)
WT_Cand_11637,6.793,0.08,High-Confidence (Std <= 0.20)
WT_Cand_11638,6.56,0.318,Low-Confidence (Filtered Out)
WT_Cand_11639,6.609,0.139,High-Confidence (Std <= 0.20)
WT_Cand_11640,7.55,0.099,High-Confidence (Std <= 0.20)
WT_Cand_11641,7.272,0.164,High-Confidence (Std <= 0.20)
WT_Cand_11642,6.814,0.101,High-Confidence (Std <= 0.20)
WT_Cand_11643,8.586,0.004,High-Confidence (Std <= 0.20)
WT_Cand_11644,3.438,0.03,High-Confidence (Std <= 0.20)
WT_Cand_11645,7.436,0.154,High-Confidence (Std <= 0.20)
WT_Cand_11646,7.675,0.32,Low-Confidence (Filtered Out)
WT_Cand_11647,8.169,0.088,High-Confidence (Std <= 0.20)
WT_Cand_11648,6.775,0.455,Low-Confidence (Filtered Out)
WT_Cand_11649,7.089,0.312,Low-Confidence (Filtered Out)
WT_Cand_11650,7.984,0.35,Low-Confidence (Filtered Out)
WT_Cand_11651,8.565,0.023,High-Confidence (Std <= 0.20)
WT_Cand_11652,6.504,0.3,Low-Confidence (Filtered Out)
WT_Cand_11653,7.157,0.082,High-Confidence (Std <= 0.20)
WT_Cand_11654,8.78,0.477,Low-Confidence (Filtered Out)
WT_Cand_11655,4.407,0.116,High-Confidence (Std <= 0.20)
WT_Cand_11656,6.056,0.078,High-Confidence (Std <= 0.20)
WT_Cand_11657,8.536,0.081,High-Confidence (Std <= 0.20)
WT_Cand_11658,8.106,0.263,Low-Confidence (Filtered Out)
WT_Cand_11659,7.451,0.021,High-Confidence (Std <= 0.20)
WT_Cand_11660,6.334,0.176,High-Confidence (Std <= 0.20)
WT_Cand_11661,5.836,0.133,High-Confidence (Std <= 0.20)
WT_Cand_11662,6.17,0.059,High-Confidence (Std <= 0.20)
WT_Cand_11663,8.63,0.345,Low-Confidence (Filtered Out)
WT_Cand_11664,6.127,0.246,Low-Confidence (Filtered Out)
WT_Cand_11665,6.967,0.064,High-Confidence (Std <= 0.20)
WT_Cand_11666,5.983,0.038,High-Confidence (Std <= 0.20)
WT_Cand_11667,7.819,0.123,High-Confidence (Std <= 0.20)
WT_Cand_11668,6.23,0.251,Low-Confidence (Filtered Out)
WT_Cand_11669,6.738,0.209,Low-Confidence (Filtered Out)
WT_Cand_11670,4.914,0.256,Low-Confidence (Filtered Out)
WT_Cand_11671,4.995,0.01,High-Confidence (Std <= 0.20)
WT_Cand_11672,6.859,0.054,High-Confidence (Std <= 0.20)
WT_Cand_11673,5.326,0.193,High-Confidence (Std <= 0.20)
WT_Cand_11674,9.271,0.064,High-Confidence (Std <= 0.20)
WT_Cand_11675,4.479,0.35,Low-Confidence (Filtered Out)
WT_Cand_11676,5.93,0.113,High-Confidence (Std <= 0.20)
WT_Cand_11677,6.869,0.04,High-Confidence (Std <= 0.20)
WT_Cand_11678,6.43,0.035,High-Confidence (Std <= 0.20)
WT_Cand_11679,5.58,0.166,High-Confidence (Std <= 0.20)
WT_Cand_11680,5.748,0.046,High-Confidence (Std <= 0.20)
WT_Cand_11681,5.711,0.065,High-Confidence (Std <= 0.20)
WT_Cand_11682,6.52,0.614,Low-Confidence (Filtered Out)
WT_Cand_11683,9.095,0.005,High-Confidence (Std <= 0.20)
WT_Cand_11684,6.94,0.083,High-Confidence (Std <= 0.20)
WT_Cand_11685,8.21,0.081,High-Confidence (Std <= 0.20)
WT_Cand_11686,7.433,0.067,High-Confidence (Std <= 0.20)
WT_Cand_11687,8.131,0.126,High-Confidence (Std <= 0.20)
WT_Cand_11688,3.63,0.186,High-Confidence (Std <= 0.20)
WT_Cand_11689,6.5,0.293,Low-Confidence (Filtered Out)
WT_Cand_11690,8.353,0.789,Low-Confidence (Filtered Out)
WT_Cand_11691,6.193,0.257,Low-Confidence (Filtered Out)
WT_Cand_11692,8.877,0.348,Low-Confidence (Filtered Out)
WT_Cand_11693,8.556,0.086,High-Confidence (Std <= 0.20)
WT_Cand_11694,6.31,0.13,High-Confidence (Std <= 0.20)
WT_Cand_11695,6.271,0.116,High-Confidence (Std <= 0.20)
WT_Cand_11696,5.684,0.07,High-Confidence (Std <= 0.20)
WT_Cand_11697,6.126,0.148,High-Confidence (Std <= 0.20)
WT_Cand_11698,5.433,0.026,High-Confidence (Std <= 0.20)
WT_Cand_11699,7.343,0.082,High-Confidence (Std <= 0.20)
WT_Cand_11700,5.176,0.389,Low-Confidence (Filtered Out)
WT_Cand_11701,7.544,0.167,High-Confidence (Std <= 0.20)
WT_Cand_11702,7.572,0.394,Low-Confidence (Filtered Out)
WT_Cand_11703,4.94,0.17,High-Confidence (Std <= 0.20)
WT_Cand_11704,8.632,0.116,High-Confidence (Std <= 0.20)
WT_Cand_11705,7.441,0.047,High-Confidence (Std <= 0.20)
WT_Cand_11706,7.712,0.139,High-Confidence (Std <= 0.20)
WT_Cand_11707,5.978,0.072,High-Confidence (Std <= 0.20)
WT_Cand_11708,7.566,0.033,High-Confidence (Std <= 0.20)
WT_Cand_11709,8.145,0.053,High-Confidence (Std <= 0.20)
WT_Cand_11710,6.737,0.218,Low-Confidence (Filtered Out)
WT_Cand_11711,9.152,0.38,Low-Confidence (Filtered Out)
WT_Cand_11712,6.901,0.234,Low-Confidence (Filtered Out)
WT_Cand_11713,8.162,0.05,High-Confidence (Std <= 0.20)
WT_Cand_11714,7.187,0.167,High-Confidence (Std <= 0.20)
WT_Cand_11715,7.523,0.105,High-Confidence (Std <= 0.20)
WT_Cand_11716,4.928,0.193,High-Confidence (Std <= 0.20)
WT_Cand_11717,7.277,0.081,High-Confidence (Std <= 0.20)
WT_Cand_11718,6.005,0.278,Low-Confidence (Filtered Out)
WT_Cand_11719,5.877,0.278,Low-Confidence (Filtered Out)
WT_Cand_11720,8.856,0.25,Low-Confidence (Filtered Out)
WT_Cand_11721,6.604,0.159,High-Confidence (Std <= 0.20)
WT_Cand_11722,5.696,0.285,Low-Confidence (Filtered Out)
WT_Cand_11723,6.437,0.025,High-Confidence (Std <= 0.20)
WT_Cand_11724,5.354,0.1,High-Confidence (Std <= 0.20)
WT_Cand_11725,8.499,0.354,Low-Confidence (Filtered Out)
WT_Cand_11726,6.05,0.05,High-Confidence (Std <= 0.20)
WT_Cand_11727,7.459,0.296,Low-Confidence (Filtered Out)
WT_Cand_11728,8.41,0.176,High-Confidence (Std <= 0.20)
WT_Cand_11729,6.275,0.128,High-Confidence (Std <= 0.20)
WT_Cand_11730,7.462,0.101,High-Confidence (Std <= 0.20)
WT_Cand_11731,5.665,0.05,High-Confidence (Std <= 0.20)
WT_Cand_11732,9.663,0.297,Low-Confidence (Filtered Out)
WT_Cand_11733,7.927,0.165,High-Confidence (Std <= 0.20)
WT_Cand_11734,6.629,0.355,Low-Confidence (Filtered Out)
WT_Cand_11735,5.961,0.238,Low-Confidence (Filtered Out)
WT_Cand_11736,6.719,0.146,High-Confidence (Std <= 0.20)
WT_Cand_11737,6.459,0.09,High-Confidence (Std <= 0.20)
WT_Cand_11738,9.096,0.045,High-Confidence (Std <= 0.20)
WT_Cand_11739,5.441,0.033,High-Confidence (Std <= 0.20)
WT_Cand_11740,7.005,0.343,Low-Confidence (Filtered Out)
WT_Cand_11741,6.829,0.111,High-Confidence (Std <= 0.20)
WT_Cand_11742,6.715,0.219,Low-Confidence (Filtered Out)
WT_Cand_11743,6.725,0.049,High-Confidence (Std <= 0.20)
WT_Cand_11744,6.717,0.067,High-Confidence (Std <= 0.20)
WT_Cand_11745,7.854,0.102,High-Confidence (Std <= 0.20)
WT_Cand_11746,7.55,0.13,High-Confidence (Std <= 0.20)
WT_Cand_11747,7.332,0.019,High-Confidence (Std <= 0.20)
WT_Cand_11748,3.361,0.023,High-Confidence (Std <= 0.20)
WT_Cand_11749,7.195,0.063,High-Confidence (Std <= 0.20)
WT_Cand_11750,4.946,0.167,High-Confidence (Std <= 0.20)
WT_Cand_11751,7.593,0.207,Low-Confidence (Filtered Out)
WT_Cand_11752,8.546,0.216,Low-Confidence (Filtered Out)
WT_Cand_11753,5.785,0.304,Low-Confidence (Filtered Out)
WT_Cand_11754,6.549,0.027,High-Confidence (Std <= 0.20)
WT_Cand_11755,6.161,0.146,High-Confidence (Std <= 0.20)
WT_Cand_11756,8.271,0.177,High-Confidence (Std <= 0.20)
WT_Cand_11757,6.959,0.534,Low-Confidence (Filtered Out)
WT_Cand_11758,8.838,0.322,Low-Confidence (Filtered Out)
WT_Cand_11759,7.326,0.116,High-Confidence (Std <= 0.20)
WT_Cand_11760,7.129,0.104,High-Confidence (Std <= 0.20)
WT_Cand_11761,6.928,0.043,High-Confidence (Std <= 0.20)
WT_Cand_11762,7.791,0.08,High-Confidence (Std <= 0.20)
WT_Cand_11763,4.852,0.205,Low-Confidence (Filtered Out)
WT_Cand_11764,6.948,0.172,High-Confidence (Std <= 0.20)
WT_Cand_11765,6.769,0.061,High-Confidence (Std <= 0.20)
WT_Cand_11766,7.684,0.046,High-Confidence (Std <= 0.20)
WT_Cand_11767,6.634,0.238,Low-Confidence (Filtered Out)
WT_Cand_11768,5.655,0.189,High-Confidence (Std <= 0.20)
WT_Cand_11769,6.858,0.067,High-Confidence (Std <= 0.20)
WT_Cand_11770,5.605,0.242,Low-Confidence (Filtered Out)
WT_Cand_11771,4.636,0.129,High-Confidence (Std <= 0.20)
WT_Cand_11772,7.686,0.114,High-Confidence (Std <= 0.20)
WT_Cand_11773,7.516,0.014,High-Confidence (Std <= 0.20)
WT_Cand_11774,7.387,0.155,High-Confidence (Std <= 0.20)
WT_Cand_11775,8.348,0.067,High-Confidence (Std <= 0.20)
WT_Cand_11776,6.085,0.122,High-Confidence (Std <= 0.20)
WT_Cand_11777,5.204,0.192,High-Confidence (Std <= 0.20)
WT_Cand_11778,6.769,0.068,High-Confidence (Std <= 0.20)
WT_Cand_11779,6.45,0.049,High-Confidence (Std <= 0.20)
WT_Cand_11780,5.881,0.04,High-Confidence (Std <= 0.20)
WT_Cand_11781,6.758,0.437,Low-Confidence (Filtered Out)
WT_Cand_11782,6.147,0.079,High-Confidence (Std <= 0.20)
WT_Cand_11783,4.739,0.093,High-Confidence (Std <= 0.20)
WT_Cand_11784,6.343,0.168,High-Confidence (Std <= 0.20)
WT_Cand_11785,5.543,0.276,Low-Confidence (Filtered Out)
WT_Cand_11786,7.116,0.187,High-Confidence (Std <= 0.20)
WT_Cand_11787,6.096,0.061,High-Confidence (Std <= 0.20)
WT_Cand_11788,8.128,0.056,High-Confidence (Std <= 0.20)
WT_Cand_11789,8.694,0.094,High-Confidence (Std <= 0.20)
WT_Cand_11790,7.631,0.351,Low-Confidence (Filtered Out)
WT_Cand_11791,5.066,0.164,High-Confidence (Std <= 0.20)
WT_Cand_11792,8.581,0.133,High-Confidence (Std <= 0.20)
WT_Cand_11793,8.662,0.096,High-Confidence (Std <= 0.20)
WT_Cand_11794,6.872,0.21,Low-Confidence (Filtered Out)
WT_Cand_11795,8.371,0.173,High-Confidence (Std <= 0.20)
WT_Cand_11796,6.216,0.317,Low-Confidence (Filtered Out)
WT_Cand_11797,4.704,0.01,High-Confidence (Std <= 0.20)
WT_Cand_11798,5.976,0.395,Low-Confidence (Filtered Out)
WT_Cand_11799,8.839,0.194,High-Confidence (Std <= 0.20)
WT_Cand_11800,5.135,0.155,High-Confidence (Std <= 0.20)
WT_Cand_11801,6.849,0.107,High-Confidence (Std <= 0.20)
WT_Cand_11802,6.889,0.007,High-Confidence (Std <= 0.20)
WT_Cand_11803,6.26,0.156,High-Confidence (Std <= 0.20)
WT_Cand_11804,6.34,0.156,High-Confidence (Std <= 0.20)
WT_Cand_11805,6.933,0.563,Low-Confidence (Filtered Out)
WT_Cand_11806,6.204,0.045,High-Confidence (Std <= 0.20)
WT_Cand_11807,5.215,0.083,High-Confidence (Std <= 0.20)
WT_Cand_11808,7.097,0.181,High-Confidence (Std <= 0.20)
WT_Cand_11809,8.084,0.381,Low-Confidence (Filtered Out)
WT_Cand_11810,7.85,0.173,High-Confidence (Std <= 0.20)
WT_Cand_11811,5.919,0.119,High-Confidence (Std <= 0.20)
WT_Cand_11812,5.411,0.034,High-Confidence (Std <= 0.20)
WT_Cand_11813,6.523,0.15,High-Confidence (Std <= 0.20)
WT_Cand_11814,8.653,0.056,High-Confidence (Std <= 0.20)
WT_Cand_11815,7.592,0.067,High-Confidence (Std <= 0.20)
WT_Cand_11816,7.66,0.159,High-Confidence (Std <= 0.20)
WT_Cand_11817,7.873,0.119,High-Confidence (Std <= 0.20)
WT_Cand_11818,7.334,0.175,High-Confidence (Std <= 0.20)
WT_Cand_11819,6.989,0.092,High-Confidence (Std <= 0.20)
WT_Cand_11820,7.612,0.149,High-Confidence (Std <= 0.20)
WT_Cand_11821,6.222,0.052,High-Confidence (Std <= 0.20)
WT_Cand_11822,5.223,0.061,High-Confidence (Std <= 0.20)
WT_Cand_11823,7.681,0.318,Low-Confidence (Filtered Out)
WT_Cand_11824,8.273,0.554,Low-Confidence (Filtered Out)
WT_Cand_11825,5.564,0.504,Low-Confidence (Filtered Out)
WT_Cand_11826,7.795,0.074,High-Confidence (Std <= 0.20)
WT_Cand_11827,8.783,0.204,Low-Confidence (Filtered Out)
WT_Cand_11828,6.847,0.087,High-Confidence (Std <= 0.20)
WT_Cand_11829,5.909,0.151,High-Confidence (Std <= 0.20)
WT_Cand_11830,6.991,0.151,High-Confidence (Std <= 0.20)
WT_Cand_11831,6.217,0.118,High-Confidence (Std <= 0.20)
WT_Cand_11832,6.141,0.112,High-Confidence (Std <= 0.20)
WT_Cand_11833,7.348,0.081,High-Confidence (Std <= 0.20)
WT_Cand_11834,5.006,0.207,Low-Confidence (Filtered Out)
WT_Cand_11835,5.189,0.276,Low-Confidence (Filtered Out)
WT_Cand_11836,6.872,0.118,High-Confidence (Std <= 0.20)
WT_Cand_11837,6.824,0.421,Low-Confidence (Filtered Out)
WT_Cand_11838,7.245,0.157,High-Confidence (Std <= 0.20)
WT_Cand_11839,9.007,0.365,Low-Confidence (Filtered Out)
WT_Cand_11840,6.97,0.159,High-Confidence (Std <= 0.20)
WT_Cand_11841,7.538,0.001,High-Confidence (Std <= 0.20)
WT_Cand_11842,5.728,0.377,Low-Confidence (Filtered Out)
WT_Cand_11843,7.733,0.109,High-Confidence (Std <= 0.20)
WT_Cand_11844,6.245,0.104,High-Confidence (Std <= 0.20)
WT_Cand_11845,6.932,0.033,High-Confidence (Std <= 0.20)
WT_Cand_11846,6.725,0.287,Low-Confidence (Filtered Out)
WT_Cand_11847,8.038,0.037,High-Confidence (Std <= 0.20)
WT_Cand_11848,5.344,0.374,Low-Confidence (Filtered Out)
WT_Cand_11849,4.224,0.106,High-Confidence (Std <= 0.20)
WT_Cand_11850,6.605,0.275,Low-Confidence (Filtered Out)
WT_Cand_11851,7.389,0.05,High-Confidence (Std <= 0.20)
WT_Cand_11852,7.025,0.397,Low-Confidence (Filtered Out)
WT_Cand_11853,8.267,0.229,Low-Confidence (Filtered Out)
WT_Cand_11854,7.353,0.102,High-Confidence (Std <= 0.20)
WT_Cand_11855,6.202,0.335,Low-Confidence (Filtered Out)
WT_Cand_11856,4.176,0.157,High-Confidence (Std <= 0.20)
WT_Cand_11857,6.577,0.512,Low-Confidence (Filtered Out)
WT_Cand_11858,8.032,0.071,High-Confidence (Std <= 0.20)
WT_Cand_11859,6.399,0.31,Low-Confidence (Filtered Out)
WT_Cand_11860,6.883,0.25,Low-Confidence (Filtered Out)
WT_Cand_11861,7.335,0.022,High-Confidence (Std <= 0.20)
WT_Cand_11862,5.682,0.032,High-Confidence (Std <= 0.20)
WT_Cand_11863,7.567,0.097,High-Confidence (Std <= 0.20)
WT_Cand_11864,8.733,0.192,High-Confidence (Std <= 0.20)
WT_Cand_11865,6.651,0.27,Low-Confidence (Filtered Out)
WT_Cand_11866,5.552,0.188,High-Confidence (Std <= 0.20)
WT_Cand_11867,6.773,0.306,Low-Confidence (Filtered Out)
WT_Cand_11868,4.292,0.114,High-Confidence (Std <= 0.20)
WT_Cand_11869,7.237,0.276,Low-Confidence (Filtered Out)
WT_Cand_11870,7.37,0.155,High-Confidence (Std <= 0.20)
WT_Cand_11871,8.777,0.097,High-Confidence (Std <= 0.20)
WT_Cand_11872,6.627,0.033,High-Confidence (Std <= 0.20)
WT_Cand_11873,7.32,0.012,High-Confidence (Std <= 0.20)
WT_Cand_11874,5.86,0.111,High-Confidence (Std <= 0.20)
WT_Cand_11875,6.44,0.164,High-Confidence (Std <= 0.20)
WT_Cand_11876,5.096,0.068,High-Confidence (Std <= 0.20)
WT_Cand_11877,6.626,0.09,High-Confidence (Std <= 0.20)
WT_Cand_11878,6.499,0.099,High-Confidence (Std <= 0.20)
WT_Cand_11879,7.194,0.045,High-Confidence (Std <= 0.20)
WT_Cand_11880,6.133,0.064,High-Confidence (Std <= 0.20)
WT_Cand_11881,6.946,0.237,Low-Confidence (Filtered Out)
WT_Cand_11882,6.467,0.123,High-Confidence (Std <= 0.20)
WT_Cand_11883,6.469,0.188,High-Confidence (Std <= 0.20)
WT_Cand_11884,6.942,0.017,High-Confidence (Std <= 0.20)
WT_Cand_11885,6.897,0.353,Low-Confidence (Filtered Out)
WT_Cand_11886,7.725,0.147,High-Confidence (Std <= 0.20)
WT_Cand_11887,6.711,0.268,Low-Confidence (Filtered Out)
WT_Cand_11888,6.448,0.037,High-Confidence (Std <= 0.20)
WT_Cand_11889,6.642,0.212,Low-Confidence (Filtered Out)
WT_Cand_11890,6.028,0.099,High-Confidence (Std <= 0.20)
WT_Cand_11891,6.436,0.598,Low-Confidence (Filtered Out)
WT_Cand_11892,9.186,0.074,High-Confidence (Std <= 0.20)
WT_Cand_11893,5.8,0.153,High-Confidence (Std <= 0.20)
WT_Cand_11894,6.53,0.042,High-Confidence (Std <= 0.20)
WT_Cand_11895,6.404,0.151,High-Confidence (Std <= 0.20)
WT_Cand_11896,6.566,0.132,High-Confidence (Std <= 0.20)
WT_Cand_11897,6.469,0.327,Low-Confidence (Filtered Out)
WT_Cand_11898,7.171,0.16,High-Confidence (Std <= 0.20)
WT_Cand_11899,4.883,0.102,High-Confidence (Std <= 0.20)
WT_Cand_11900,8.043,0.13,High-Confidence (Std <= 0.20)
WT_Cand_11901,7.577,0.016,High-Confidence (Std <= 0.20)
WT_Cand_11902,5.421,0.169,High-Confidence (Std <= 0.20)
WT_Cand_11903,4.241,0.291,Low-Confidence (Filtered Out)
WT_Cand_11904,5.726,0.156,High-Confidence (Std <= 0.20)
WT_Cand_11905,6.571,0.021,High-Confidence (Std <= 0.20)
WT_Cand_11906,9.817,0.187,High-Confidence (Std <= 0.20)
WT_Cand_11907,7.475,0.194,High-Confidence (Std <= 0.20)
WT_Cand_11908,4.771,0.209,Low-Confidence (Filtered Out)
WT_Cand_11909,6.057,0.13,High-Confidence (Std <= 0.20)
WT_Cand_11910,6.789,0.166,High-Confidence (Std <= 0.20)
WT_Cand_11911,7.142,0.193,High-Confidence (Std <= 0.20)
WT_Cand_11912,5.338,0.054,High-Confidence (Std <= 0.20)
WT_Cand_11913,6.695,0.064,High-Confidence (Std <= 0.20)
WT_Cand_11914,6.025,0.212,Low-Confidence (Filtered Out)
WT_Cand_11915,5.581,0.063,High-Confidence (Std <= 0.20)
WT_Cand_11916,7.149,0.122,High-Confidence (Std <= 0.20)
WT_Cand_11917,7.74,0.209,Low-Confidence (Filtered Out)
WT_Cand_11918,7.817,0.306,Low-Confidence (Filtered Out)
WT_Cand_11919,7.511,0.077,High-Confidence (Std <= 0.20)
WT_Cand_11920,6.278,0.061,High-Confidence (Std <= 0.20)
WT_Cand_11921,7.672,0.21,Low-Confidence (Filtered Out)
WT_Cand_11922,7.205,0.319,Low-Confidence (Filtered Out)
WT_Cand_11923,7.004,0.021,High-Confidence (Std <= 0.20)
WT_Cand_11924,6.147,0.141,High-Confidence (Std <= 0.20)
WT_Cand_11925,6.279,0.432,Low-Confidence (Filtered Out)
WT_Cand_11926,6.935,0.056,High-Confidence (Std <= 0.20)
WT_Cand_11927,9.656,0.217,Low-Confidence (Filtered Out)
WT_Cand_11928,7.196,0.127,High-Confidence (Std <= 0.20)
WT_Cand_11929,6.147,0.13,High-Confidence (Std <= 0.20)
WT_Cand_11930,5.893,0.114,High-Confidence (Std <= 0.20)
WT_Cand_11931,6.284,0.175,High-Confidence (Std <= 0.20)
WT_Cand_11932,9.354,0.329,Low-Confidence (Filtered Out)
WT_Cand_11933,6.391,0.058,High-Confidence (Std <= 0.20)
WT_Cand_11934,7.893,0.064,High-Confidence (Std <= 0.20)
WT_Cand_11935,6.418,0.17,High-Confidence (Std <= 0.20)
WT_Cand_11936,7.15,0.178,High-Confidence (Std <= 0.20)
WT_Cand_11937,7.761,0.113,High-Confidence (Std <= 0.20)
WT_Cand_11938,6.192,0.293,Low-Confidence (Filtered Out)
WT_Cand_11939,6.113,0.071,High-Confidence (Std <= 0.20)
WT_Cand_11940,8.758,0.066,High-Confidence (Std <= 0.20)
WT_Cand_11941,7.982,0.154,High-Confidence (Std <= 0.20)
WT_Cand_11942,7.759,0.056,High-Confidence (Std <= 0.20)
WT_Cand_11943,7.755,0.724,Low-Confidence (Filtered Out)
WT_Cand_11944,7.379,0.03,High-Confidence (Std <= 0.20)
WT_Cand_11945,9.17,0.398,Low-Confidence (Filtered Out)
WT_Cand_11946,6.9,0.068,High-Confidence (Std <= 0.20)
WT_Cand_11947,7.514,0.029,High-Confidence (Std <= 0.20)
WT_Cand_11948,5.181,0.167,High-Confidence (Std <= 0.20)
WT_Cand_11949,5.901,0.111,High-Confidence (Std <= 0.20)
WT_Cand_11950,5.469,0.574,Low-Confidence (Filtered Out)
WT_Cand_11951,8.315,0.189,High-Confidence (Std <= 0.20)
WT_Cand_11952,3.915,0.108,High-Confidence (Std <= 0.20)
WT_Cand_11953,6.387,0.128,High-Confidence (Std <= 0.20)
WT_Cand_11954,3.407,0.008,High-Confidence (Std <= 0.20)
WT_Cand_11955,5.894,0.005,High-Confidence (Std <= 0.20)
WT_Cand_11956,6.285,0.02,High-Confidence (Std <= 0.20)
WT_Cand_11957,8.443,0.114,High-Confidence (Std <= 0.20)
WT_Cand_11958,7.306,0.138,High-Confidence (Std <= 0.20)
WT_Cand_11959,5.892,0.194,High-Confidence (Std <= 0.20)
WT_Cand_11960,8.076,0.241,Low-Confidence (Filtered Out)
WT_Cand_11961,6.871,0.009,High-Confidence (Std <= 0.20)
WT_Cand_11962,6.893,0.174,High-Confidence (Std <= 0.20)
WT_Cand_11963,5.467,0.351,Low-Confidence (Filtered Out)
WT_Cand_11964,5.711,0.092,High-Confidence (Std <= 0.20)
WT_Cand_11965,5.901,0.692,Low-Confidence (Filtered Out)
WT_Cand_11966,6.903,0.129,High-Confidence (Std <= 0.20)
WT_Cand_11967,6.94,0.073,High-Confidence (Std <= 0.20)
WT_Cand_11968,8.626,0.27,Low-Confidence (Filtered Out)
WT_Cand_11969,7.293,0.194,High-Confidence (Std <= 0.20)
WT_Cand_11970,3.736,0.364,Low-Confidence (Filtered Out)
WT_Cand_11971,7.152,0.24,Low-Confidence (Filtered Out)
WT_Cand_11972,5.182,0.139,High-Confidence (Std <= 0.20)
WT_Cand_11973,5.739,0.248,Low-Confidence (Filtered Out)
WT_Cand_11974,5.916,0.017,High-Confidence (Std <= 0.20)
WT_Cand_11975,6.087,0.207,Low-Confidence (Filtered Out)
WT_Cand_11976,5.269,0.124,High-Confidence (Std <= 0.20)
WT_Cand_11977,7.084,0.033,High-Confidence (Std <= 0.20)
WT_Cand_11978,5.228,0.234,Low-Confidence (Filtered Out)
WT_Cand_11979,7.26,0.325,Low-Confidence (Filtered Out)
WT_Cand_11980,9.423,0.1,High-Confidence (Std <= 0.20)
WT_Cand_11981,5.321,0.055,High-Confidence (Std <= 0.20)
WT_Cand_11982,6.523,0.29,Low-Confidence (Filtered Out)
WT_Cand_11983,3.948,0.054,High-Confidence (Std <= 0.20)
WT_Cand_11984,6.504,0.139,High-Confidence (Std <= 0.20)
WT_Cand_11985,7.589,0.134,High-Confidence (Std <= 0.20)
WT_Cand_11986,7.679,0.051,High-Confidence (Std <= 0.20)
WT_Cand_11987,6.939,0.029,High-Confidence (Std <= 0.20)
WT_Cand_11988,7.873,0.263,Low-Confidence (Filtered Out)
WT_Cand_11989,9.778,0.182,High-Confidence (Std <= 0.20)
WT_Cand_11990,8.819,0.088,High-Confidence (Std <= 0.20)
WT_Cand_11991,6.249,0.091,High-Confidence (Std <= 0.20)
WT_Cand_11992,5.181,0.194,High-Confidence (Std <= 0.20)
WT_Cand_11993,6.383,0.079,High-Confidence (Std <= 0.20)
WT_Cand_11994,5.761,0.111,High-Confidence (Std <= 0.20)
WT_Cand_11995,7.369,0.072,High-Confidence (Std <= 0.20)
WT_Cand_11996,5.492,0.101,High-Confidence (Std <= 0.20)
WT_Cand_11997,6.766,0.109,High-Confidence (Std <= 0.20)
WT_Cand_11998,7.814,0.201,Low-Confidence (Filtered Out)
WT_Cand_11999,6.734,0.068,High-Confidence (Std <= 0.20)
WT_Cand_12000,5.762,0.304,Low-Confidence (Filtered Out)
WT_Cand_12001,8.201,0.197,High-Confidence (Std <= 0.20)
WT_Cand_12002,4.689,0.125,High-Confidence (Std <= 0.20)
WT_Cand_12003,6.473,0.103,High-Confidence (Std <= 0.20)
WT_Cand_12004,6.802,0.089,High-Confidence (Std <= 0.20)
WT_Cand_12005,6.868,0.262,Low-Confidence (Filtered Out)
WT_Cand_12006,7.058,0.079,High-Confidence (Std <= 0.20)
WT_Cand_12007,7.552,0.009,High-Confidence (Std <= 0.20)
WT_Cand_12008,6.809,0.077,High-Confidence (Std <= 0.20)
WT_Cand_12009,6.427,0.372,Low-Confidence (Filtered Out)
WT_Cand_12010,6.381,0.041,High-Confidence (Std <= 0.20)
WT_Cand_12011,6.147,0.448,Low-Confidence (Filtered Out)
WT_Cand_12012,7.756,0.084,High-Confidence (Std <= 0.20)
WT_Cand_12013,6.106,0.079,High-Confidence (Std <= 0.20)
WT_Cand_12014,7.824,0.511,Low-Confidence (Filtered Out)
WT_Cand_12015,6.872,0.156,High-Confidence (Std <= 0.20)
WT_Cand_12016,6.251,0.248,Low-Confidence (Filtered Out)
WT_Cand_12017,7.561,0.05,High-Confidence (Std <= 0.20)
WT_Cand_12018,6.013,0.094,High-Confidence (Std <= 0.20)
WT_Cand_12019,7.584,0.006,High-Confidence (Std <= 0.20)
WT_Cand_12020,7.095,0.072,High-Confidence (Std <= 0.20)
WT_Cand_12021,6.164,0.097,High-Confidence (Std <= 0.20)
WT_Cand_12022,7.458,0.088,High-Confidence (Std <= 0.20)
WT_Cand_12023,7.479,0.111,High-Confidence (Std <= 0.20)
WT_Cand_12024,8.181,0.094,High-Confidence (Std <= 0.20)
WT_Cand_12025,7.961,0.069,High-Confidence (Std <= 0.20)
WT_Cand_12026,7.415,0.142,High-Confidence (Std <= 0.20)
WT_Cand_12027,5.553,0.171,High-Confidence (Std <= 0.20)
WT_Cand_12028,9.666,0.355,Low-Confidence (Filtered Out)
WT_Cand_12029,5.236,0.006,High-Confidence (Std <= 0.20)
WT_Cand_12030,7.942,0.073,High-Confidence (Std <= 0.20)
WT_Cand_12031,7.346,0.258,Low-Confidence (Filtered Out)
WT_Cand_12032,5.5,0.134,High-Confidence (Std <= 0.20)
WT_Cand_12033,6.707,0.076,High-Confidence (Std <= 0.20)
WT_Cand_12034,6.759,0.281,Low-Confidence (Filtered Out)
WT_Cand_12035,8.351,0.13,High-Confidence (Std <= 0.20)
WT_Cand_12036,6.03,0.229,Low-Confidence (Filtered Out)
WT_Cand_12037,6.549,0.116,High-Confidence (Std <= 0.20)
WT_Cand_12038,4.164,0.006,High-Confidence (Std <= 0.20)
WT_Cand_12039,8.845,0.362,Low-Confidence (Filtered Out)
WT_Cand_12040,5.619,0.103,High-Confidence (Std <= 0.20)
WT_Cand_12041,7.226,0.02,High-Confidence (Std <= 0.20)
WT_Cand_12042,6.733,0.071,High-Confidence (Std <= 0.20)
WT_Cand_12043,6.737,0.045,High-Confidence (Std <= 0.20)
WT_Cand_12044,7.781,0.003,High-Confidence (Std <= 0.20)
WT_Cand_12045,8.772,0.091,High-Confidence (Std <= 0.20)
WT_Cand_12046,7.139,0.007,High-Confidence (Std <= 0.20)
WT_Cand_12047,7.603,0.09,High-Confidence (Std <= 0.20)
WT_Cand_12048,7.228,0.154,High-Confidence (Std <= 0.20)
WT_Cand_12049,8.02,0.151,High-Confidence (Std <= 0.20)
WT_Cand_12050,6.318,0.061,High-Confidence (Std <= 0.20)
WT_Cand_12051,8.087,0.029,High-Confidence (Std <= 0.20)
WT_Cand_12052,8.127,0.248,Low-Confidence (Filtered Out)
WT_Cand_12053,8.095,0.178,High-Confidence (Std <= 0.20)
WT_Cand_12054,6.091,0.075,High-Confidence (Std <= 0.20)
WT_Cand_12055,6.656,0.015,High-Confidence (Std <= 0.20)
WT_Cand_12056,7.125,0.038,High-Confidence (Std <= 0.20)
WT_Cand_12057,5.274,0.457,Low-Confidence (Filtered Out)
WT_Cand_12058,8.684,0.231,Low-Confidence (Filtered Out)
WT_Cand_12059,6.836,0.156,High-Confidence (Std <= 0.20)
WT_Cand_12060,7.177,0.045,High-Confidence (Std <= 0.20)
WT_Cand_12061,6.186,0.046,High-Confidence (Std <= 0.20)
WT_Cand_12062,5.324,0.256,Low-Confidence (Filtered Out)
WT_Cand_12063,6.155,0.393,Low-Confidence (Filtered Out)
WT_Cand_12064,7.102,0.259,Low-Confidence (Filtered Out)
WT_Cand_12065,7.624,0.088,High-Confidence (Std <= 0.20)
WT_Cand_12066,7.036,0.054,High-Confidence (Std <= 0.20)
WT_Cand_12067,7.249,0.04,High-Confidence (Std <= 0.20)
WT_Cand_12068,6.462,0.08,High-Confidence (Std <= 0.20)
WT_Cand_12069,7.421,0.045,High-Confidence (Std <= 0.20)
WT_Cand_12070,8.555,0.13,High-Confidence (Std <= 0.20)
WT_Cand_12071,7.661,0.116,High-Confidence (Std <= 0.20)
WT_Cand_12072,7.781,0.552,Low-Confidence (Filtered Out)
WT_Cand_12073,7.188,0.26,Low-Confidence (Filtered Out)
WT_Cand_12074,5.121,0.132,High-Confidence (Std <= 0.20)
WT_Cand_12075,5.649,0.548,Low-Confidence (Filtered Out)
WT_Cand_12076,7.373,0.178,High-Confidence (Std <= 0.20)
WT_Cand_12077,6.837,0.042,High-Confidence (Std <= 0.20)
WT_Cand_12078,7.356,0.245,Low-Confidence (Filtered Out)
WT_Cand_12079,8.778,0.029,High-Confidence (Std <= 0.20)
WT_Cand_12080,7.685,0.172,High-Confidence (Std <= 0.20)
WT_Cand_12081,8.298,0.2,High-Confidence (Std <= 0.20)
WT_Cand_12082,6.959,0.246,Low-Confidence (Filtered Out)
WT_Cand_12083,5.922,0.199,High-Confidence (Std <= 0.20)
WT_Cand_12084,6.783,0.166,High-Confidence (Std <= 0.20)
WT_Cand_12085,5.925,0.064,High-Confidence (Std <= 0.20)
WT_Cand_12086,8.642,0.147,High-Confidence (Std <= 0.20)
WT_Cand_12087,7.759,0.247,Low-Confidence (Filtered Out)
WT_Cand_12088,7.449,0.166,High-Confidence (Std <= 0.20)
WT_Cand_12089,8.271,0.214,Low-Confidence (Filtered Out)
WT_Cand_12090,4.527,0.208,Low-Confidence (Filtered Out)
WT_Cand_12091,7.526,0.275,Low-Confidence (Filtered Out)
WT_Cand_12092,5.343,0.017,High-Confidence (Std <= 0.20)
WT_Cand_12093,6.842,0.169,High-Confidence (Std <= 0.20)
WT_Cand_12094,6.492,0.53,Low-Confidence (Filtered Out)
WT_Cand_12095,7.611,0.14,High-Confidence (Std <= 0.20)
WT_Cand_12096,7.112,0.142,High-Confidence (Std <= 0.20)
WT_Cand_12097,8.397,0.094,High-Confidence (Std <= 0.20)
WT_Cand_12098,6.158,0.088,High-Confidence (Std <= 0.20)
WT_Cand_12099,7.665,0.433,Low-Confidence (Filtered Out)
WT_Cand_12100,7.037,0.006,High-Confidence (Std <= 0.20)
WT_Cand_12101,4.969,0.159,High-Confidence (Std <= 0.20)
WT_Cand_12102,5.794,0.097,High-Confidence (Std <= 0.20)
WT_Cand_12103,6.678,0.012,High-Confidence (Std <= 0.20)
WT_Cand_12104,8.129,0.246,Low-Confidence (Filtered Out)
WT_Cand_12105,7.383,0.114,High-Confidence (Std <= 0.20)
WT_Cand_12106,5.507,0.156,High-Confidence (Std <= 0.20)
WT_Cand_12107,6.689,0.081,High-Confidence (Std <= 0.20)
WT_Cand_12108,9.17,0.181,High-Confidence (Std <= 0.20)
WT_Cand_12109,6.978,0.202,Low-Confidence (Filtered Out)
WT_Cand_12110,6.474,0.037,High-Confidence (Std <= 0.20)
WT_Cand_12111,7.416,0.037,High-Confidence (Std <= 0.20)
WT_Cand_12112,7.728,0.08,High-Confidence (Std <= 0.20)
WT_Cand_12113,6.325,0.389,Low-Confidence (Filtered Out)
WT_Cand_12114,7.428,0.085,High-Confidence (Std <= 0.20)
WT_Cand_12115,6.472,0.082,High-Confidence (Std <= 0.20)
WT_Cand_12116,7.677,0.065,High-Confidence (Std <= 0.20)
WT_Cand_12117,7.045,0.456,Low-Confidence (Filtered Out)
WT_Cand_12118,7.404,0.143,High-Confidence (Std <= 0.20)
WT_Cand_12119,5.977,0.295,Low-Confidence (Filtered Out)
WT_Cand_12120,5.906,0.318,Low-Confidence (Filtered Out)
WT_Cand_12121,7.937,0.042,High-Confidence (Std <= 0.20)
WT_Cand_12122,6.759,0.057,High-Confidence (Std <= 0.20)
WT_Cand_12123,7.178,0.155,High-Confidence (Std <= 0.20)
WT_Cand_12124,6.498,0.04,High-Confidence (Std <= 0.20)
WT_Cand_12125,7.884,0.055,High-Confidence (Std <= 0.20)
WT_Cand_12126,6.151,0.089,High-Confidence (Std <= 0.20)
WT_Cand_12127,6.694,0.058,High-Confidence (Std <= 0.20)
WT_Cand_12128,7.754,0.03,High-Confidence (Std <= 0.20)
WT_Cand_12129,8.199,0.067,High-Confidence (Std <= 0.20)
WT_Cand_12130,6.248,0.129,High-Confidence (Std <= 0.20)
WT_Cand_12131,9.104,0.046,High-Confidence (Std <= 0.20)
WT_Cand_12132,7.21,0.071,High-Confidence (Std <= 0.20)
WT_Cand_12133,5.651,0.096,High-Confidence (Std <= 0.20)
WT_Cand_12134,7.274,0.466,Low-Confidence (Filtered Out)
WT_Cand_12135,6.41,0.053,High-Confidence (Std <= 0.20)
WT_Cand_12136,7.349,0.352,Low-Confidence (Filtered Out)
WT_Cand_12137,6.801,0.006,High-Confidence (Std <= 0.20)
WT_Cand_12138,6.935,0.237,Low-Confidence (Filtered Out)
WT_Cand_12139,5.802,0.202,Low-Confidence (Filtered Out)
WT_Cand_12140,7.989,0.237,Low-Confidence (Filtered Out)
WT_Cand_12141,5.52,0.214,Low-Confidence (Filtered Out)
WT_Cand_12142,5.575,0.277,Low-Confidence (Filtered Out)
WT_Cand_12143,7.272,0.086,High-Confidence (Std <= 0.20)
WT_Cand_12144,8.693,0.357,Low-Confidence (Filtered Out)
WT_Cand_12145,6.445,0.056,High-Confidence (Std <= 0.20)
WT_Cand_12146,7.656,0.008,High-Confidence (Std <= 0.20)
WT_Cand_12147,8.084,0.011,High-Confidence (Std <= 0.20)
WT_Cand_12148,7.787,0.142,High-Confidence (Std <= 0.20)
WT_Cand_12149,6.492,0.186,High-Confidence (Std <= 0.20)
WT_Cand_12150,5.595,0.248,Low-Confidence (Filtered Out)
WT_Cand_12151,4.311,0.137,High-Confidence (Std <= 0.20)
WT_Cand_12152,6.548,0.062,High-Confidence (Std <= 0.20)
WT_Cand_12153,8.205,0.243,Low-Confidence (Filtered Out)
WT_Cand_12154,5.557,0.124,High-Confidence (Std <= 0.20)
WT_Cand_12155,7.655,0.058,High-Confidence (Std <= 0.20)
WT_Cand_12156,5.757,0.176,High-Confidence (Std <= 0.20)
WT_Cand_12157,6.972,0.12,High-Confidence (Std <= 0.20)
WT_Cand_12158,7.664,0.893,Low-Confidence (Filtered Out)
WT_Cand_12159,6.092,0.693,Low-Confidence (Filtered Out)
WT_Cand_12160,7.046,0.053,High-Confidence (Std <= 0.20)
WT_Cand_12161,6.373,0.01,High-Confidence (Std <= 0.20)
WT_Cand_12162,7.661,0.041,High-Confidence (Std <= 0.20)
WT_Cand_12163,7.121,0.014,High-Confidence (Std <= 0.20)
WT_Cand_12164,6.915,0.2,High-Confidence (Std <= 0.20)
WT_Cand_12165,8.642,0.33,Low-Confidence (Filtered Out)
WT_Cand_12166,7.612,0.041,High-Confidence (Std <= 0.20)
WT_Cand_12167,6.056,0.308,Low-Confidence (Filtered Out)
WT_Cand_12168,6.751,0.027,High-Confidence (Std <= 0.20)
WT_Cand_12169,6.763,0.3,Low-Confidence (Filtered Out)
WT_Cand_12170,6.942,0.05,High-Confidence (Std <= 0.20)
WT_Cand_12171,9.753,0.132,High-Confidence (Std <= 0.20)
WT_Cand_12172,7.276,0.249,Low-Confidence (Filtered Out)
WT_Cand_12173,4.509,0.087,High-Confidence (Std <= 0.20)
WT_Cand_12174,6.226,0.024,High-Confidence (Std <= 0.20)
WT_Cand_12175,4.628,0.59,Low-Confidence (Filtered Out)
WT_Cand_12176,6.471,0.024,High-Confidence (Std <= 0.20)
WT_Cand_12177,4.565,0.462,Low-Confidence (Filtered Out)
WT_Cand_12178,5.848,0.197,High-Confidence (Std <= 0.20)
WT_Cand_12179,5.101,0.334,Low-Confidence (Filtered Out)
WT_Cand_12180,7.292,0.216,Low-Confidence (Filtered Out)
WT_Cand_12181,6.851,0.025,High-Confidence (Std <= 0.20)
WT_Cand_12182,7.198,0.015,High-Confidence (Std <= 0.20)
WT_Cand_12183,6.73,0.061,High-Confidence (Std <= 0.20)
WT_Cand_12184,5.247,0.005,High-Confidence (Std <= 0.20)
WT_Cand_12185,7.441,0.137,High-Confidence (Std <= 0.20)
WT_Cand_12186,9.061,0.145,High-Confidence (Std <= 0.20)
WT_Cand_12187,7.321,0.098,High-Confidence (Std <= 0.20)
WT_Cand_12188,6.36,0.04,High-Confidence (Std <= 0.20)
WT_Cand_12189,5.208,0.163,High-Confidence (Std <= 0.20)
WT_Cand_12190,5.806,0.05,High-Confidence (Std <= 0.20)
WT_Cand_12191,7.371,0.127,High-Confidence (Std <= 0.20)
WT_Cand_12192,8.084,0.047,High-Confidence (Std <= 0.20)
WT_Cand_12193,7.15,0.082,High-Confidence (Std <= 0.20)
WT_Cand_12194,7.77,0.821,Low-Confidence (Filtered Out)
WT_Cand_12195,7.664,0.268,Low-Confidence (Filtered Out)
WT_Cand_12196,7.433,0.027,High-Confidence (Std <= 0.20)
WT_Cand_12197,6.093,0.471,Low-Confidence (Filtered Out)
WT_Cand_12198,7.05,0.213,Low-Confidence (Filtered Out)
WT_Cand_12199,5.874,0.092,High-Confidence (Std <= 0.20)
WT_Cand_12200,6.87,0.108,High-Confidence (Std <= 0.20)
WT_Cand_12201,7.23,0.163,High-Confidence (Std <= 0.20)
WT_Cand_12202,8.781,0.465,Low-Confidence (Filtered Out)
WT_Cand_12203,5.344,0.194,High-Confidence (Std <= 0.20)
WT_Cand_12204,7.404,0.061,High-Confidence (Std <= 0.20)
WT_Cand_12205,8.553,0.092,High-Confidence (Std <= 0.20)
WT_Cand_12206,7.723,0.062,High-Confidence (Std <= 0.20)
WT_Cand_12207,7.808,0.168,High-Confidence (Std <= 0.20)
WT_Cand_12208,7.526,0.209,Low-Confidence (Filtered Out)
WT_Cand_12209,8.343,0.211,Low-Confidence (Filtered Out)
WT_Cand_12210,5.599,0.364,Low-Confidence (Filtered Out)
WT_Cand_12211,5.256,0.201,Low-Confidence (Filtered Out)
WT_Cand_12212,6.843,0.038,High-Confidence (Std <= 0.20)
WT_Cand_12213,4.365,0.38,Low-Confidence (Filtered Out)
WT_Cand_12214,8.265,0.11,High-Confidence (Std <= 0.20)
WT_Cand_12215,8.254,0.124,High-Confidence (Std <= 0.20)
WT_Cand_12216,6.352,0.087,High-Confidence (Std <= 0.20)
WT_Cand_12217,6.424,0.054,High-Confidence (Std <= 0.20)
WT_Cand_12218,6.767,0.059,High-Confidence (Std <= 0.20)
WT_Cand_12219,6.91,0.278,Low-Confidence (Filtered Out)
WT_Cand_12220,6.996,0.137,High-Confidence (Std <= 0.20)
WT_Cand_12221,7.492,0.09,High-Confidence (Std <= 0.20)
WT_Cand_12222,6.651,0.37,Low-Confidence (Filtered Out)
WT_Cand_12223,7.935,0.201,Low-Confidence (Filtered Out)
WT_Cand_12224,7.363,0.1,High-Confidence (Std <= 0.20)
WT_Cand_12225,6.152,0.405,Low-Confidence (Filtered Out)
WT_Cand_12226,8.385,0.341,Low-Confidence (Filtered Out)
WT_Cand_12227,5.288,0.09,High-Confidence (Std <= 0.20)
WT_Cand_12228,6.744,0.069,High-Confidence (Std <= 0.20)
WT_Cand_12229,7.962,0.225,Low-Confidence (Filtered Out)
WT_Cand_12230,6.018,0.085,High-Confidence (Std <= 0.20)
WT_Cand_12231,7.206,0.139,High-Confidence (Std <= 0.20)
WT_Cand_12232,7.475,0.115,High-Confidence (Std <= 0.20)
WT_Cand_12233,5.86,0.143,High-Confidence (Std <= 0.20)
WT_Cand_12234,6.767,0.433,Low-Confidence (Filtered Out)
WT_Cand_12235,6.67,0.141,High-Confidence (Std <= 0.20)
WT_Cand_12236,6.216,0.249,Low-Confidence (Filtered Out)
WT_Cand_12237,9.497,0.15,High-Confidence (Std <= 0.20)
WT_Cand_12238,5.972,0.137,High-Confidence (Std <= 0.20)
WT_Cand_12239,8.006,0.04,High-Confidence (Std <= 0.20)
WT_Cand_12240,6.398,0.014,High-Confidence (Std <= 0.20)
WT_Cand_12241,5.6,0.058,High-Confidence (Std <= 0.20)
WT_Cand_12242,6.968,0.009,High-Confidence (Std <= 0.20)
WT_Cand_12243,7.596,0.061,High-Confidence (Std <= 0.20)
WT_Cand_12244,7.909,0.139,High-Confidence (Std <= 0.20)
WT_Cand_12245,8.647,0.078,High-Confidence (Std <= 0.20)
WT_Cand_12246,10.237,0.012,High-Confidence (Std <= 0.20)
WT_Cand_12247,7.138,0.971,Low-Confidence (Filtered Out)
WT_Cand_12248,6.087,0.12,High-Confidence (Std <= 0.20)
WT_Cand_12249,7.371,0.117,High-Confidence (Std <= 0.20)
WT_Cand_12250,6.544,0.346,Low-Confidence (Filtered Out)
WT_Cand_12251,7.915,0.304,Low-Confidence (Filtered Out)
WT_Cand_12252,5.358,0.117,High-Confidence (Std <= 0.20)
WT_Cand_12253,9.574,0.129,High-Confidence (Std <= 0.20)
WT_Cand_12254,7.834,0.527,Low-Confidence (Filtered Out)
WT_Cand_12255,4.913,0.119,High-Confidence (Std <= 0.20)
WT_Cand_12256,6.035,0.289,Low-Confidence (Filtered Out)
WT_Cand_12257,7.788,0.071,High-Confidence (Std <= 0.20)
WT_Cand_12258,8.203,0.047,High-Confidence (Std <= 0.20)
WT_Cand_12259,5.387,0.204,Low-Confidence (Filtered Out)
WT_Cand_12260,7.67,0.285,Low-Confidence (Filtered Out)
WT_Cand_12261,4.611,0.03,High-Confidence (Std <= 0.20)
WT_Cand_12262,6.747,0.196,High-Confidence (Std <= 0.20)
WT_Cand_12263,8.129,0.074,High-Confidence (Std <= 0.20)
WT_Cand_12264,6.216,0.004,High-Confidence (Std <= 0.20)
WT_Cand_12265,5.117,0.033,High-Confidence (Std <= 0.20)
WT_Cand_12266,7.018,0.087,High-Confidence (Std <= 0.20)
WT_Cand_12267,6.155,0.284,Low-Confidence (Filtered Out)
WT_Cand_12268,7.574,0.226,Low-Confidence (Filtered Out)
WT_Cand_12269,5.832,0.028,High-Confidence (Std <= 0.20)
WT_Cand_12270,5.961,0.206,Low-Confidence (Filtered Out)
WT_Cand_12271,4.526,0.052,High-Confidence (Std <= 0.20)
WT_Cand_12272,7.045,0.19,High-Confidence (Std <= 0.20)
WT_Cand_12273,6.665,0.057,High-Confidence (Std <= 0.20)
WT_Cand_12274,5.483,0.496,Low-Confidence (Filtered Out)
WT_Cand_12275,7.073,0.063,High-Confidence (Std <= 0.20)
WT_Cand_12276,8.031,0.093,High-Confidence (Std <= 0.20)
WT_Cand_12277,6.602,0.052,High-Confidence (Std <= 0.20)
WT_Cand_12278,7.158,0.209,Low-Confidence (Filtered Out)
WT_Cand_12279,7.164,0.049,High-Confidence (Std <= 0.20)
WT_Cand_12280,5.465,0.012,High-Confidence (Std <= 0.20)
WT_Cand_12281,9.215,0.178,High-Confidence (Std <= 0.20)
WT_Cand_12282,6.309,0.172,High-Confidence (Std <= 0.20)
WT_Cand_12283,7.605,0.039,High-Confidence (Std <= 0.20)
WT_Cand_12284,7.735,0.053,High-Confidence (Std <= 0.20)
WT_Cand_12285,6.689,0.103,High-Confidence (Std <= 0.20)
WT_Cand_12286,7.548,0.218,Low-Confidence (Filtered Out)
WT_Cand_12287,7.133,0.597,Low-Confidence (Filtered Out)
WT_Cand_12288,5.22,0.217,Low-Confidence (Filtered Out)
WT_Cand_12289,6.468,0.24,Low-Confidence (Filtered Out)
WT_Cand_12290,6.146,0.251,Low-Confidence (Filtered Out)
WT_Cand_12291,6.319,0.481,Low-Confidence (Filtered Out)
WT_Cand_12292,5.35,0.144,High-Confidence (Std <= 0.20)
WT_Cand_12293,8.145,0.173,High-Confidence (Std <= 0.20)
WT_Cand_12294,8.692,0.052,High-Confidence (Std <= 0.20)
WT_Cand_12295,7.975,0.04,High-Confidence (Std <= 0.20)
WT_Cand_12296,8.311,0.077,High-Confidence (Std <= 0.20)
WT_Cand_12297,6.454,0.258,Low-Confidence (Filtered Out)
WT_Cand_12298,6.118,0.27,Low-Confidence (Filtered Out)
WT_Cand_12299,5.955,0.131,High-Confidence (Std <= 0.20)
WT_Cand_12300,7.591,0.325,Low-Confidence (Filtered Out)
WT_Cand_12301,7.111,0.086,High-Confidence (Std <= 0.20)
WT_Cand_12302,6.761,0.035,High-Confidence (Std <= 0.20)
WT_Cand_12303,8.339,0.219,Low-Confidence (Filtered Out)
WT_Cand_12304,7.316,0.166,High-Confidence (Std <= 0.20)
WT_Cand_12305,5.886,0.17,High-Confidence (Std <= 0.20)
WT_Cand_12306,6.067,0.496,Low-Confidence (Filtered Out)
WT_Cand_12307,7.634,0.169,High-Confidence (Std <= 0.20)
WT_Cand_12308,8.048,0.295,Low-Confidence (Filtered Out)
WT_Cand_12309,7.484,0.165,High-Confidence (Std <= 0.20)
WT_Cand_12310,9.031,0.025,High-Confidence (Std <= 0.20)
WT_Cand_12311,8.73,0.109,High-Confidence (Std <= 0.20)
WT_Cand_12312,7.357,0.08,High-Confidence (Std <= 0.20)
WT_Cand_12313,5.886,0.42,Low-Confidence (Filtered Out)
WT_Cand_12314,5.344,0.44,Low-Confidence (Filtered Out)
WT_Cand_12315,6.405,0.472,Low-Confidence (Filtered Out)
WT_Cand_12316,7.716,0.156,High-Confidence (Std <= 0.20)
WT_Cand_12317,8.951,0.006,High-Confidence (Std <= 0.20)
WT_Cand_12318,7.33,0.196,High-Confidence (Std <= 0.20)
WT_Cand_12319,8.194,0.09,High-Confidence (Std <= 0.20)
WT_Cand_12320,6.568,0.149,High-Confidence (Std <= 0.20)
WT_Cand_12321,7.566,0.045,High-Confidence (Std <= 0.20)
WT_Cand_12322,7.797,0.413,Low-Confidence (Filtered Out)
WT_Cand_12323,4.573,0.254,Low-Confidence (Filtered Out)
WT_Cand_12324,6.375,0.108,High-Confidence (Std <= 0.20)
WT_Cand_12325,7.942,0.058,High-Confidence (Std <= 0.20)
WT_Cand_12326,7.166,0.281,Low-Confidence (Filtered Out)
WT_Cand_12327,5.474,0.327,Low-Confidence (Filtered Out)
WT_Cand_12328,4.055,0.09,High-Confidence (Std <= 0.20)
WT_Cand_12329,6.429,0.061,High-Confidence (Std <= 0.20)
WT_Cand_12330,6.768,0.157,High-Confidence (Std <= 0.20)
WT_Cand_12331,5.833,0.189,High-Confidence (Std <= 0.20)
WT_Cand_12332,7.015,0.036,High-Confidence (Std <= 0.20)
WT_Cand_12333,7.432,0.302,Low-Confidence (Filtered Out)
WT_Cand_12334,7.621,0.112,High-Confidence (Std <= 0.20)
WT_Cand_12335,4.141,0.364,Low-Confidence (Filtered Out)
WT_Cand_12336,5.339,0.369,Low-Confidence (Filtered Out)
WT_Cand_12337,6.5,0.344,Low-Confidence (Filtered Out)
WT_Cand_12338,7.508,0.022,High-Confidence (Std <= 0.20)
WT_Cand_12339,7.413,0.032,High-Confidence (Std <= 0.20)
WT_Cand_12340,7.393,0.269,Low-Confidence (Filtered Out)
WT_Cand_12341,6.409,0.268,Low-Confidence (Filtered Out)
WT_Cand_12342,6.473,0.04,High-Confidence (Std <= 0.20)
WT_Cand_12343,6.012,0.127,High-Confidence (Std <= 0.20)
WT_Cand_12344,7.733,0.316,Low-Confidence (Filtered Out)
WT_Cand_12345,5.791,0.216,Low-Confidence (Filtered Out)
WT_Cand_12346,7.828,0.263,Low-Confidence (Filtered Out)
WT_Cand_12347,7.089,0.188,High-Confidence (Std <= 0.20)
WT_Cand_12348,6.798,0.224,Low-Confidence (Filtered Out)
